TransactionID,AccountID,CustomerID,TxType,Amount,TxDate,Channel,Description
T0000001,A00001,C0001,WITHDRAWAL,1373.27,2018-05-27,mobile,Syndicate Bleeding-Edge Infrastructures
T0000002,A00001,C0001,deposit,4551.91,07-31-2017,mobile,Grow Extensible Relationships
T0000003,A00001,C0001,DEPOSIT,6548.41,2017-04-25,mobile,Deploy Back-End Eyeballs
T0000004,A00001,C0001,withdrawal,633.83,2019-01-15,atm,Monetize Value-Added Synergies
T0000005,A00001,C0001,transfer,3976.5,2018-06-12,branch,Mesh Global Convergence
T0000006,A00001,C0001,deposit,4604.64,2020-10-24,mobile,Envisioneer Collaborative Users
T0000007,A00001,C0001,payment,1145.87,2019-05-28,atm,Implement Holistic Info-Mediaries
T0000008,A00001,C0001,withdrawal,6527.49,2020-08-13,branch,Monetize Value-Added E-Commerce
T0000009,A00001,C0001,WITHDRAWAL,,01-18-2019,branch,Exploit Distributed Metrics
T0000010,A00001,C0001,WITHDRAWAL,7717.31,2021-01-19,atm,Enhance Clicks-And-Mortar Schemas
T0000011,A00001,C0001,transfer,5070.56,12-12-2018,branch,Disintermediate Dynamic E-Markets
T0000012,A00001,C0001,withdrawal,6535.63,2019-05-02,mobile,Matrix User-Centric Interfaces
T0000013,A00001,C0001,deposit,8479.57,2019-10-10,branch,Incentivize Granular Experiences
T0000014,A00001,C0001,transfer,234.79,2023-04-29,mobile,Synergize Enterprise E-Services
T0000015,A00001,C0001,deposit,11975.4,08-16-2023,online,Morph Strategic E-Commerce
T0000016,A00001,C0001,payment,2387.19,11-11-2024,mobile,Whiteboard Web-Enabled Deliverables
T0000017,A00001,C0001,transfer,1951.33,03-29-2017,branch,Engineer Real-Time Technologies
T0000018,A00001,C0001,withdrawal,3028.39,2023-09-13,mobile,Visualize Real-Time E-Markets
T0000019,A00001,C0001,withdrawal,3218.42,05-21-2022,mobile,Aggregate Innovative Roi
T0000020,A00001,C0001,DEPOSIT,14528.0,2021-10-10,online,Enable Distributed Initiatives
T0000021,A00001,C0001,transfer,5267.66,11-26-2016,atm,Whiteboard Ubiquitous E-Business
T0000022,A00001,C0001,transfer,373.49,07-18-2017,mobile,Grow Real-Time E-Business
T0000023,A00001,C0001,withdrawal,6373.92,2024-02-13,online,Synthesize Dynamic Vortals
T0000024,A00001,C0001,DEPOSIT,,2015-10-19,branch,Utilize B2C Markets
T0000025,A00001,C0001,withdrawal,3715.24,2020-09-04,branch,Incubate Vertical Roi
T0000026,A00002,C0002,WITHDRAWAL,2377.55,2023-05-04,online,Transform Front-End Niches
T0000027,A00002,C0002,PAYMENT,2193.15,08-05-2023,atm,Enable Visionary Synergies
T0000028,A00002,C0002,withdrawal,6278.47,2024-02-22,mobile,Enhance E-Business Eyeballs
T0000029,A00002,C0002,withdrawal,3516.56,03-30-2024,mobile,Implement Rich E-Tailers
T0000030,A00002,C0002,deposit,718.01,2024-02-29,online,Facilitate Next-Generation Content
T0000031,A00002,C0002,payment,1947.43,2023-05-02,branch,Generate Rich Relationships
T0000032,A00002,C0002,withdrawal,4424.24,12-14-2023,atm,Target Robust Supply-Chains
T0000033,A00002,C0002,withdrawal,3707.19,11-02-2024,mobile,Evolve B2B Markets
T0000034,A00002,C0002,DEPOSIT,,2023-10-14,mobile,Empower Impactful Partnerships
T0000035,A00002,C0002,transfer,7067.12,2023-05-08,mobile,Incubate Collaborative Roi
T0000036,A00002,C0002,withdrawal,55.51,2024-12-05,branch,Aggregate Dot-Com Architectures
T0000037,A00002,C0002,deposit,10571.21,11-05-2023,online,E-Enable Value-Added Initiatives
T0000038,A00002,C0002,deposit,13086.09,2024-11-20,branch,Revolutionize Interactive Architectures
T0000039,A00002,C0002,withdrawal,3671.25,2024-04-17,atm,Revolutionize Visionary Action-Items
T0000040,A00002,C0002,WITHDRAWAL,5120.09,08-22-2024,mobile,Extend Robust Solutions
T0000041,A00002,C0002,withdrawal,931.57,12-24-2024,atm,Target Mission-Critical Deliverables
T0000042,A00002,C0002,transfer,6513.63,2024-07-20,atm,Repurpose Best-Of-Breed Info-Mediaries
T0000043,A00002,C0002,transfer,5383.44,2024-12-28,atm,Synergize Extensible Vortals
T0000044,A00002,C0002,deposit,1798.39,08-07-2023,atm,Leverage Revolutionary Schemas
T0000045,A00003,C0003,withdrawal,4779.48,2021-01-13,mobile,Mesh 24/7 Portals
T0000046,A00003,C0003,deposit,9550.75,2020-01-19,branch,Syndicate Seamless Solutions
T0000047,A00003,C0003,deposit,4368.08,07-12-2021,branch,Disintermediate Scalable Web Services
T0000048,A00003,C0003,PAYMENT,1862.04,2018-11-01,atm,Architect One-To-One Action-Items
T0000049,A00003,C0003,withdrawal,1577.13,06-01-2015,mobile,Whiteboard User-Centric Vortals
T0000050,A00003,C0003,WITHDRAWAL,3969.86,2021-08-09,mobile,Implement Frictionless Niches
T0000051,A00003,C0003,transfer,3561.94,2019-12-20,branch,Benchmark 24/7 Interfaces
T0000052,A00003,C0003,withdrawal,6371.13,2016-03-26,branch,Generate Interactive Synergies
T0000053,A00003,C0003,deposit,3411.41,08-01-2018,atm,Integrate Collaborative Metrics
T0000054,A00003,C0003,payment,1701.29,2017-03-11,mobile,Orchestrate Out-Of-The-Box Infrastructures
T0000055,A00003,C0003,withdrawal,4590.26,06-21-2021,atm,Incentivize Granular Models
T0000056,A00003,C0003,WITHDRAWAL,7927.33,12-31-2023,online,Evolve Cross-Platform Functionalities
T0000057,A00004,C0003,deposit,6406.06,2022-01-23,branch,Streamline Leading-Edge Convergence
T0000058,A00004,C0003,payment,106.37,04-11-2019,atm,Visualize B2C Users
T0000059,A00004,C0003,payment,270.08,11-05-2019,online,Generate Sticky Channels
T0000060,A00004,C0003,payment,637.54,2024-08-19,atm,Synthesize Bleeding-Edge Vortals
T0000061,A00004,C0003,transfer,3436.77,2023-11-28,branch,Engage Cross-Media Systems
T0000062,A00004,C0003,deposit,3143.79,09-26-2024,online,Drive Dynamic Web-Readiness
T0000063,A00004,C0003,withdrawal,2263.06,2022-05-01,branch,Scale Enterprise Convergence
T0000064,A00004,C0003,FEE,18.17,07-26-2019,atm,Drive Global Portals
T0000065,A00004,C0003,FEE,35.57,2021-09-15,online,Productize Revolutionary Models
T0000066,A00004,C0003,fee,,2017-06-16,online,Unleash Visionary Schemas
T0000067,A00004,C0003,payment,389.4,2019-01-17,branch,Envisioneer Holistic Solutions
T0000068,A00004,C0003,deposit,4865.35,2018-09-26,branch,Maximize Viral Users
T0000069,A00004,C0003,payment,1184.18,2024-06-22,branch,Seize World-Class Bandwidth
T0000070,A00004,C0003,transfer,5029.95,2022-05-31,mobile,Empower Granular Partnerships
T0000071,A00004,C0003,deposit,11929.25,2021-01-02,online,Mesh B2C Systems
T0000072,A00004,C0003,withdrawal,2240.24,06-15-2020,atm,Envisioneer Back-End Users
T0000073,A00004,C0003,FEE,19.73,2021-01-13,online,Disintermediate Ubiquitous Synergies
T0000074,A00004,C0003,PAYMENT,288.49,2024-08-13,mobile,Revolutionize Enterprise Roi
T0000075,A00004,C0003,TRANSFER,2878.62,2023-01-21,online,Matrix Vertical E-Business
T0000076,A00004,C0003,withdrawal,1758.28,2024-11-10,mobile,Iterate Bricks-And-Clicks E-Business
T0000077,A00004,C0003,withdrawal,2596.46,2018-04-24,atm,Incentivize World-Class Partnerships
T0000078,A00004,C0003,withdrawal,1062.14,09-22-2019,mobile,Repurpose Integrated Solutions
T0000079,A00005,C0004,transfer,406.31,2024-10-16,online,Mesh Rich Schemas
T0000080,A00005,C0004,payment,,01-16-2024,online,Orchestrate Front-End Vortals
T0000081,A00005,C0004,PAYMENT,1329.44,2024-11-21,online,Deploy World-Class Initiatives
T0000082,A00005,C0004,withdrawal,7965.64,12-21-2024,branch,Transform Innovative Paradigms
T0000083,A00005,C0004,transfer,1288.64,10-04-2024,atm,E-Enable End-To-End Roi
T0000084,A00005,C0004,transfer,2018.11,2022-07-19,atm,Cultivate Robust Solutions
T0000085,A00005,C0004,payment,,2024-02-24,mobile,Transform Holistic Solutions
T0000086,A00005,C0004,withdrawal,5601.54,01-15-2024,branch,Transform Robust Networks
T0000087,A00005,C0004,transfer,5635.51,2023-06-28,online,Visualize Integrated Web Services
T0000088,A00005,C0004,withdrawal,1078.94,2022-11-19,branch,Synthesize Dot-Com Markets
T0000089,A00005,C0004,TRANSFER,94.11,2023-09-28,atm,Disintermediate Magnetic Metrics
T0000090,A00005,C0004,deposit,12912.09,07-29-2024,branch,Unleash Intuitive Synergies
T0000091,A00005,C0004,DEPOSIT,5776.9,08-17-2023,online,Re-Contextualize Best-Of-Breed Experiences
T0000092,A00005,C0004,withdrawal,7050.29,2022-07-29,branch,Synthesize Strategic Bandwidth
T0000093,A00005,C0004,transfer,6030.2,2023-05-11,branch,Exploit Leading-Edge Relationships
T0000094,A00005,C0004,fee,11.43,2024-01-31,online,Engage Next-Generation Relationships
T0000095,A00005,C0004,TRANSFER,3531.99,2023-12-30,branch,Generate Leading-Edge E-Business
T0000096,A00005,C0004,transfer,7360.76,2024-01-18,mobile,Empower Revolutionary Partnerships
T0000097,A00006,C0005,payment,428.64,2012-12-29,online,E-Enable Seamless Partnerships
T0000098,A00006,C0005,transfer,2825.25,2024-04-09,mobile,Architect Mission-Critical Platforms
T0000099,A00007,C0005,deposit,9687.08,12-15-2013,branch,Drive Bleeding-Edge Users
T0000100,A00007,C0005,transfer,5775.01,03-26-2023,atm,Synergize Dynamic Solutions
T0000101,A00007,C0005,payment,1978.63,2011-06-03,atm,Mesh Interactive Networks
T0000102,A00008,C0006,TRANSFER,1525.4,09-26-2020,mobile,Whiteboard Virtual Schemas
T0000103,A00008,C0006,TRANSFER,6274.74,03-31-2018,branch,Extend Next-Generation Platforms
T0000104,A00009,C0007,DEPOSIT,7518.76,10-06-2022,online,Revolutionize Synergistic Methodologies
T0000105,A00009,C0007,payment,46.08,2024-05-11,atm,Target Cutting-Edge Platforms
T0000106,A00009,C0007,deposit,12919.17,2021-12-26,mobile,Leverage Viral Schemas
T0000107,A00009,C0007,WITHDRAWAL,,2022-07-14,mobile,Strategize Cross-Platform Web Services
T0000108,A00009,C0007,deposit,1059.61,04-03-2019,atm,Leverage Visionary Convergence
T0000109,A00009,C0007,deposit,954.01,2020-11-08,mobile,Productize Turn-Key Schemas
T0000110,A00009,C0007,deposit,10703.8,02-13-2024,mobile,Harness Out-Of-The-Box E-Markets
T0000111,A00009,C0007,transfer,677.77,2023-03-09,branch,Engineer User-Centric Vortals
T0000112,A00009,C0007,deposit,1231.37,07-19-2021,branch,Expedite Web-Enabled Networks
T0000113,A00009,C0007,withdrawal,3138.04,2020-03-06,online,Incubate Killer Architectures
T0000114,A00009,C0007,transfer,5845.07,11-30-2021,branch,Revolutionize Dot-Com Relationships
T0000115,A00009,C0007,deposit,13873.18,2019-02-01,online,Grow Customized Interfaces
T0000116,A00009,C0007,transfer,459.13,07-10-2023,branch,Implement Robust Technologies
T0000117,A00009,C0007,deposit,2101.32,2019-10-11,online,Expedite Vertical Deliverables
T0000118,A00009,C0007,withdrawal,2786.71,2020-04-10,atm,Enable Seamless Synergies
T0000119,A00009,C0007,withdrawal,6003.22,04-22-2020,atm,Monetize Magnetic E-Tailers
T0000120,A00009,C0007,transfer,254.26,2019-10-05,mobile,Iterate Turn-Key Web-Readiness
T0000121,A00009,C0007,withdrawal,2118.34,2021-06-27,online,Revolutionize Efficient Schemas
T0000122,A00009,C0007,withdrawal,2893.79,2024-01-01,mobile,Deliver B2C Platforms
T0000123,A00009,C0007,DEPOSIT,2401.78,10-16-2024,online,Integrate Ubiquitous Convergence
T0000124,A00009,C0007,transfer,940.36,2024-11-14,online,Orchestrate Global Portals
T0000125,A00009,C0007,payment,46.74,2018-12-06,online,Disintermediate Interactive E-Services
T0000126,A00009,C0007,withdrawal,7363.41,2023-09-23,branch,Morph Seamless Infrastructures
T0000127,A00010,C0008,payment,2144.92,03-19-2024,mobile,Maximize Wireless Networks
T0000128,A00010,C0008,withdrawal,3341.73,2023-04-17,atm,Redefine Killer Partnerships
T0000129,A00010,C0008,payment,1718.89,2023-06-04,online,Drive World-Class Info-Mediaries
T0000130,A00010,C0008,transfer,440.32,2024-01-27,branch,Reinvent Holistic Networks
T0000131,A00010,C0008,withdrawal,386.51,2024-12-01,mobile,Transition Mission-Critical Metrics
T0000132,A00010,C0008,payment,2599.44,11-09-2022,atm,Visualize Seamless Paradigms
T0000133,A00010,C0008,deposit,6878.36,2023-08-01,atm,Drive Enterprise Infrastructures
T0000134,A00010,C0008,deposit,11778.38,2023-03-24,branch,Revolutionize Leading-Edge Supply-Chains
T0000135,A00010,C0008,WITHDRAWAL,7775.42,2023-12-19,branch,Seize User-Centric E-Markets
T0000136,A00011,C0008,deposit,13989.34,09-13-2023,online,Re-Contextualize 24/7 E-Services
T0000137,A00011,C0008,withdrawal,5094.82,2023-08-31,online,Extend Value-Added Functionalities
T0000138,A00011,C0008,deposit,9876.69,2023-12-14,atm,Revolutionize Enterprise Markets
T0000139,A00011,C0008,deposit,14747.58,2023-04-21,mobile,Monetize Revolutionary Vortals
T0000140,A00011,C0008,fee,48.77,2024-05-22,branch,Incubate B2C Vortals
T0000141,A00011,C0008,deposit,13823.05,2023-10-18,mobile,Deliver Magnetic Eyeballs
T0000142,A00011,C0008,PAYMENT,1380.79,2024-12-22,online,Streamline Impactful Systems
T0000143,A00011,C0008,deposit,2046.03,2024-08-21,mobile,Engineer E-Business E-Services
T0000144,A00011,C0008,transfer,517.02,2023-03-22,branch,Brand Distributed Interfaces
T0000145,A00011,C0008,deposit,12771.16,2023-09-04,mobile,Orchestrate End-To-End Supply-Chains
T0000146,A00011,C0008,payment,985.49,2024-12-22,mobile,Evolve Collaborative Networks
T0000147,A00011,C0008,deposit,14156.14,10-10-2023,branch,Extend Scalable Schemas
T0000148,A00011,C0008,deposit,1629.58,2024-08-25,mobile,Strategize Back-End Infrastructures
T0000149,A00011,C0008,withdrawal,983.48,2024-04-26,atm,Strategize User-Centric Channels
T0000150,A00011,C0008,WITHDRAWAL,3717.51,2023-08-05,online,Engineer Global Info-Mediaries
T0000151,A00011,C0008,DEPOSIT,10306.52,2023-04-07,online,Engage 24/365 Models
T0000152,A00011,C0008,payment,990.1,2023-08-13,online,Strategize 24/365 Schemas
T0000153,A00011,C0008,FEE,22.83,09-16-2023,online,Re-Intermediate Interactive Action-Items
T0000154,A00011,C0008,deposit,12310.34,11-28-2024,branch,Optimize Real-Time E-Commerce
T0000155,A00011,C0008,fee,43.46,2023-02-05,branch,Harness E-Business Initiatives
T0000156,A00011,C0008,withdrawal,6435.1,04-11-2023,branch,Repurpose Transparent E-Commerce
T0000157,A00011,C0008,deposit,12464.07,05-09-2023,branch,Disintermediate Cross-Media Solutions
T0000158,A00011,C0008,deposit,6038.7,2023-05-18,online,Harness Cross-Media Metrics
T0000159,A00011,C0008,transfer,7341.08,2024-08-23,online,Visualize Proactive Content
T0000160,A00011,C0008,fee,13.9,2023-01-27,mobile,Leverage Cross-Media E-Business
T0000161,A00012,C0009,payment,2489.77,2024-07-27,atm,Transition Visionary E-Business
T0000162,A00012,C0009,deposit,6941.87,2024-08-04,branch,Orchestrate Visionary Paradigms
T0000163,A00013,C0009,WITHDRAWAL,3074.18,10-14-2024,mobile,Re-Contextualize Bleeding-Edge Solutions
T0000164,A00013,C0009,withdrawal,7268.27,2024-08-18,atm,Innovate Out-Of-The-Box Eyeballs
T0000165,A00013,C0009,WITHDRAWAL,1206.08,09-14-2024,branch,Engineer Strategic Initiatives
T0000166,A00013,C0009,deposit,6209.28,12-17-2024,mobile,Extend Scalable Action-Items
T0000167,A00013,C0009,DEPOSIT,5776.08,07-20-2024,mobile,Re-Intermediate B2B Technologies
T0000168,A00013,C0009,transfer,6381.64,08-25-2024,branch,Implement Cross-Platform Initiatives
T0000169,A00013,C0009,FEE,29.46,2024-12-13,online,Monetize Customized Info-Mediaries
T0000170,A00013,C0009,payment,1083.75,2024-10-10,mobile,Utilize Open-Source E-Tailers
T0000171,A00013,C0009,payment,1512.16,2024-10-01,mobile,Extend Killer E-Tailers
T0000172,A00013,C0009,deposit,4817.22,2024-09-12,branch,Incubate Back-End Schemas
T0000173,A00013,C0009,payment,2337.83,07-12-2024,online,Syndicate B2B Web Services
T0000174,A00013,C0009,WITHDRAWAL,6139.4,2024-11-02,branch,Utilize Enterprise Applications
T0000175,A00013,C0009,DEPOSIT,9870.12,2024-08-14,atm,Productize Revolutionary Portals
T0000176,A00013,C0009,payment,2752.61,2024-11-18,online,Leverage Leading-Edge Technologies
T0000177,A00013,C0009,withdrawal,7861.66,08-30-2024,mobile,Aggregate Real-Time Markets
T0000178,A00013,C0009,PAYMENT,2974.71,10-03-2024,branch,Target Value-Added Partnerships
T0000179,A00013,C0009,deposit,4804.17,2024-08-19,atm,Synergize Real-Time Web Services
T0000180,A00013,C0009,deposit,,12-03-2024,branch,Iterate Bricks-And-Clicks Platforms
T0000181,A00013,C0009,payment,2511.72,2024-11-26,mobile,Utilize Distributed Experiences
T0000182,A00013,C0009,withdrawal,3933.68,2024-11-20,online,Synergize Bleeding-Edge Architectures
T0000183,A00013,C0009,deposit,3321.19,07-19-2024,mobile,Deliver Mission-Critical Vortals
T0000184,A00014,C0009,payment,612.38,2024-07-17,branch,Synthesize E-Business Roi
T0000185,A00014,C0009,transfer,7351.87,2024-07-20,atm,Aggregate Ubiquitous Schemas
T0000186,A00014,C0009,deposit,8819.81,2024-05-09,branch,Re-Contextualize Vertical Paradigms
T0000187,A00014,C0009,deposit,7918.11,2024-11-08,atm,Incentivize Extensible Supply-Chains
T0000188,A00014,C0009,deposit,10582.84,12-25-2024,mobile,Synthesize Impactful Communities
T0000189,A00014,C0009,deposit,4561.39,2024-09-21,branch,Utilize Cross-Media Methodologies
T0000190,A00014,C0009,deposit,14232.97,2024-12-29,mobile,Seize Synergistic Functionalities
T0000191,A00014,C0009,withdrawal,5663.32,10-07-2024,atm,Monetize Web-Enabled Mindshare
T0000192,A00015,C0010,transfer,1419.31,2022-09-02,atm,Empower Leading-Edge Functionalities
T0000193,A00015,C0010,transfer,1036.24,2023-06-09,online,Morph Integrated Web-Readiness
T0000194,A00015,C0010,payment,1180.89,2023-01-29,online,Engage Efficient E-Services
T0000195,A00015,C0010,transfer,7369.88,2017-03-31,branch,Orchestrate Cross-Platform Interfaces
T0000196,A00015,C0010,withdrawal,7494.77,05-18-2022,branch,Repurpose Global Infrastructures
T0000197,A00015,C0010,transfer,1919.21,12-02-2018,atm,Drive Enterprise Deliverables
T0000198,A00015,C0010,transfer,7705.38,02-01-2017,atm,Innovate Bleeding-Edge E-Markets
T0000199,A00015,C0010,deposit,3184.78,2020-03-19,online,Incentivize B2C E-Commerce
T0000200,A00015,C0010,deposit,1665.12,2019-02-19,online,Monetize Open-Source Systems
T0000201,A00015,C0010,WITHDRAWAL,5866.02,09-30-2015,branch,Incubate End-To-End E-Tailers
T0000202,A00015,C0010,withdrawal,3042.13,11-06-2019,mobile,Visualize Global Applications
T0000203,A00015,C0010,payment,2368.3,2016-05-05,branch,Incubate 24/365 Channels
T0000204,A00015,C0010,withdrawal,6397.57,01-11-2017,online,Monetize Global E-Commerce
T0000205,A00015,C0010,deposit,3953.86,2018-07-06,online,Redefine B2B Experiences
T0000206,A00015,C0010,WITHDRAWAL,7105.69,01-14-2016,branch,Re-Contextualize Granular Vortals
T0000207,A00016,C0010,payment,2934.34,2021-11-07,atm,Optimize 24/7 Roi
T0000208,A00016,C0010,FEE,45.2,05-19-2022,online,Harness B2B Web-Readiness
T0000209,A00016,C0010,payment,503.34,2020-07-21,mobile,Engineer Turn-Key E-Markets
T0000210,A00016,C0010,deposit,4999.86,06-24-2017,branch,Deploy Seamless Systems
T0000211,A00016,C0010,transfer,5781.86,2020-04-22,atm,Extend Efficient Eyeballs
T0000212,A00016,C0010,DEPOSIT,3601.35,02-15-2023,online,Revolutionize Dynamic Platforms
T0000213,A00016,C0010,withdrawal,6722.04,2020-02-15,branch,Enable Viral Web-Readiness
T0000214,A00016,C0010,withdrawal,3432.3,2016-04-30,atm,Engineer Real-Time Metrics
T0000215,A00016,C0010,transfer,4809.72,12-15-2024,branch,Maximize Bleeding-Edge Metrics
T0000216,A00016,C0010,deposit,2603.94,10-21-2016,atm,Enhance Bleeding-Edge Methodologies
T0000217,A00017,C0011,payment,931.98,05-02-2022,mobile,Utilize Synergistic Infrastructures
T0000218,A00017,C0011,withdrawal,5295.1,2022-04-21,online,Scale Compelling Channels
T0000219,A00017,C0011,withdrawal,1495.35,2024-03-22,mobile,Deliver Collaborative Experiences
T0000220,A00017,C0011,deposit,717.02,03-02-2021,mobile,Disintermediate Viral Architectures
T0000221,A00017,C0011,DEPOSIT,12564.33,2022-03-28,online,Synthesize Collaborative Channels
T0000222,A00017,C0011,transfer,5346.4,2018-09-20,online,Leverage Dynamic E-Services
T0000223,A00017,C0011,withdrawal,4340.76,2024-07-07,branch,Integrate Transparent Synergies
T0000224,A00017,C0011,deposit,5837.24,2023-03-26,mobile,Re-Contextualize Real-Time E-Markets
T0000225,A00017,C0011,transfer,7492.16,2023-01-11,branch,Enhance 24/365 E-Tailers
T0000226,A00017,C0011,deposit,5952.33,2022-05-13,online,Optimize Virtual Systems
T0000227,A00018,C0011,payment,2403.35,03-21-2023,branch,Cultivate Holistic Vortals
T0000228,A00018,C0011,payment,,02-28-2018,branch,Cultivate Ubiquitous Action-Items
T0000229,A00018,C0011,payment,387.3,2019-03-10,mobile,Brand Wireless Paradigms
T0000230,A00018,C0011,FEE,24.59,09-09-2017,branch,Expedite Enterprise Vortals
T0000231,A00018,C0011,deposit,13666.53,2023-06-27,online,Strategize Robust Deliverables
T0000232,A00018,C0011,withdrawal,3190.89,10-15-2017,atm,Transform Customized Bandwidth
T0000233,A00018,C0011,withdrawal,7338.95,2019-11-29,online,Transition Revolutionary Action-Items
T0000234,A00018,C0011,TRANSFER,4190.04,2024-08-31,mobile,Mesh Impactful Paradigms
T0000235,A00018,C0011,WITHDRAWAL,1202.63,2018-01-27,online,Engage Integrated Deliverables
T0000236,A00018,C0011,withdrawal,825.9,12-30-2017,atm,Engineer Scalable Solutions
T0000237,A00018,C0011,payment,2634.9,2022-10-26,atm,Envisioneer Visionary Interfaces
T0000238,A00018,C0011,TRANSFER,4584.75,2021-02-08,mobile,Matrix Seamless Technologies
T0000239,A00018,C0011,deposit,6074.46,2017-03-26,mobile,Target Frictionless E-Commerce
T0000240,A00018,C0011,withdrawal,,2017-03-31,branch,Envisioneer Scalable Deliverables
T0000241,A00018,C0011,transfer,7368.26,2017-05-13,atm,Productize B2B Bandwidth
T0000242,A00018,C0011,withdrawal,6353.34,2017-01-14,atm,E-Enable Customized Infrastructures
T0000243,A00018,C0011,payment,2576.12,12-16-2019,online,Drive One-To-One Roi
T0000244,A00018,C0011,DEPOSIT,14614.58,2019-05-15,mobile,Revolutionize Global Interfaces
T0000245,A00018,C0011,DEPOSIT,6280.75,2020-05-30,online,Deploy World-Class Systems
T0000246,A00018,C0011,withdrawal,7309.19,2018-12-02,mobile,Utilize Virtual Bandwidth
T0000247,A00018,C0011,transfer,6940.17,2022-03-31,online,Benchmark 24/365 Bandwidth
T0000248,A00018,C0011,PAYMENT,206.19,08-04-2022,mobile,Evolve Dot-Com Vortals
T0000249,A00018,C0011,payment,1577.62,2018-05-02,online,Scale Granular Initiatives
T0000250,A00018,C0011,deposit,12502.3,10-05-2018,online,Evolve One-To-One Systems
T0000251,A00019,C0011,withdrawal,7345.89,2017-03-14,branch,Whiteboard Bricks-And-Clicks Infrastructures
T0000252,A00019,C0011,withdrawal,3724.46,2019-11-26,mobile,Mesh Integrated Mindshare
T0000253,A00020,C0012,deposit,5618.38,06-27-2022,mobile,Re-Intermediate Granular Architectures
T0000254,A00020,C0012,fee,26.36,2016-11-02,atm,Engage Enterprise Paradigms
T0000255,A00020,C0012,deposit,,2018-09-16,online,Revolutionize Frictionless Supply-Chains
T0000256,A00020,C0012,deposit,792.28,2018-01-16,branch,Maximize B2C Communities
T0000257,A00020,C0012,DEPOSIT,3415.43,06-16-2024,branch,Cultivate B2B Roi
T0000258,A00020,C0012,transfer,4115.98,11-12-2017,online,Revolutionize Scalable E-Markets
T0000259,A00020,C0012,payment,1945.64,2020-02-29,online,Monetize Extensible Systems
T0000260,A00020,C0012,deposit,12086.03,05-10-2017,atm,Envisioneer Viral Initiatives
T0000261,A00020,C0012,fee,33.92,2022-11-03,mobile,Productize End-To-End Solutions
T0000262,A00020,C0012,withdrawal,2802.7,2024-11-20,atm,Implement Dot-Com Synergies
T0000263,A00020,C0012,withdrawal,5424.03,04-17-2017,mobile,Target Rich Models
T0000264,A00021,C0012,withdrawal,5305.6,09-15-2015,atm,Incubate Clicks-And-Mortar Metrics
T0000265,A00021,C0012,transfer,4880.22,12-01-2021,atm,Matrix Rich Action-Items
T0000266,A00021,C0012,DEPOSIT,1004.36,2023-04-19,atm,Architect Collaborative Bandwidth
T0000267,A00021,C0012,withdrawal,2229.54,10-21-2022,atm,Deploy Visionary Infrastructures
T0000268,A00021,C0012,deposit,11493.84,09-25-2017,online,Expedite Clicks-And-Mortar Action-Items
T0000269,A00021,C0012,payment,2431.99,08-27-2024,mobile,Matrix Efficient E-Business
T0000270,A00021,C0012,withdrawal,1136.64,2023-01-11,online,Whiteboard Best-Of-Breed Markets
T0000271,A00021,C0012,withdrawal,2378.92,12-21-2022,mobile,Reinvent B2B Markets
T0000272,A00021,C0012,withdrawal,301.85,02-28-2020,branch,Visualize Cross-Media Paradigms
T0000273,A00021,C0012,TRANSFER,1794.46,2019-06-21,mobile,Orchestrate Robust Web Services
T0000274,A00021,C0012,withdrawal,2415.55,02-26-2023,branch,Maximize Seamless Supply-Chains
T0000275,A00022,C0012,DEPOSIT,1509.17,2021-06-14,branch,Redefine E-Business Markets
T0000276,A00022,C0012,deposit,12134.74,07-02-2023,branch,Transform Next-Generation Roi
T0000277,A00022,C0012,payment,1966.76,10-25-2022,branch,Leverage Front-End E-Business
T0000278,A00022,C0012,deposit,13077.91,2019-03-06,mobile,Repurpose Virtual Bandwidth
T0000279,A00022,C0012,payment,1121.33,2024-01-12,atm,Extend Bricks-And-Clicks Paradigms
T0000280,A00022,C0012,payment,,2020-05-23,online,Evolve Seamless Vortals
T0000281,A00023,C0013,withdrawal,6942.63,02-16-2023,mobile,Disintermediate Enterprise Partnerships
T0000282,A00023,C0013,deposit,858.23,01-25-2024,branch,Engineer Cutting-Edge Schemas
T0000283,A00023,C0013,fee,20.42,2022-12-19,mobile,Optimize Distributed Info-Mediaries
T0000284,A00023,C0013,withdrawal,5731.03,12-25-2022,online,Enable 24/7 Niches
T0000285,A00024,C0013,TRANSFER,1431.06,2023-10-14,online,Facilitate Transparent Deliverables
T0000286,A00024,C0013,withdrawal,1690.87,2022-11-12,branch,Architect Best-Of-Breed E-Business
T0000287,A00024,C0013,TRANSFER,3926.83,2024-06-20,online,Streamline Sticky Networks
T0000288,A00024,C0013,TRANSFER,5075.23,2023-03-20,mobile,Drive E-Business Info-Mediaries
T0000289,A00024,C0013,fee,22.25,2024-01-21,online,Drive Front-End E-Commerce
T0000290,A00024,C0013,deposit,5627.87,2024-05-07,online,Expedite Turn-Key Portals
T0000291,A00024,C0013,transfer,4257.65,10-03-2023,online,Mesh Synergistic Channels
T0000292,A00024,C0013,deposit,11017.37,2024-09-30,branch,Re-Intermediate Rich Deliverables
T0000293,A00024,C0013,payment,943.16,10-18-2024,online,Drive Rich Models
T0000294,A00024,C0013,withdrawal,2462.8,2023-12-05,online,Exploit Viral E-Business
T0000295,A00024,C0013,DEPOSIT,4397.88,2022-12-24,atm,Enhance Distributed Solutions
T0000296,A00024,C0013,payment,2986.46,01-26-2024,atm,Implement 24/7 Web-Readiness
T0000297,A00024,C0013,WITHDRAWAL,1523.64,2024-03-23,mobile,Target 24/7 E-Tailers
T0000298,A00024,C0013,DEPOSIT,10921.17,2022-11-27,branch,Exploit Next-Generation E-Markets
T0000299,A00024,C0013,TRANSFER,4725.75,06-12-2023,branch,Integrate Open-Source Convergence
T0000300,A00024,C0013,withdrawal,5211.31,2023-03-14,online,Engage Killer Synergies
T0000301,A00024,C0013,payment,774.81,11-27-2023,online,Whiteboard 24/365 Technologies
T0000302,A00024,C0013,fee,34.79,2024-07-08,online,Morph Innovative Content
T0000303,A00024,C0013,transfer,3345.87,2022-12-27,mobile,Monetize World-Class Synergies
T0000304,A00024,C0013,withdrawal,3805.68,2023-03-14,branch,Embrace Open-Source Supply-Chains
T0000305,A00024,C0013,transfer,5049.88,2023-06-06,atm,Strategize Proactive Roi
T0000306,A00024,C0013,transfer,5306.61,2024-01-12,atm,Aggregate Open-Source Supply-Chains
T0000307,A00024,C0013,transfer,1114.56,08-06-2024,online,Re-Contextualize Compelling Info-Mediaries
T0000308,A00025,C0014,transfer,2276.0,02-27-2024,online,Exploit Robust Experiences
T0000309,A00025,C0014,DEPOSIT,3036.25,09-04-2021,atm,Enable Compelling Eyeballs
T0000310,A00025,C0014,fee,21.11,12-17-2021,mobile,Whiteboard Ubiquitous Users
T0000311,A00025,C0014,deposit,8244.67,2019-05-29,branch,Productize Open-Source Bandwidth
T0000312,A00025,C0014,payment,998.5,2023-10-24,online,Generate Transparent Markets
T0000313,A00025,C0014,TRANSFER,7256.9,2016-03-28,mobile,E-Enable Seamless Networks
T0000314,A00025,C0014,payment,2340.78,2017-10-07,online,Drive Turn-Key Schemas
T0000315,A00025,C0014,transfer,7240.14,2024-03-17,branch,Incubate Vertical E-Tailers
T0000316,A00025,C0014,fee,,2021-03-20,mobile,Maximize Open-Source Convergence
T0000317,A00025,C0014,deposit,2661.79,08-28-2016,online,Optimize B2C Niches
T0000318,A00025,C0014,withdrawal,5420.6,2019-05-10,mobile,E-Enable Proactive Supply-Chains
T0000319,A00025,C0014,deposit,12776.13,2024-05-18,online,Synergize Frictionless Networks
T0000320,A00025,C0014,payment,1993.43,2016-03-15,branch,Expedite Integrated Roi
T0000321,A00025,C0014,withdrawal,3512.96,2019-10-13,atm,Expedite One-To-One Content
T0000322,A00025,C0014,deposit,12233.72,2024-04-25,branch,Unleash Turn-Key Paradigms
T0000323,A00025,C0014,WITHDRAWAL,7699.23,2017-05-16,atm,Empower Transparent Infrastructures
T0000324,A00025,C0014,transfer,3836.4,06-02-2020,mobile,Synthesize Web-Enabled Relationships
T0000325,A00025,C0014,PAYMENT,508.67,2023-05-16,branch,Grow Seamless E-Tailers
T0000326,A00025,C0014,TRANSFER,7852.92,2023-11-26,branch,Mesh Seamless Roi
T0000327,A00025,C0014,withdrawal,4734.19,04-04-2017,mobile,Embrace Out-Of-The-Box Paradigms
T0000328,A00025,C0014,transfer,6237.73,02-16-2018,online,Revolutionize 24/365 Infrastructures
T0000329,A00025,C0014,payment,2184.56,2023-10-09,branch,Grow Proactive Info-Mediaries
T0000330,A00025,C0014,PAYMENT,347.68,2021-07-06,mobile,Productize B2C Solutions
T0000331,A00025,C0014,deposit,3961.11,2021-01-14,atm,Facilitate Compelling Deliverables
T0000332,A00026,C0015,payment,1579.21,2023-07-13,branch,Monetize World-Class Eyeballs
T0000333,A00026,C0015,payment,1562.11,2023-02-21,online,Revolutionize Mission-Critical Deliverables
T0000334,A00026,C0015,transfer,2003.64,06-25-2020,atm,Innovate End-To-End E-Tailers
T0000335,A00026,C0015,transfer,3091.32,2023-01-27,online,Drive Robust Bandwidth
T0000336,A00026,C0015,TRANSFER,1272.28,2015-10-05,mobile,Synergize One-To-One Synergies
T0000337,A00026,C0015,payment,233.85,03-10-2021,mobile,Monetize Revolutionary Methodologies
T0000338,A00026,C0015,deposit,14553.67,2019-03-24,online,Iterate E-Business Supply-Chains
T0000339,A00026,C0015,deposit,9667.59,2021-04-25,mobile,Target Revolutionary Platforms
T0000340,A00027,C0016,withdrawal,6414.07,2015-10-25,mobile,Mesh Extensible Web-Readiness
T0000341,A00027,C0016,payment,1346.73,2015-12-02,online,Maximize Extensible Functionalities
T0000342,A00027,C0016,transfer,161.8,2020-07-05,mobile,Productize Best-Of-Breed Vortals
T0000343,A00027,C0016,deposit,8259.03,2019-07-22,online,Aggregate Dynamic Technologies
T0000344,A00027,C0016,TRANSFER,4960.15,10-24-2023,atm,Empower Turn-Key Systems
T0000345,A00027,C0016,withdrawal,1670.67,2024-11-29,mobile,Repurpose 24/7 Niches
T0000346,A00027,C0016,withdrawal,453.12,2018-10-03,branch,Orchestrate Granular Niches
T0000347,A00027,C0016,withdrawal,4490.0,05-26-2024,mobile,Embrace Value-Added E-Business
T0000348,A00027,C0016,TRANSFER,5732.99,2022-12-20,online,Engage Sticky E-Tailers
T0000349,A00027,C0016,transfer,1789.54,2016-01-10,atm,Incubate Cross-Media Schemas
T0000350,A00027,C0016,payment,2893.66,2018-11-30,atm,Harness Real-Time Eyeballs
T0000351,A00027,C0016,withdrawal,5622.73,01-27-2021,online,Unleash Front-End Networks
T0000352,A00027,C0016,deposit,2149.72,2024-12-27,mobile,Incentivize Frictionless Partnerships
T0000353,A00027,C0016,deposit,2979.03,2016-02-18,online,Monetize Cross-Platform Users
T0000354,A00027,C0016,withdrawal,3667.23,2024-06-27,branch,Grow Scalable Channels
T0000355,A00028,C0016,TRANSFER,391.07,01-26-2016,online,Utilize Collaborative Methodologies
T0000356,A00028,C0016,payment,1377.59,2023-07-09,branch,Streamline Sticky Architectures
T0000357,A00028,C0016,deposit,11056.4,2020-06-15,mobile,Streamline E-Business E-Commerce
T0000358,A00028,C0016,transfer,7396.48,2024-04-07,branch,Strategize Virtual Metrics
T0000359,A00028,C0016,withdrawal,5849.35,2022-08-14,branch,Productize Customized E-Business
T0000360,A00028,C0016,WITHDRAWAL,4812.36,01-09-2016,atm,Seize Extensible Supply-Chains
T0000361,A00028,C0016,payment,1261.81,07-06-2020,branch,Transition 24/365 Web Services
T0000362,A00028,C0016,withdrawal,2756.01,2017-12-05,atm,Exploit Strategic Bandwidth
T0000363,A00028,C0016,PAYMENT,423.16,12-09-2019,atm,Maximize End-To-End Infrastructures
T0000364,A00028,C0016,transfer,6888.45,04-25-2024,branch,Transition Plug-And-Play Platforms
T0000365,A00028,C0016,deposit,10730.05,2017-02-10,atm,Target Extensible Methodologies
T0000366,A00028,C0016,deposit,10670.43,2022-05-27,branch,Visualize Plug-And-Play Info-Mediaries
T0000367,A00028,C0016,withdrawal,5102.28,2020-07-05,online,Enhance Magnetic Eyeballs
T0000368,A00028,C0016,withdrawal,3853.35,05-24-2023,mobile,Cultivate Back-End Relationships
T0000369,A00028,C0016,TRANSFER,6734.29,2022-06-03,atm,Strategize Viral Web Services
T0000370,A00028,C0016,payment,2426.83,09-13-2024,online,Facilitate World-Class Bandwidth
T0000371,A00028,C0016,withdrawal,443.46,02-22-2015,online,Synthesize Proactive Partnerships
T0000372,A00028,C0016,DEPOSIT,11793.71,2017-02-06,atm,Syndicate One-To-One Convergence
T0000373,A00029,C0017,payment,2074.88,2021-08-18,atm,Syndicate Plug-And-Play Communities
T0000374,A00029,C0017,transfer,277.8,2021-12-14,mobile,Envisioneer Cross-Media Metrics
T0000375,A00029,C0017,TRANSFER,5410.7,05-20-2021,branch,Maximize End-To-End Mindshare
T0000376,A00029,C0017,transfer,3123.32,2024-12-21,atm,Transform Wireless Platforms
T0000377,A00029,C0017,TRANSFER,7413.35,09-11-2024,mobile,Harness Intuitive Content
T0000378,A00029,C0017,FEE,48.91,02-23-2023,atm,Incubate Plug-And-Play Interfaces
T0000379,A00029,C0017,deposit,11167.87,2023-11-27,branch,Benchmark Transparent Action-Items
T0000380,A00029,C0017,payment,2582.73,2024-04-15,mobile,Re-Intermediate Interactive Schemas
T0000381,A00029,C0017,payment,2116.84,2022-01-27,atm,Leverage Compelling Architectures
T0000382,A00029,C0017,withdrawal,4835.03,02-10-2024,branch,Optimize Cross-Platform E-Tailers
T0000383,A00029,C0017,withdrawal,7867.96,06-17-2022,online,Transition User-Centric E-Commerce
T0000384,A00029,C0017,fee,38.08,11-09-2021,online,Maximize Cross-Platform Users
T0000385,A00029,C0017,deposit,4222.73,2022-12-04,atm,Scale Web-Enabled Roi
T0000386,A00029,C0017,deposit,12697.91,07-16-2021,online,Repurpose Intuitive Networks
T0000387,A00029,C0017,withdrawal,7501.21,2022-08-30,online,E-Enable Holistic Initiatives
T0000388,A00029,C0017,payment,1794.67,2021-09-02,atm,Benchmark Plug-And-Play Vortals
T0000389,A00030,C0017,WITHDRAWAL,601.59,2024-04-18,atm,Engage Mission-Critical Systems
T0000390,A00030,C0017,deposit,2798.84,01-13-2024,online,Reinvent Extensible Interfaces
T0000391,A00030,C0017,deposit,8169.05,2023-12-02,mobile,Optimize Sticky Methodologies
T0000392,A00030,C0017,withdrawal,7069.51,2021-08-08,atm,Transition Enterprise Vortals
T0000393,A00030,C0017,withdrawal,1763.19,12-11-2022,mobile,Synthesize Leading-Edge Infrastructures
T0000394,A00030,C0017,payment,2943.59,03-26-2024,online,Architect Global Applications
T0000395,A00030,C0017,transfer,3576.42,2021-09-23,branch,Productize Clicks-And-Mortar Eyeballs
T0000396,A00030,C0017,TRANSFER,2581.08,2021-04-23,online,Repurpose B2C Systems
T0000397,A00030,C0017,deposit,10873.44,2023-04-02,online,Incubate Distributed Architectures
T0000398,A00030,C0017,payment,1131.12,12-26-2023,mobile,Re-Intermediate Customized Solutions
T0000399,A00030,C0017,deposit,13479.31,2023-10-25,branch,Architect Turn-Key Content
T0000400,A00030,C0017,withdrawal,7586.73,11-19-2022,branch,Maximize Seamless E-Commerce
T0000401,A00030,C0017,withdrawal,5022.93,02-07-2024,branch,Unleash Cross-Media Infrastructures
T0000402,A00030,C0017,TRANSFER,1721.14,11-04-2024,mobile,Benchmark Value-Added E-Business
T0000403,A00030,C0017,deposit,12439.79,2021-09-01,mobile,Deliver Wireless Channels
T0000404,A00030,C0017,payment,225.64,2024-09-17,branch,Iterate Distributed Markets
T0000405,A00030,C0017,withdrawal,2667.09,2021-03-21,online,Disintermediate Scalable Synergies
T0000406,A00030,C0017,DEPOSIT,11923.51,2021-07-01,online,Unleash Synergistic Initiatives
T0000407,A00030,C0017,payment,2733.85,2024-04-23,mobile,Cultivate Front-End Web-Readiness
T0000408,A00030,C0017,withdrawal,3247.5,2023-04-06,atm,Incentivize User-Centric Applications
T0000409,A00030,C0017,withdrawal,964.08,03-07-2021,online,Strategize Turn-Key Architectures
T0000410,A00030,C0017,transfer,524.64,2024-09-06,online,Strategize Enterprise E-Commerce
T0000411,A00030,C0017,withdrawal,4032.64,2021-06-29,atm,Incubate Killer Web Services
T0000412,A00031,C0018,deposit,13904.03,08-24-2022,mobile,Reinvent Collaborative Channels
T0000413,A00031,C0018,payment,102.15,05-17-2024,branch,Aggregate Integrated Relationships
T0000414,A00031,C0018,DEPOSIT,5895.34,2023-05-24,atm,E-Enable Next-Generation Eyeballs
T0000415,A00031,C0018,deposit,13310.32,2022-12-20,atm,Envisioneer End-To-End Channels
T0000416,A00031,C0018,withdrawal,4449.46,2022-03-22,online,Implement Intuitive Experiences
T0000417,A00031,C0018,deposit,8969.99,2022-05-24,online,Utilize B2B Models
T0000418,A00031,C0018,deposit,11134.39,2023-11-14,atm,Repurpose User-Centric Channels
T0000419,A00031,C0018,withdrawal,5174.53,05-07-2023,branch,Evolve Global Experiences
T0000420,A00031,C0018,DEPOSIT,9272.43,2023-01-23,atm,Exploit Next-Generation Bandwidth
T0000421,A00031,C0018,deposit,10081.12,2023-04-01,online,Productize Cutting-Edge E-Business
T0000422,A00031,C0018,transfer,603.69,2024-09-29,online,Reinvent Ubiquitous Mindshare
T0000423,A00031,C0018,deposit,,07-26-2023,mobile,Brand Customized Architectures
T0000424,A00031,C0018,withdrawal,5376.94,2024-01-06,branch,Seize Magnetic Roi
T0000425,A00031,C0018,deposit,1093.64,2022-09-20,branch,Brand Clicks-And-Mortar Networks
T0000426,A00031,C0018,withdrawal,2640.2,2023-12-10,atm,Synthesize Web-Enabled Mindshare
T0000427,A00031,C0018,withdrawal,2928.66,2023-01-06,atm,Empower Transparent Users
T0000428,A00031,C0018,deposit,4732.56,07-24-2024,branch,Maximize Bricks-And-Clicks Paradigms
T0000429,A00032,C0019,payment,411.57,2018-08-09,atm,Integrate Compelling Relationships
T0000430,A00032,C0019,withdrawal,,2020-11-18,atm,Embrace Compelling Infrastructures
T0000431,A00032,C0019,withdrawal,1422.65,12-17-2020,online,Orchestrate Efficient Bandwidth
T0000432,A00032,C0019,deposit,12405.33,2024-12-09,branch,Mesh Strategic Deliverables
T0000433,A00032,C0019,TRANSFER,5020.42,06-15-2018,online,Matrix E-Business Action-Items
T0000434,A00032,C0019,payment,1898.56,09-17-2015,mobile,Syndicate Intuitive Methodologies
T0000435,A00032,C0019,transfer,7252.3,2024-02-16,atm,Whiteboard Extensible E-Business
T0000436,A00032,C0019,payment,1623.63,08-06-2021,branch,Streamline Cross-Platform Users
T0000437,A00032,C0019,WITHDRAWAL,7133.67,2019-08-09,atm,Revolutionize Value-Added Info-Mediaries
T0000438,A00032,C0019,withdrawal,4093.09,2017-01-01,mobile,Target Collaborative Networks
T0000439,A00032,C0019,withdrawal,5308.17,2019-08-01,branch,Drive Open-Source E-Markets
T0000440,A00032,C0019,withdrawal,3580.84,12-29-2023,branch,Seize Distributed Technologies
T0000441,A00032,C0019,payment,1981.65,2021-11-07,branch,Leverage Robust Metrics
T0000442,A00032,C0019,transfer,7514.62,10-03-2023,online,Extend Seamless Networks
T0000443,A00032,C0019,transfer,1869.36,12-15-2017,atm,Morph Leading-Edge Functionalities
T0000444,A00032,C0019,deposit,10045.35,2019-08-24,atm,Syndicate Frictionless Networks
T0000445,A00032,C0019,withdrawal,3648.05,2019-11-08,online,Streamline Distributed E-Business
T0000446,A00032,C0019,fee,19.58,12-13-2015,atm,Utilize Front-End Models
T0000447,A00032,C0019,TRANSFER,4637.48,2024-11-11,branch,Evolve End-To-End Mindshare
T0000448,A00032,C0019,TRANSFER,2935.07,2019-09-22,online,Optimize Efficient Portals
T0000449,A00032,C0019,deposit,14591.48,2021-04-18,branch,Enable Efficient Niches
T0000450,A00033,C0019,withdrawal,6944.4,2019-08-19,mobile,Iterate Dot-Com Synergies
T0000451,A00033,C0019,withdrawal,4841.6,2023-12-20,branch,Extend One-To-One Metrics
T0000452,A00033,C0019,deposit,1202.47,01-05-2020,atm,Reinvent B2C Web Services
T0000453,A00033,C0019,deposit,2402.49,2017-06-14,online,Grow Out-Of-The-Box Roi
T0000454,A00033,C0019,deposit,12177.03,2022-06-29,online,Morph Web-Enabled Models
T0000455,A00033,C0019,transfer,3842.59,2020-06-24,branch,Reinvent Robust Supply-Chains
T0000456,A00033,C0019,payment,77.11,2022-05-04,online,Evolve B2B Metrics
T0000457,A00033,C0019,withdrawal,1305.81,2016-07-06,online,Re-Contextualize B2C Models
T0000458,A00033,C0019,DEPOSIT,2536.8,2021-07-01,branch,Engineer Transparent Architectures
T0000459,A00033,C0019,FEE,31.97,2020-11-15,online,Incentivize Visionary Functionalities
T0000460,A00033,C0019,transfer,5300.73,2024-12-06,atm,Leverage Best-Of-Breed Networks
T0000461,A00033,C0019,deposit,9117.56,2016-01-16,mobile,Drive Cross-Media Markets
T0000462,A00033,C0019,withdrawal,1770.52,10-21-2024,mobile,Visualize Back-End Initiatives
T0000463,A00033,C0019,deposit,8760.56,2021-10-26,branch,Streamline Frictionless Bandwidth
T0000464,A00033,C0019,transfer,2130.88,2022-01-25,atm,Strategize Collaborative Content
T0000465,A00033,C0019,transfer,569.37,03-01-2020,mobile,Syndicate Bleeding-Edge Architectures
T0000466,A00033,C0019,deposit,,05-27-2019,mobile,Innovate Integrated Info-Mediaries
T0000467,A00033,C0019,deposit,1489.66,2024-05-07,mobile,Morph B2B Deliverables
T0000468,A00033,C0019,transfer,7024.47,12-22-2021,online,Cultivate User-Centric Synergies
T0000469,A00033,C0019,withdrawal,1060.02,02-15-2016,online,Envisioneer Customized Architectures
T0000470,A00033,C0019,transfer,3463.34,10-08-2023,mobile,Innovate Turn-Key Deliverables
T0000471,A00033,C0019,payment,2095.95,2019-03-27,mobile,Innovate Revolutionary Platforms
T0000472,A00033,C0019,payment,1451.55,2017-08-26,mobile,Redefine Synergistic E-Commerce
T0000473,A00033,C0019,transfer,5936.32,2019-01-04,online,Re-Intermediate Real-Time Supply-Chains
T0000474,A00034,C0020,deposit,11499.59,2016-03-14,online,Empower Real-Time Platforms
T0000475,A00034,C0020,transfer,4358.97,2019-07-21,atm,Morph Impactful Bandwidth
T0000476,A00034,C0020,deposit,11167.5,2017-06-09,online,Revolutionize Web-Enabled Methodologies
T0000477,A00034,C0020,deposit,157.55,2024-12-01,branch,Benchmark Dynamic Deliverables
T0000478,A00034,C0020,withdrawal,870.53,04-13-2020,mobile,Facilitate Viral Vortals
T0000479,A00034,C0020,deposit,8064.77,2018-11-20,atm,Engage Value-Added Methodologies
T0000480,A00034,C0020,FEE,22.89,2019-05-19,branch,Implement Innovative Synergies
T0000481,A00034,C0020,withdrawal,4469.35,2022-06-20,branch,Deploy Mission-Critical Deliverables
T0000482,A00034,C0020,WITHDRAWAL,3880.41,2021-07-02,atm,Transform Customized Convergence
T0000483,A00034,C0020,TRANSFER,3197.08,2020-12-02,branch,Enhance Front-End Portals
T0000484,A00034,C0020,transfer,3583.83,2015-11-14,branch,Aggregate Robust Web-Readiness
T0000485,A00034,C0020,DEPOSIT,6038.39,2015-06-13,atm,Re-Intermediate E-Business Markets
T0000486,A00034,C0020,DEPOSIT,14470.33,2014-05-14,online,Expedite Killer Metrics
T0000487,A00034,C0020,payment,,2015-03-30,mobile,Whiteboard 24/7 Initiatives
T0000488,A00034,C0020,deposit,3365.47,03-06-2015,online,Evolve End-To-End Architectures
T0000489,A00034,C0020,transfer,7446.87,2014-01-17,mobile,Repurpose Viral Initiatives
T0000490,A00034,C0020,deposit,14454.77,11-19-2024,online,Scale Viral Portals
T0000491,A00034,C0020,transfer,3523.0,02-16-2017,branch,Envisioneer Plug-And-Play Web Services
T0000492,A00034,C0020,deposit,552.46,2024-10-26,branch,Re-Contextualize Intuitive Functionalities
T0000493,A00034,C0020,transfer,2890.73,2016-12-31,online,Target Efficient E-Commerce
T0000494,A00034,C0020,deposit,4175.26,2016-09-23,mobile,Scale World-Class Portals
T0000495,A00035,C0020,withdrawal,1618.48,2021-11-17,online,Leverage Intuitive Niches
T0000496,A00035,C0020,payment,1653.28,2014-07-22,atm,Revolutionize Leading-Edge Architectures
T0000497,A00035,C0020,fee,17.44,2020-10-22,branch,Synergize Open-Source Markets
T0000498,A00036,C0021,withdrawal,2103.64,2023-04-14,mobile,Morph Back-End Roi
T0000499,A00036,C0021,deposit,1132.17,06-06-2024,atm,Grow Innovative Models
T0000500,A00036,C0021,payment,2410.8,2022-07-26,atm,Re-Contextualize 24/365 E-Business
T0000501,A00036,C0021,payment,1728.93,2024-10-14,mobile,Strategize Virtual Experiences
T0000502,A00036,C0021,withdrawal,6164.34,12-25-2022,atm,Synthesize Sticky Eyeballs
T0000503,A00036,C0021,transfer,7174.26,2023-11-25,online,Incubate User-Centric E-Tailers
T0000504,A00036,C0021,deposit,1059.94,2024-02-28,branch,Re-Intermediate Sticky Systems
T0000505,A00036,C0021,payment,1243.15,05-01-2021,atm,Unleash Back-End Platforms
T0000506,A00036,C0021,withdrawal,,2024-07-18,atm,Integrate Intuitive Partnerships
T0000507,A00036,C0021,DEPOSIT,6014.01,07-15-2021,atm,Maximize Dot-Com Systems
T0000508,A00036,C0021,WITHDRAWAL,1444.32,2019-08-10,atm,Utilize Rich Eyeballs
T0000509,A00036,C0021,deposit,8627.0,2022-09-20,branch,Visualize Clicks-And-Mortar Paradigms
T0000510,A00036,C0021,WITHDRAWAL,1613.34,2020-11-19,branch,Repurpose Integrated Niches
T0000511,A00036,C0021,DEPOSIT,3081.36,2021-09-24,branch,Orchestrate Open-Source Interfaces
T0000512,A00036,C0021,deposit,1645.0,09-30-2022,online,Maximize Clicks-And-Mortar Mindshare
T0000513,A00036,C0021,TRANSFER,6118.67,2024-04-11,online,Unleash Holistic Info-Mediaries
T0000514,A00036,C0021,WITHDRAWAL,2537.03,2024-02-29,atm,Brand Wireless Partnerships
T0000515,A00036,C0021,deposit,11475.72,2024-04-04,atm,Incubate Magnetic Synergies
T0000516,A00036,C0021,deposit,8671.14,03-20-2023,online,Synergize Compelling Initiatives
T0000517,A00036,C0021,payment,1440.18,08-25-2024,online,Maximize Synergistic Supply-Chains
T0000518,A00036,C0021,withdrawal,6885.99,2024-05-22,branch,Innovate Seamless Interfaces
T0000519,A00036,C0021,fee,36.42,2023-11-18,mobile,Streamline E-Business Relationships
T0000520,A00037,C0022,deposit,10127.84,2024-07-30,mobile,Incubate Cross-Platform Infrastructures
T0000521,A00037,C0022,DEPOSIT,5455.95,2024-04-10,atm,E-Enable Ubiquitous Technologies
T0000522,A00037,C0022,withdrawal,1912.37,03-04-2023,mobile,Visualize 24/365 Roi
T0000523,A00037,C0022,withdrawal,1487.63,2024-05-13,mobile,Engage Revolutionary Architectures
T0000524,A00037,C0022,withdrawal,6022.52,03-28-2023,atm,Repurpose Dynamic Content
T0000525,A00037,C0022,deposit,2739.34,2023-10-09,branch,Scale Integrated Platforms
T0000526,A00037,C0022,transfer,6517.24,2024-04-05,atm,Whiteboard Synergistic Models
T0000527,A00037,C0022,DEPOSIT,6511.67,2024-11-25,mobile,Evolve Visionary Solutions
T0000528,A00037,C0022,deposit,14389.26,2023-03-13,branch,Enable Robust Solutions
T0000529,A00037,C0022,payment,538.06,12-22-2023,mobile,Utilize Web-Enabled Models
T0000530,A00037,C0022,fee,43.22,2023-01-09,atm,Synergize Innovative Users
T0000531,A00037,C0022,withdrawal,2022.77,11-06-2024,online,Visualize Extensible Models
T0000532,A00037,C0022,deposit,2491.96,2023-10-06,branch,Incubate Customized Web-Readiness
T0000533,A00037,C0022,deposit,12592.63,2024-12-05,online,Integrate Cross-Platform Markets
T0000534,A00037,C0022,transfer,2092.96,11-28-2023,atm,Facilitate Revolutionary Interfaces
T0000535,A00037,C0022,withdrawal,6483.93,03-20-2024,atm,Embrace Killer Experiences
T0000536,A00037,C0022,withdrawal,2821.7,2022-09-14,branch,Repurpose Ubiquitous Methodologies
T0000537,A00037,C0022,withdrawal,5200.06,2024-04-06,branch,Cultivate B2C Applications
T0000538,A00038,C0023,WITHDRAWAL,4093.35,2021-08-12,mobile,Enhance Intuitive Paradigms
T0000539,A00038,C0023,WITHDRAWAL,2306.46,05-29-2015,branch,Extend B2B Models
T0000540,A00038,C0023,transfer,7429.96,2017-05-28,mobile,Visualize Vertical Info-Mediaries
T0000541,A00038,C0023,payment,223.32,09-22-2022,branch,Redefine Revolutionary Action-Items
T0000542,A00038,C0023,deposit,4787.33,2021-05-09,atm,Scale End-To-End Synergies
T0000543,A00038,C0023,transfer,3175.73,08-25-2019,mobile,Reinvent Scalable Content
T0000544,A00038,C0023,transfer,4177.07,2021-10-17,mobile,Transition Mission-Critical Bandwidth
T0000545,A00038,C0023,deposit,12820.47,2022-12-07,branch,Re-Intermediate Frictionless Applications
T0000546,A00038,C0023,transfer,7524.69,11-29-2018,online,Optimize Sticky Initiatives
T0000547,A00038,C0023,DEPOSIT,1589.99,2018-05-16,online,Synthesize Magnetic Partnerships
T0000548,A00038,C0023,withdrawal,230.39,2024-04-05,mobile,Exploit 24/365 E-Commerce
T0000549,A00038,C0023,deposit,9290.63,2015-07-07,online,Facilitate Wireless Vortals
T0000550,A00038,C0023,withdrawal,1994.22,05-23-2022,atm,Embrace Global Vortals
T0000551,A00038,C0023,transfer,1067.59,2023-08-03,branch,E-Enable Killer Paradigms
T0000552,A00038,C0023,deposit,5384.78,2014-04-16,atm,Benchmark Virtual Supply-Chains
T0000553,A00038,C0023,withdrawal,6969.77,2024-04-29,atm,Optimize 24/7 Niches
T0000554,A00038,C0023,DEPOSIT,,08-17-2023,branch,Orchestrate Next-Generation Communities
T0000555,A00039,C0023,transfer,7020.8,2021-03-27,mobile,Scale Out-Of-The-Box Schemas
T0000556,A00039,C0023,transfer,,01-12-2020,atm,Leverage Visionary Action-Items
T0000557,A00039,C0023,withdrawal,6441.57,2019-07-24,mobile,Re-Contextualize Revolutionary Channels
T0000558,A00039,C0023,withdrawal,2093.26,2017-08-12,atm,Transform Enterprise Communities
T0000559,A00039,C0023,DEPOSIT,12239.93,04-12-2014,branch,Utilize Holistic Infrastructures
T0000560,A00039,C0023,deposit,8049.73,2018-01-06,mobile,Implement Clicks-And-Mortar Roi
T0000561,A00039,C0023,transfer,2410.89,2024-10-11,mobile,Re-Contextualize E-Business Experiences
T0000562,A00039,C0023,deposit,3506.67,2023-02-09,online,Benchmark Front-End E-Markets
T0000563,A00039,C0023,withdrawal,3305.65,04-22-2020,mobile,Scale Collaborative Channels
T0000564,A00039,C0023,DEPOSIT,10738.32,2018-08-02,mobile,Architect B2B Functionalities
T0000565,A00039,C0023,WITHDRAWAL,2118.58,06-14-2023,mobile,Empower Customized E-Markets
T0000566,A00039,C0023,DEPOSIT,11479.85,2021-03-04,atm,Incentivize Virtual E-Business
T0000567,A00039,C0023,transfer,4264.92,2017-05-09,atm,Scale Robust Metrics
T0000568,A00039,C0023,deposit,1073.54,2018-10-16,branch,Reinvent Rich E-Business
T0000569,A00039,C0023,deposit,6857.38,2017-05-29,mobile,Evolve Seamless Convergence
T0000570,A00039,C0023,transfer,3946.13,03-18-2017,atm,Deploy Clicks-And-Mortar Schemas
T0000571,A00039,C0023,deposit,14547.26,2014-05-18,online,Incentivize Dynamic Initiatives
T0000572,A00039,C0023,fee,17.7,2016-03-30,branch,Mesh Mission-Critical E-Business
T0000573,A00039,C0023,WITHDRAWAL,85.47,2022-03-07,online,Disintermediate Magnetic Bandwidth
T0000574,A00039,C0023,deposit,3296.96,11-07-2015,mobile,Revolutionize Best-Of-Breed Niches
T0000575,A00039,C0023,payment,1500.2,2017-08-27,atm,Streamline Dynamic Initiatives
T0000576,A00039,C0023,transfer,273.26,2019-05-12,online,Generate B2C Methodologies
T0000577,A00040,C0024,deposit,5916.71,03-19-2014,mobile,Iterate Collaborative Models
T0000578,A00040,C0024,deposit,12631.01,2017-01-10,mobile,Reinvent Granular Web Services
T0000579,A00040,C0024,deposit,11533.78,2013-03-28,branch,Re-Contextualize Revolutionary Markets
T0000580,A00040,C0024,transfer,3554.83,2021-08-02,online,Visualize Bricks-And-Clicks Technologies
T0000581,A00040,C0024,withdrawal,6172.55,2017-06-03,branch,Architect User-Centric Portals
T0000582,A00040,C0024,withdrawal,7690.49,2023-07-24,atm,Facilitate Ubiquitous Paradigms
T0000583,A00040,C0024,transfer,356.64,07-06-2016,online,Transform Scalable Users
T0000584,A00040,C0024,withdrawal,2404.53,2018-08-21,atm,Reinvent Granular Web-Readiness
T0000585,A00040,C0024,payment,661.19,2014-02-14,online,Synthesize One-To-One Partnerships
T0000586,A00040,C0024,transfer,2609.62,2018-04-01,branch,Productize Web-Enabled Systems
T0000587,A00040,C0024,transfer,,02-23-2019,branch,Benchmark World-Class E-Markets
T0000588,A00040,C0024,FEE,31.15,02-26-2013,mobile,Aggregate World-Class E-Services
T0000589,A00041,C0024,transfer,2004.8,2020-11-16,mobile,Revolutionize One-To-One Vortals
T0000590,A00041,C0024,transfer,2720.61,2014-08-06,online,Enhance Mission-Critical Action-Items
T0000591,A00041,C0024,withdrawal,1248.27,2013-11-20,online,Extend Transparent Solutions
T0000592,A00041,C0024,WITHDRAWAL,2547.58,2015-05-15,atm,Synergize Magnetic Partnerships
T0000593,A00041,C0024,transfer,190.4,05-21-2022,mobile,Syndicate Holistic Markets
T0000594,A00041,C0024,TRANSFER,2020.56,2020-07-31,online,Matrix User-Centric Eyeballs
T0000595,A00041,C0024,transfer,4481.02,2023-06-07,mobile,Architect Ubiquitous Roi
T0000596,A00041,C0024,withdrawal,4358.09,2016-10-20,atm,Synergize Out-Of-The-Box Channels
T0000597,A00041,C0024,deposit,12478.68,01-20-2023,branch,Target Dynamic Functionalities
T0000598,A00041,C0024,WITHDRAWAL,3606.09,2014-02-03,atm,Seize Real-Time Solutions
T0000599,A00041,C0024,WITHDRAWAL,25.74,2024-09-10,mobile,Facilitate End-To-End Paradigms
T0000600,A00041,C0024,payment,,2016-09-15,atm,Scale Leading-Edge Niches
T0000601,A00042,C0024,withdrawal,525.47,2017-12-25,mobile,Enable One-To-One Bandwidth
T0000602,A00042,C0024,withdrawal,3990.44,2016-11-19,branch,Target Next-Generation Communities
T0000603,A00042,C0024,withdrawal,5134.41,2018-12-23,online,Engineer Cross-Platform E-Services
T0000604,A00042,C0024,withdrawal,552.11,10-14-2014,branch,Matrix Distributed Metrics
T0000605,A00042,C0024,payment,614.22,2016-08-19,mobile,Leverage Frictionless Networks
T0000606,A00043,C0025,deposit,9644.19,2015-12-27,mobile,Engage Bleeding-Edge Infrastructures
T0000607,A00043,C0025,withdrawal,5616.49,2024-10-05,atm,Deploy Holistic E-Tailers
T0000608,A00043,C0025,withdrawal,4855.51,2014-11-16,online,Benchmark Collaborative Bandwidth
T0000609,A00043,C0025,payment,634.13,2014-01-25,mobile,Empower Value-Added E-Commerce
T0000610,A00043,C0025,withdrawal,5118.56,2015-07-27,atm,Extend Interactive Action-Items
T0000611,A00043,C0025,PAYMENT,2384.81,2023-02-07,online,Harness User-Centric Applications
T0000612,A00043,C0025,withdrawal,5879.72,2019-09-26,atm,Enhance B2C Networks
T0000613,A00043,C0025,payment,2882.15,07-10-2015,online,Productize Clicks-And-Mortar E-Markets
T0000614,A00043,C0025,transfer,4262.66,2016-01-17,branch,Integrate Revolutionary Info-Mediaries
T0000615,A00043,C0025,withdrawal,2005.13,2018-02-08,branch,Drive Robust E-Commerce
T0000616,A00043,C0025,transfer,6134.94,2023-02-01,atm,Mesh Impactful Info-Mediaries
T0000617,A00043,C0025,transfer,3428.06,2024-01-23,online,Exploit Mission-Critical Systems
T0000618,A00043,C0025,PAYMENT,1654.4,2017-07-07,atm,Synthesize Web-Enabled Infrastructures
T0000619,A00043,C0025,withdrawal,4807.33,2017-04-27,atm,Engage Value-Added E-Markets
T0000620,A00044,C0025,fee,19.61,2020-07-12,atm,Architect End-To-End Convergence
T0000621,A00044,C0025,transfer,3456.09,2018-12-25,atm,Envisioneer Web-Enabled Experiences
T0000622,A00044,C0025,deposit,8207.11,2021-03-08,mobile,Evolve Vertical Info-Mediaries
T0000623,A00044,C0025,withdrawal,5961.74,2022-12-12,atm,Repurpose Extensible Communities
T0000624,A00044,C0025,withdrawal,3188.78,2019-06-08,online,Unleash Ubiquitous Networks
T0000625,A00044,C0025,transfer,4150.52,2017-07-20,atm,Extend Proactive Bandwidth
T0000626,A00044,C0025,withdrawal,1790.66,06-07-2014,atm,Target Global Interfaces
T0000627,A00044,C0025,TRANSFER,7547.92,08-08-2014,atm,Reinvent Out-Of-The-Box Functionalities
T0000628,A00044,C0025,withdrawal,4459.46,2024-08-31,branch,Target Clicks-And-Mortar Functionalities
T0000629,A00044,C0025,deposit,5367.05,2015-06-02,branch,Optimize Integrated Supply-Chains
T0000630,A00044,C0025,withdrawal,4665.6,2017-05-01,branch,Mesh Robust Technologies
T0000631,A00044,C0025,payment,284.8,2017-03-26,mobile,Brand Real-Time E-Business
T0000632,A00044,C0025,payment,2205.46,2020-09-27,atm,Incubate Best-Of-Breed Methodologies
T0000633,A00044,C0025,withdrawal,3916.45,04-02-2023,online,Evolve Open-Source Markets
T0000634,A00044,C0025,TRANSFER,318.23,2021-01-13,mobile,Deliver Bricks-And-Clicks Markets
T0000635,A00044,C0025,PAYMENT,2766.4,03-29-2015,atm,Embrace Integrated Relationships
T0000636,A00044,C0025,payment,1308.57,04-06-2018,online,Target Revolutionary Relationships
T0000637,A00044,C0025,transfer,5986.48,02-11-2024,online,Disintermediate Virtual Experiences
T0000638,A00045,C0025,withdrawal,348.63,2014-09-15,branch,Engage Innovative Schemas
T0000639,A00045,C0025,withdrawal,1781.96,2017-10-06,online,Unleash Best-Of-Breed Channels
T0000640,A00045,C0025,transfer,3155.2,2021-08-27,mobile,Facilitate Web-Enabled Users
T0000641,A00045,C0025,TRANSFER,4047.74,2022-07-17,branch,Embrace Compelling Applications
T0000642,A00045,C0025,deposit,5945.12,2018-12-11,branch,Cultivate Best-Of-Breed E-Services
T0000643,A00045,C0025,DEPOSIT,,2017-11-13,online,Harness Synergistic Niches
T0000644,A00045,C0025,withdrawal,698.93,03-31-2020,mobile,Deliver Cutting-Edge Niches
T0000645,A00045,C0025,transfer,6101.02,2022-10-11,mobile,Streamline Innovative Relationships
T0000646,A00045,C0025,deposit,5960.02,2020-05-15,branch,Seize Customized Models
T0000647,A00045,C0025,transfer,5890.63,2020-05-23,branch,Deliver 24/7 Info-Mediaries
T0000648,A00045,C0025,DEPOSIT,11662.74,10-25-2016,atm,Unleash Distributed Systems
T0000649,A00045,C0025,payment,277.89,2021-10-11,mobile,Re-Intermediate Out-Of-The-Box Methodologies
T0000650,A00045,C0025,withdrawal,1540.11,2018-11-06,atm,Scale Innovative Solutions
T0000651,A00045,C0025,transfer,6162.06,2020-10-04,branch,Productize Ubiquitous Infrastructures
T0000652,A00045,C0025,transfer,7921.47,01-08-2018,mobile,Evolve Impactful Roi
T0000653,A00045,C0025,deposit,720.92,02-01-2021,branch,Envisioneer Intuitive Platforms
T0000654,A00045,C0025,transfer,1264.81,2016-05-03,online,Leverage Efficient Initiatives
T0000655,A00045,C0025,transfer,1959.53,2015-05-12,branch,Scale B2B Models
T0000656,A00045,C0025,payment,870.18,11-04-2023,atm,Orchestrate Best-Of-Breed Deliverables
T0000657,A00045,C0025,payment,922.3,2021-11-17,mobile,Whiteboard Vertical Technologies
T0000658,A00046,C0026,deposit,8093.18,2023-07-25,branch,Deploy End-To-End Info-Mediaries
T0000659,A00046,C0026,withdrawal,2084.09,2024-10-07,mobile,Seize Next-Generation Systems
T0000660,A00046,C0026,TRANSFER,5352.72,06-30-2022,mobile,Extend Vertical Technologies
T0000661,A00046,C0026,PAYMENT,1585.13,12-20-2024,atm,Aggregate Innovative Web-Readiness
T0000662,A00046,C0026,deposit,3050.41,2022-08-28,atm,Cultivate Bleeding-Edge Deliverables
T0000663,A00046,C0026,withdrawal,7562.51,2021-12-31,online,Visualize Open-Source E-Markets
T0000664,A00046,C0026,transfer,5310.59,11-18-2023,atm,Benchmark Cross-Platform Experiences
T0000665,A00046,C0026,deposit,13017.79,2022-04-22,mobile,Visualize World-Class Models
T0000666,A00047,C0027,withdrawal,5683.32,2020-03-02,atm,Benchmark Visionary Bandwidth
T0000667,A00047,C0027,payment,1599.37,07-02-2022,branch,Monetize End-To-End Content
T0000668,A00047,C0027,withdrawal,3674.73,02-03-2016,online,Leverage Back-End E-Services
T0000669,A00047,C0027,deposit,7964.76,2012-07-09,atm,Syndicate Out-Of-The-Box Technologies
T0000670,A00047,C0027,withdrawal,1272.9,2022-08-14,atm,Revolutionize Scalable Eyeballs
T0000671,A00047,C0027,withdrawal,2432.56,07-10-2019,atm,Seize Front-End Bandwidth
T0000672,A00047,C0027,transfer,7031.84,2013-01-07,online,Leverage Granular Users
T0000673,A00047,C0027,PAYMENT,684.49,2024-01-29,atm,Envisioneer Viral Roi
T0000674,A00047,C0027,transfer,720.6,2020-06-10,mobile,E-Enable B2C Communities
T0000675,A00047,C0027,fee,32.56,2023-04-23,branch,Incentivize One-To-One Paradigms
T0000676,A00047,C0027,DEPOSIT,2333.6,12-27-2020,atm,Harness End-To-End Systems
T0000677,A00047,C0027,withdrawal,1071.54,2019-01-06,branch,Morph Out-Of-The-Box Roi
T0000678,A00047,C0027,WITHDRAWAL,6404.84,2024-08-29,branch,Architect Robust Web Services
T0000679,A00047,C0027,transfer,7191.17,2018-07-24,branch,Harness Cross-Media Eyeballs
T0000680,A00047,C0027,fee,48.91,2021-04-11,branch,Disintermediate Customized Users
T0000681,A00048,C0028,deposit,8017.78,2019-08-04,online,Leverage Seamless Initiatives
T0000682,A00048,C0028,WITHDRAWAL,7039.51,08-07-2016,online,Redefine Proactive Interfaces
T0000683,A00048,C0028,payment,1247.98,2019-08-14,mobile,Re-Contextualize Rich Eyeballs
T0000684,A00048,C0028,withdrawal,,2019-04-11,atm,Target Turn-Key Eyeballs
T0000685,A00048,C0028,transfer,872.04,11-17-2015,branch,Implement Open-Source Experiences
T0000686,A00048,C0028,TRANSFER,4903.61,2013-01-21,atm,Unleash Distributed Info-Mediaries
T0000687,A00048,C0028,transfer,1862.68,08-25-2017,online,Productize Distributed Networks
T0000688,A00048,C0028,deposit,11708.4,2020-07-12,branch,Repurpose B2B Networks
T0000689,A00048,C0028,payment,1411.6,2023-09-27,atm,Drive Visionary Supply-Chains
T0000690,A00048,C0028,PAYMENT,1479.42,2016-08-06,branch,Scale One-To-One Info-Mediaries
T0000691,A00048,C0028,deposit,531.83,2016-02-22,online,Productize Revolutionary Channels
T0000692,A00048,C0028,FEE,15.01,2018-07-10,branch,Innovate One-To-One Content
T0000693,A00048,C0028,deposit,13910.19,2017-01-21,mobile,Utilize Wireless E-Business
T0000694,A00049,C0029,transfer,6936.86,02-25-2020,branch,E-Enable Magnetic Systems
T0000695,A00049,C0029,WITHDRAWAL,353.77,2019-06-15,mobile,Seize E-Business Vortals
T0000696,A00049,C0029,withdrawal,4899.81,2022-09-25,online,Streamline Dynamic Applications
T0000697,A00049,C0029,DEPOSIT,6880.66,2020-06-30,online,Mesh Magnetic Niches
T0000698,A00049,C0029,fee,28.34,2024-07-02,mobile,Aggregate Vertical Infrastructures
T0000699,A00050,C0029,WITHDRAWAL,4138.69,2015-01-13,online,Incubate Customized Methodologies
T0000700,A00050,C0029,DEPOSIT,6000.7,2016-09-21,atm,Repurpose E-Business Mindshare
T0000701,A00050,C0029,payment,1389.43,2023-04-09,mobile,Strategize Dynamic Models
T0000702,A00050,C0029,transfer,455.28,11-23-2017,branch,Harness Leading-Edge Web Services
T0000703,A00050,C0029,payment,1360.58,2019-10-17,online,Disintermediate Impactful Eyeballs
T0000704,A00050,C0029,transfer,7503.98,2016-08-11,branch,Unleash Cutting-Edge Relationships
T0000705,A00051,C0030,WITHDRAWAL,218.8,03-30-2019,mobile,Synergize Out-Of-The-Box Synergies
T0000706,A00051,C0030,payment,,03-23-2021,mobile,Envisioneer Cross-Media Convergence
T0000707,A00051,C0030,DEPOSIT,10391.18,2015-08-14,branch,Monetize Customized Schemas
T0000708,A00051,C0030,transfer,747.71,2022-08-30,mobile,Evolve Killer Systems
T0000709,A00051,C0030,withdrawal,4200.06,09-19-2021,mobile,Extend Next-Generation Systems
T0000710,A00051,C0030,PAYMENT,1539.88,2022-10-04,branch,Envisioneer Granular E-Commerce
T0000711,A00051,C0030,withdrawal,370.37,2018-11-08,branch,Drive Next-Generation Channels
T0000712,A00051,C0030,withdrawal,6973.02,11-01-2024,branch,E-Enable E-Business Eyeballs
T0000713,A00051,C0030,payment,544.81,2016-06-04,online,Architect Seamless Info-Mediaries
T0000714,A00051,C0030,WITHDRAWAL,5846.69,04-24-2019,mobile,Cultivate Open-Source Partnerships
T0000715,A00051,C0030,transfer,958.08,2017-11-04,branch,Re-Contextualize Enterprise Infrastructures
T0000716,A00051,C0030,deposit,11492.67,2016-11-17,online,Implement Transparent Functionalities
T0000717,A00051,C0030,withdrawal,3999.17,2019-10-01,online,Redefine Real-Time E-Markets
T0000718,A00051,C0030,payment,721.26,2021-06-04,mobile,Reinvent Plug-And-Play Networks
T0000719,A00051,C0030,withdrawal,653.65,2019-09-11,online,Engineer Global Solutions
T0000720,A00051,C0030,payment,841.56,05-08-2017,branch,Reinvent Enterprise Technologies
T0000721,A00051,C0030,deposit,873.21,02-26-2015,atm,Engage Holistic Paradigms
T0000722,A00051,C0030,deposit,534.86,2015-01-07,atm,Transition Seamless Applications
T0000723,A00051,C0030,payment,156.6,04-27-2018,mobile,Monetize Rich Schemas
T0000724,A00051,C0030,deposit,4301.49,2016-08-09,branch,Extend Plug-And-Play E-Services
T0000725,A00052,C0030,withdrawal,7453.21,2023-04-20,online,Utilize Clicks-And-Mortar Eyeballs
T0000726,A00052,C0030,deposit,5560.11,07-07-2023,mobile,Morph Seamless Functionalities
T0000727,A00052,C0030,DEPOSIT,6438.49,02-04-2024,online,E-Enable Collaborative Initiatives
T0000728,A00052,C0030,withdrawal,993.75,2018-03-07,atm,Visualize Front-End E-Markets
T0000729,A00052,C0030,withdrawal,4206.68,2018-08-03,branch,Reinvent Holistic Experiences
T0000730,A00052,C0030,DEPOSIT,8591.94,10-04-2021,online,Incentivize Proactive Initiatives
T0000731,A00052,C0030,TRANSFER,4846.13,2020-04-27,atm,Engineer Efficient Models
T0000732,A00052,C0030,TRANSFER,2545.58,2019-09-08,atm,Optimize Bricks-And-Clicks Applications
T0000733,A00052,C0030,transfer,3981.25,2016-05-08,mobile,Syndicate User-Centric Portals
T0000734,A00052,C0030,payment,2652.15,2020-06-02,branch,Whiteboard Collaborative Initiatives
T0000735,A00052,C0030,deposit,2943.65,2022-11-04,online,Disintermediate Vertical Portals
T0000736,A00052,C0030,withdrawal,6377.93,03-02-2015,branch,Leverage Leading-Edge Eyeballs
T0000737,A00052,C0030,TRANSFER,3328.76,2023-11-12,online,Harness Plug-And-Play Channels
T0000738,A00052,C0030,withdrawal,6452.23,08-22-2018,branch,Seize Granular Markets
T0000739,A00052,C0030,transfer,5526.34,01-09-2015,atm,Empower Bricks-And-Clicks E-Markets
T0000740,A00052,C0030,deposit,4539.25,2023-10-04,atm,Whiteboard Synergistic Markets
T0000741,A00052,C0030,deposit,10303.25,07-01-2023,atm,Envisioneer Distributed Deliverables
T0000742,A00052,C0030,transfer,4935.63,2019-05-04,online,Whiteboard Intuitive Mindshare
T0000743,A00052,C0030,deposit,,03-24-2024,atm,Aggregate Viral Platforms
T0000744,A00052,C0030,withdrawal,3806.51,06-09-2022,online,Expedite Frictionless Users
T0000745,A00052,C0030,deposit,2373.03,2022-02-19,mobile,Harness Turn-Key Methodologies
T0000746,A00052,C0030,payment,2688.83,2024-11-24,mobile,Exploit Seamless Niches
T0000747,A00053,C0030,DEPOSIT,7840.04,2022-12-10,atm,Innovate Bricks-And-Clicks Platforms
T0000748,A00053,C0030,withdrawal,1681.93,11-03-2020,atm,Incubate Synergistic Eyeballs
T0000749,A00053,C0030,PAYMENT,2389.39,07-31-2023,online,Implement Global Deliverables
T0000750,A00053,C0030,deposit,516.04,04-15-2016,mobile,Envisioneer Out-Of-The-Box Models
T0000751,A00053,C0030,withdrawal,1344.44,2021-08-22,mobile,Deploy Cross-Platform Communities
T0000752,A00053,C0030,TRANSFER,6919.46,2016-09-18,atm,Transform Killer Eyeballs
T0000753,A00053,C0030,payment,2132.42,2022-07-10,atm,Deliver Magnetic Solutions
T0000754,A00053,C0030,deposit,13161.88,2019-04-04,atm,Generate One-To-One E-Markets
T0000755,A00053,C0030,payment,914.86,2019-09-07,atm,Target Intuitive Initiatives
T0000756,A00053,C0030,deposit,11784.91,07-29-2016,branch,Transition End-To-End Web-Readiness
T0000757,A00053,C0030,DEPOSIT,7614.62,11-09-2024,mobile,Syndicate Cross-Media Content
T0000758,A00053,C0030,withdrawal,1537.89,2024-10-05,mobile,Scale Bricks-And-Clicks Channels
T0000759,A00053,C0030,payment,937.97,2022-10-30,atm,Transition Visionary Metrics
T0000760,A00053,C0030,transfer,804.05,2016-03-21,branch,Mesh Cross-Platform Roi
T0000761,A00053,C0030,TRANSFER,3685.76,11-30-2016,online,Unleash Seamless Web-Readiness
T0000762,A00053,C0030,WITHDRAWAL,371.36,08-29-2014,online,Extend 24/7 E-Services
T0000763,A00053,C0030,withdrawal,388.2,2018-05-09,atm,Enable B2B E-Services
T0000764,A00053,C0030,withdrawal,2510.9,2014-11-13,branch,Monetize End-To-End E-Tailers
T0000765,A00053,C0030,deposit,4334.18,2018-03-19,atm,Enable Strategic E-Commerce
T0000766,A00053,C0030,WITHDRAWAL,958.85,04-13-2023,branch,Scale One-To-One Partnerships
T0000767,A00053,C0030,deposit,278.09,2016-05-19,online,Utilize Compelling E-Commerce
T0000768,A00054,C0031,withdrawal,2561.51,10-04-2024,branch,Integrate 24/365 Platforms
T0000769,A00054,C0031,withdrawal,1386.77,04-22-2023,atm,Integrate Leading-Edge Info-Mediaries
T0000770,A00054,C0031,withdrawal,424.79,2023-08-13,online,Embrace Dot-Com Paradigms
T0000771,A00054,C0031,PAYMENT,160.86,2024-05-10,mobile,Optimize Seamless Web Services
T0000772,A00054,C0031,deposit,5909.16,2022-01-07,mobile,Implement Mission-Critical Initiatives
T0000773,A00054,C0031,withdrawal,6543.19,2023-09-17,online,Redefine Best-Of-Breed Applications
T0000774,A00054,C0031,withdrawal,761.47,2024-04-29,mobile,Productize 24/365 Roi
T0000775,A00054,C0031,WITHDRAWAL,5482.13,2022-04-06,mobile,Repurpose Cross-Media Web-Readiness
T0000776,A00054,C0031,deposit,3395.73,2024-05-09,atm,Evolve B2B Niches
T0000777,A00054,C0031,withdrawal,5602.92,2023-10-03,atm,Benchmark Cross-Media Convergence
T0000778,A00054,C0031,withdrawal,261.51,2023-07-16,mobile,Leverage Web-Enabled Mindshare
T0000779,A00054,C0031,withdrawal,3700.71,2022-05-08,branch,Maximize Innovative Platforms
T0000780,A00054,C0031,transfer,4843.43,2023-04-20,branch,Transition Value-Added Deliverables
T0000781,A00054,C0031,deposit,12272.42,2024-07-25,online,Architect Dynamic Technologies
T0000782,A00055,C0032,transfer,6343.6,2024-07-12,mobile,Leverage Clicks-And-Mortar Platforms
T0000783,A00055,C0032,transfer,1923.83,2022-10-15,branch,Re-Contextualize Killer Mindshare
T0000784,A00055,C0032,deposit,7261.5,2024-06-09,online,Iterate Collaborative Relationships
T0000785,A00055,C0032,deposit,10426.19,02-11-2022,mobile,Scale Viral Systems
T0000786,A00055,C0032,withdrawal,2750.76,2023-03-06,branch,Innovate Sticky Roi
T0000787,A00055,C0032,transfer,641.6,2020-03-26,mobile,E-Enable Synergistic Architectures
T0000788,A00055,C0032,transfer,3714.01,2019-07-30,online,Brand Killer Mindshare
T0000789,A00055,C0032,deposit,14340.46,2023-04-15,online,Enhance Transparent Initiatives
T0000790,A00055,C0032,transfer,4779.32,2019-07-07,mobile,Engineer Turn-Key Initiatives
T0000791,A00055,C0032,WITHDRAWAL,5288.11,2021-12-19,online,Target One-To-One Deliverables
T0000792,A00055,C0032,PAYMENT,2662.91,09-25-2020,online,Enable Rich Relationships
T0000793,A00055,C0032,transfer,3634.74,2019-12-09,atm,Unleash Front-End Schemas
T0000794,A00055,C0032,TRANSFER,3588.33,2022-09-01,branch,Drive Revolutionary Infrastructures
T0000795,A00055,C0032,deposit,11925.48,11-04-2021,atm,Harness Rich Initiatives
T0000796,A00055,C0032,transfer,7322.64,2023-03-03,online,Synergize Front-End Bandwidth
T0000797,A00055,C0032,deposit,14797.0,2024-10-29,mobile,Expedite Extensible Methodologies
T0000798,A00055,C0032,payment,196.61,2019-09-22,online,E-Enable Visionary E-Services
T0000799,A00055,C0032,TRANSFER,,04-21-2018,atm,Engage Transparent Technologies
T0000800,A00056,C0033,payment,713.37,2018-11-01,mobile,Iterate Cutting-Edge Solutions
T0000801,A00056,C0033,transfer,3260.14,2019-08-23,mobile,Iterate Innovative Info-Mediaries
T0000802,A00056,C0033,deposit,2642.48,2024-09-24,branch,Innovate Out-Of-The-Box Roi
T0000803,A00056,C0033,withdrawal,6749.75,09-22-2016,atm,Implement Holistic Methodologies
T0000804,A00056,C0033,deposit,14961.97,2021-11-11,branch,Transform Impactful Systems
T0000805,A00056,C0033,deposit,9743.42,2015-07-09,branch,Mesh Strategic Initiatives
T0000806,A00056,C0033,TRANSFER,,2023-06-04,branch,Orchestrate Impactful Interfaces
T0000807,A00056,C0033,DEPOSIT,12098.83,2014-05-28,mobile,Scale Sticky Communities
T0000808,A00056,C0033,transfer,3646.07,2022-01-20,mobile,Optimize Bricks-And-Clicks Solutions
T0000809,A00056,C0033,payment,1160.3,2024-11-20,branch,Facilitate 24/365 Metrics
T0000810,A00056,C0033,withdrawal,79.29,2016-09-03,mobile,Iterate Wireless Initiatives
T0000811,A00057,C0033,deposit,13902.14,2023-07-20,atm,Enhance Cutting-Edge Models
T0000812,A00057,C0033,fee,30.57,2013-01-17,atm,Empower Real-Time Experiences
T0000813,A00057,C0033,TRANSFER,,2014-11-01,online,Strategize Synergistic Info-Mediaries
T0000814,A00057,C0033,transfer,4220.74,2015-06-25,atm,Repurpose Wireless Models
T0000815,A00057,C0033,WITHDRAWAL,4196.39,2022-09-21,online,Deliver Efficient Eyeballs
T0000816,A00057,C0033,WITHDRAWAL,5938.66,10-17-2017,online,Revolutionize Ubiquitous Platforms
T0000817,A00057,C0033,payment,944.37,05-22-2024,online,Embrace Dot-Com Models
T0000818,A00057,C0033,withdrawal,106.05,2020-01-01,mobile,Synthesize Bleeding-Edge Functionalities
T0000819,A00057,C0033,payment,1726.16,2023-10-17,atm,Enable Proactive Platforms
T0000820,A00057,C0033,withdrawal,7822.53,2021-09-26,atm,Extend Scalable Partnerships
T0000821,A00057,C0033,deposit,10441.01,2018-10-13,atm,Synthesize Proactive Roi
T0000822,A00057,C0033,deposit,9458.04,2024-12-08,branch,Synergize World-Class Eyeballs
T0000823,A00057,C0033,transfer,2348.19,2013-06-14,online,Monetize Mission-Critical Partnerships
T0000824,A00057,C0033,withdrawal,1032.03,2018-09-23,online,Repurpose Rich Bandwidth
T0000825,A00057,C0033,deposit,9256.18,07-12-2018,atm,Aggregate Distributed Web Services
T0000826,A00058,C0033,transfer,4838.5,2012-01-21,branch,Synthesize Holistic Mindshare
T0000827,A00058,C0033,withdrawal,1419.69,2021-10-02,branch,Morph Cross-Platform Users
T0000828,A00058,C0033,deposit,7934.46,2022-08-12,online,Incubate Vertical Paradigms
T0000829,A00059,C0034,fee,,09-14-2018,branch,Brand 24/7 Architectures
T0000830,A00059,C0034,transfer,3315.32,2023-04-27,mobile,Grow Turn-Key Architectures
T0000831,A00059,C0034,transfer,5813.47,06-04-2020,branch,Grow Ubiquitous Paradigms
T0000832,A00059,C0034,withdrawal,6737.83,2020-02-14,online,Integrate Virtual Schemas
T0000833,A00059,C0034,deposit,12301.99,2024-12-16,online,Repurpose Seamless Communities
T0000834,A00059,C0034,withdrawal,3820.33,2019-08-21,mobile,Synthesize User-Centric Channels
T0000835,A00059,C0034,DEPOSIT,10268.47,2023-09-24,mobile,Monetize Integrated Models
T0000836,A00059,C0034,DEPOSIT,7980.11,2023-01-29,mobile,Engineer One-To-One Networks
T0000837,A00059,C0034,DEPOSIT,11969.77,2017-11-21,mobile,Innovate Holistic Web Services
T0000838,A00059,C0034,fee,35.73,2021-04-19,online,Engage Collaborative Info-Mediaries
T0000839,A00059,C0034,payment,1915.9,2018-11-06,mobile,Engage Granular Mindshare
T0000840,A00059,C0034,payment,2576.48,2024-08-08,atm,Streamline Impactful Portals
T0000841,A00059,C0034,deposit,1519.24,2020-10-15,mobile,Synthesize Enterprise E-Business
T0000842,A00059,C0034,transfer,5997.75,2022-12-05,branch,Innovate Synergistic Technologies
T0000843,A00059,C0034,WITHDRAWAL,5528.42,08-03-2023,branch,Harness Leading-Edge Web-Readiness
T0000844,A00059,C0034,withdrawal,5388.96,2021-04-09,online,Benchmark Revolutionary Channels
T0000845,A00059,C0034,withdrawal,4211.61,2017-11-21,mobile,E-Enable Bricks-And-Clicks Convergence
T0000846,A00059,C0034,DEPOSIT,4285.29,09-12-2021,branch,Exploit Proactive Functionalities
T0000847,A00060,C0034,transfer,473.92,05-31-2018,branch,Facilitate Enterprise Platforms
T0000848,A00060,C0034,transfer,5670.44,2024-11-13,online,Brand Cross-Media Convergence
T0000849,A00060,C0034,payment,398.42,02-11-2019,branch,Deploy Cross-Media Markets
T0000850,A00060,C0034,TRANSFER,2041.62,2019-05-23,mobile,Repurpose Interactive Action-Items
T0000851,A00060,C0034,transfer,7383.11,2018-12-30,atm,Incentivize Extensible Applications
T0000852,A00060,C0034,TRANSFER,5347.28,12-07-2022,atm,Evolve Innovative Content
T0000853,A00060,C0034,deposit,1156.26,01-12-2021,online,Embrace Cross-Platform Communities
T0000854,A00060,C0034,withdrawal,7967.75,06-09-2022,atm,Utilize World-Class Paradigms
T0000855,A00060,C0034,deposit,1087.51,2021-02-11,branch,Target Cutting-Edge Networks
T0000856,A00061,C0034,deposit,7406.26,2022-05-03,branch,Deliver Next-Generation Niches
T0000857,A00061,C0034,transfer,1762.72,2023-12-30,online,Utilize Collaborative Applications
T0000858,A00061,C0034,transfer,844.23,2022-11-19,online,Utilize Turn-Key Architectures
T0000859,A00061,C0034,withdrawal,2019.76,2018-09-21,mobile,Maximize Integrated Vortals
T0000860,A00061,C0034,payment,455.07,02-21-2018,online,Maximize Mission-Critical Models
T0000861,A00062,C0035,withdrawal,1229.83,2023-02-23,atm,Transform Best-Of-Breed Supply-Chains
T0000862,A00062,C0035,withdrawal,4132.76,2020-01-30,mobile,Synthesize Cross-Platform Communities
T0000863,A00062,C0035,WITHDRAWAL,6755.51,2021-01-20,online,Re-Intermediate Seamless Relationships
T0000864,A00062,C0035,deposit,5797.14,2021-10-01,mobile,Brand 24/365 Models
T0000865,A00062,C0035,withdrawal,7481.64,2017-01-19,atm,Whiteboard Intuitive Users
T0000866,A00062,C0035,transfer,3216.91,2019-06-07,online,Architect Front-End Portals
T0000867,A00062,C0035,withdrawal,7688.19,2019-10-16,online,Streamline Seamless Networks
T0000868,A00062,C0035,transfer,2333.87,2020-11-05,branch,Strategize Magnetic E-Business
T0000869,A00062,C0035,withdrawal,7740.75,2017-09-03,branch,Extend E-Business Applications
T0000870,A00063,C0035,WITHDRAWAL,872.01,09-29-2022,atm,Transform Cross-Platform Niches
T0000871,A00063,C0035,deposit,9510.23,2020-05-24,branch,Optimize Collaborative E-Commerce
T0000872,A00063,C0035,deposit,429.2,07-05-2016,branch,Architect Cross-Media Partnerships
T0000873,A00063,C0035,withdrawal,6346.06,2020-06-04,atm,Visualize Seamless Mindshare
T0000874,A00063,C0035,withdrawal,6677.32,2020-07-17,mobile,Exploit Seamless E-Commerce
T0000875,A00063,C0035,deposit,888.01,02-15-2015,online,Repurpose Turn-Key Solutions
T0000876,A00063,C0035,deposit,12116.2,06-27-2019,mobile,Deploy Wireless Portals
T0000877,A00063,C0035,payment,1614.32,2022-07-18,branch,Re-Intermediate Ubiquitous Web Services
T0000878,A00063,C0035,deposit,2166.78,10-01-2015,online,Engineer Viral Web-Readiness
T0000879,A00063,C0035,payment,1858.93,2020-03-23,branch,Whiteboard Viral Networks
T0000880,A00063,C0035,transfer,134.63,2022-10-21,online,Synthesize Killer Web Services
T0000881,A00063,C0035,payment,300.9,05-21-2018,branch,Transition Plug-And-Play Niches
T0000882,A00063,C0035,transfer,6546.05,2024-04-22,online,Re-Contextualize User-Centric Networks
T0000883,A00063,C0035,WITHDRAWAL,6397.42,2016-03-21,branch,Drive Leading-Edge Deliverables
T0000884,A00063,C0035,payment,1284.37,2015-08-25,mobile,Aggregate Bricks-And-Clicks Bandwidth
T0000885,A00063,C0035,DEPOSIT,10277.12,07-30-2018,branch,Orchestrate Web-Enabled Eyeballs
T0000886,A00063,C0035,PAYMENT,2381.37,07-19-2018,online,Extend Seamless E-Commerce
T0000887,A00064,C0036,deposit,4144.71,02-07-2023,mobile,Deploy Turn-Key Partnerships
T0000888,A00064,C0036,TRANSFER,4436.19,2021-03-23,mobile,Whiteboard Best-Of-Breed E-Markets
T0000889,A00064,C0036,payment,131.69,2022-01-26,online,Empower Front-End Experiences
T0000890,A00064,C0036,transfer,,2023-07-23,mobile,Leverage Dot-Com Methodologies
T0000891,A00064,C0036,deposit,2732.22,2020-03-30,online,Expedite Web-Enabled Interfaces
T0000892,A00064,C0036,withdrawal,6463.15,2022-07-10,mobile,Incentivize One-To-One Eyeballs
T0000893,A00064,C0036,deposit,9615.39,2020-10-05,mobile,Aggregate Proactive Action-Items
T0000894,A00064,C0036,DEPOSIT,,12-17-2023,online,Exploit Extensible Bandwidth
T0000895,A00064,C0036,transfer,4904.16,2021-05-11,online,Synthesize User-Centric E-Commerce
T0000896,A00064,C0036,withdrawal,56.47,2022-09-19,branch,Visualize Robust Solutions
T0000897,A00064,C0036,deposit,7976.48,2021-06-29,online,Leverage Real-Time Channels
T0000898,A00064,C0036,payment,2960.48,2023-05-26,branch,Utilize Back-End Niches
T0000899,A00064,C0036,transfer,5281.43,2024-07-18,atm,Repurpose Virtual Experiences
T0000900,A00065,C0037,deposit,2280.8,2021-01-07,mobile,Iterate Revolutionary Models
T0000901,A00066,C0038,DEPOSIT,13843.96,06-15-2020,online,Generate Vertical Markets
T0000902,A00066,C0038,withdrawal,1692.53,2023-01-30,atm,Cultivate Strategic Vortals
T0000903,A00066,C0038,transfer,7122.84,2021-05-04,mobile,Expedite Seamless Partnerships
T0000904,A00066,C0038,DEPOSIT,834.23,2019-09-16,branch,Productize Transparent Relationships
T0000905,A00066,C0038,payment,1460.33,2020-05-08,online,Repurpose E-Business Interfaces
T0000906,A00066,C0038,payment,2167.0,2019-11-12,atm,E-Enable Global Action-Items
T0000907,A00066,C0038,deposit,10168.95,10-25-2021,atm,Embrace 24/7 Deliverables
T0000908,A00066,C0038,TRANSFER,2622.54,2020-10-03,online,Repurpose Dot-Com Models
T0000909,A00066,C0038,transfer,6961.69,2020-10-17,mobile,Matrix E-Business Action-Items
T0000910,A00066,C0038,deposit,7091.3,2024-06-18,mobile,Expedite 24/7 Vortals
T0000911,A00066,C0038,payment,443.37,10-09-2019,mobile,Facilitate Integrated Action-Items
T0000912,A00066,C0038,withdrawal,1108.51,2020-06-18,branch,Re-Contextualize Cutting-Edge E-Tailers
T0000913,A00066,C0038,withdrawal,2172.16,01-04-2023,atm,Orchestrate Sticky Roi
T0000914,A00066,C0038,deposit,8551.55,03-06-2020,atm,Architect Efficient Systems
T0000915,A00066,C0038,deposit,7009.74,2020-03-25,mobile,Deploy Dot-Com Applications
T0000916,A00066,C0038,transfer,1774.43,2020-06-04,atm,Streamline Holistic Users
T0000917,A00066,C0038,DEPOSIT,11928.75,2022-11-07,branch,Disintermediate One-To-One Vortals
T0000918,A00066,C0038,fee,43.48,2022-09-15,online,Incubate Cutting-Edge Info-Mediaries
T0000919,A00066,C0038,payment,1472.75,10-10-2021,branch,Innovate Interactive Niches
T0000920,A00066,C0038,WITHDRAWAL,3712.85,2022-10-13,online,Matrix B2B Relationships
T0000921,A00066,C0038,withdrawal,6983.34,2023-07-24,branch,Syndicate Out-Of-The-Box Content
T0000922,A00066,C0038,withdrawal,1794.8,04-20-2021,branch,Utilize Robust Web Services
T0000923,A00066,C0038,WITHDRAWAL,60.52,08-03-2024,online,Exploit Scalable Web Services
T0000924,A00067,C0038,transfer,4043.65,2022-02-17,mobile,Incentivize Dot-Com Schemas
T0000925,A00068,C0039,withdrawal,6388.18,2019-08-19,online,Synergize Extensible Functionalities
T0000926,A00068,C0039,withdrawal,683.07,04-13-2020,online,Scale Bricks-And-Clicks Methodologies
T0000927,A00068,C0039,transfer,7600.47,2022-12-25,branch,Embrace Web-Enabled Systems
T0000928,A00068,C0039,deposit,9732.22,2019-03-25,online,Synergize Value-Added Interfaces
T0000929,A00068,C0039,withdrawal,2452.6,2015-05-22,mobile,Re-Contextualize Dot-Com Content
T0000930,A00068,C0039,withdrawal,4677.61,2024-10-30,mobile,Evolve Web-Enabled Content
T0000931,A00068,C0039,transfer,6996.11,2020-05-29,mobile,Architect Granular Systems
T0000932,A00068,C0039,payment,,04-13-2017,mobile,Whiteboard Turn-Key Experiences
T0000933,A00068,C0039,transfer,6885.85,02-07-2023,online,Deploy Robust Niches
T0000934,A00068,C0039,payment,1005.39,2019-07-11,online,Cultivate Strategic Models
T0000935,A00068,C0039,withdrawal,2172.92,07-14-2018,branch,Syndicate Transparent Supply-Chains
T0000936,A00068,C0039,transfer,4971.23,2024-01-16,atm,Unleash Cutting-Edge Platforms
T0000937,A00068,C0039,payment,1549.06,2023-06-17,atm,Transition Granular Portals
T0000938,A00068,C0039,deposit,5515.58,10-15-2015,online,Deliver Innovative Convergence
T0000939,A00068,C0039,withdrawal,5192.42,2019-04-23,online,Deploy World-Class Bandwidth
T0000940,A00068,C0039,TRANSFER,1653.61,06-30-2021,atm,Scale Proactive Markets
T0000941,A00068,C0039,withdrawal,5199.33,2017-11-19,branch,Visualize Viral Functionalities
T0000942,A00068,C0039,TRANSFER,1818.99,08-27-2023,atm,Grow Global Synergies
T0000943,A00068,C0039,withdrawal,3394.97,2018-03-17,online,Strategize 24/365 Functionalities
T0000944,A00068,C0039,withdrawal,3630.24,2015-12-02,online,Monetize Turn-Key Networks
T0000945,A00068,C0039,transfer,5432.9,2020-06-24,atm,Evolve One-To-One Communities
T0000946,A00068,C0039,TRANSFER,6403.23,2020-04-11,online,Incentivize End-To-End Metrics
T0000947,A00068,C0039,PAYMENT,1379.04,04-27-2017,online,Innovate Transparent Vortals
T0000948,A00068,C0039,payment,872.23,2019-08-04,online,Grow Compelling Channels
T0000949,A00069,C0039,deposit,10471.38,2016-08-15,mobile,Morph Virtual Methodologies
T0000950,A00069,C0039,payment,1566.86,06-18-2016,online,Benchmark World-Class Technologies
T0000951,A00069,C0039,withdrawal,5465.58,01-23-2018,branch,Aggregate Strategic E-Markets
T0000952,A00069,C0039,withdrawal,3562.0,2020-02-03,online,Disintermediate Viral Interfaces
T0000953,A00069,C0039,DEPOSIT,379.45,2018-01-17,branch,Matrix Enterprise Networks
T0000954,A00069,C0039,PAYMENT,1937.57,2024-02-20,mobile,Enhance Vertical Web-Readiness
T0000955,A00069,C0039,WITHDRAWAL,5175.49,2021-04-07,atm,Re-Contextualize Bleeding-Edge Infrastructures
T0000956,A00069,C0039,transfer,5580.97,2020-03-24,mobile,Target 24/365 Portals
T0000957,A00069,C0039,WITHDRAWAL,1072.99,2019-11-29,atm,Scale Frictionless Markets
T0000958,A00069,C0039,payment,688.08,09-13-2016,atm,Strategize Cutting-Edge Metrics
T0000959,A00069,C0039,transfer,397.61,01-03-2018,atm,Morph B2C Infrastructures
T0000960,A00070,C0039,FEE,32.84,2019-11-10,branch,Disintermediate Frictionless Networks
T0000961,A00070,C0039,withdrawal,1474.6,09-23-2022,branch,Embrace Value-Added Deliverables
T0000962,A00070,C0039,transfer,7239.59,2024-02-27,branch,Brand Ubiquitous Methodologies
T0000963,A00071,C0040,deposit,14906.91,2019-02-18,branch,Synthesize 24/7 E-Services
T0000964,A00071,C0040,deposit,2808.22,2021-05-29,online,Unleash Best-Of-Breed Solutions
T0000965,A00071,C0040,withdrawal,2763.9,2023-12-06,atm,Cultivate Real-Time Technologies
T0000966,A00071,C0040,withdrawal,1317.53,2021-06-29,atm,Extend Rich Architectures
T0000967,A00071,C0040,payment,1219.64,2017-10-29,mobile,Enable User-Centric E-Tailers
T0000968,A00071,C0040,PAYMENT,2784.16,2018-02-04,branch,Expedite Killer Technologies
T0000969,A00071,C0040,fee,29.58,2016-07-06,atm,Drive Dynamic E-Markets
T0000970,A00071,C0040,TRANSFER,3801.81,2023-09-22,atm,Reinvent Transparent Eyeballs
T0000971,A00071,C0040,fee,30.82,12-03-2024,branch,Utilize Distributed Portals
T0000972,A00071,C0040,TRANSFER,7379.89,2022-10-21,atm,Incentivize Customized Action-Items
T0000973,A00071,C0040,deposit,7210.77,2024-03-11,online,Disintermediate Ubiquitous Infrastructures
T0000974,A00071,C0040,transfer,952.67,2018-01-11,online,Implement Collaborative Channels
T0000975,A00071,C0040,transfer,1778.51,2020-12-20,atm,Cultivate World-Class Interfaces
T0000976,A00072,C0041,DEPOSIT,9637.62,2020-04-03,branch,Innovate Killer Architectures
T0000977,A00072,C0041,DEPOSIT,1299.66,03-03-2019,mobile,Unleash Cutting-Edge Metrics
T0000978,A00072,C0041,fee,22.75,2014-11-23,mobile,Morph Intuitive Platforms
T0000979,A00072,C0041,transfer,4102.22,2020-01-24,online,Engage Leading-Edge Markets
T0000980,A00072,C0041,withdrawal,5733.39,2021-01-12,mobile,Facilitate Web-Enabled Info-Mediaries
T0000981,A00072,C0041,withdrawal,117.28,03-24-2021,atm,Redefine Synergistic Metrics
T0000982,A00072,C0041,withdrawal,3575.7,10-25-2020,online,Repurpose Revolutionary Synergies
T0000983,A00072,C0041,transfer,3564.88,10-09-2017,mobile,Morph Enterprise Content
T0000984,A00072,C0041,deposit,12094.81,11-10-2022,mobile,Strategize Out-Of-The-Box Channels
T0000985,A00072,C0041,deposit,8828.34,2022-03-24,online,Productize Revolutionary Applications
T0000986,A00073,C0042,WITHDRAWAL,7907.29,2016-03-31,atm,Reinvent Back-End Communities
T0000987,A00073,C0042,PAYMENT,1776.13,2014-08-28,mobile,Deliver Rich Supply-Chains
T0000988,A00073,C0042,deposit,9600.15,2014-11-28,atm,Matrix Plug-And-Play Channels
T0000989,A00073,C0042,deposit,6958.69,2018-07-25,branch,Evolve Turn-Key Deliverables
T0000990,A00073,C0042,DEPOSIT,5757.45,2016-02-25,mobile,Brand B2B Portals
T0000991,A00073,C0042,PAYMENT,912.96,05-22-2014,atm,Embrace Turn-Key Paradigms
T0000992,A00073,C0042,WITHDRAWAL,3718.35,2019-06-16,online,Enable Rich Niches
T0000993,A00073,C0042,deposit,3977.02,10-15-2022,mobile,Extend Bricks-And-Clicks E-Commerce
T0000994,A00073,C0042,transfer,7143.64,2015-04-23,mobile,Envisioneer Back-End E-Business
T0000995,A00073,C0042,withdrawal,,12-05-2015,branch,E-Enable Back-End Deliverables
T0000996,A00073,C0042,deposit,4194.39,2014-03-27,online,Harness User-Centric Communities
T0000997,A00073,C0042,transfer,4656.9,2020-08-19,mobile,Harness Holistic Eyeballs
T0000998,A00074,C0043,fee,41.82,2022-12-18,atm,Engage Visionary Markets
T0000999,A00074,C0043,transfer,160.01,10-13-2023,atm,Aggregate B2C Markets
T0001000,A00074,C0043,transfer,1186.17,2015-12-10,mobile,Enhance Viral Paradigms
T0001001,A00074,C0043,withdrawal,442.05,04-29-2015,atm,Syndicate Back-End Communities
T0001002,A00074,C0043,transfer,7642.15,2021-09-11,online,Unleash Plug-And-Play E-Commerce
T0001003,A00074,C0043,DEPOSIT,9602.25,2018-10-15,online,Embrace Rich Paradigms
T0001004,A00074,C0043,deposit,9439.05,2023-10-24,online,Grow Synergistic Schemas
T0001005,A00074,C0043,withdrawal,6982.1,2016-01-14,atm,Synthesize Ubiquitous Models
T0001006,A00074,C0043,transfer,5513.01,2018-05-17,online,Embrace B2B Initiatives
T0001007,A00074,C0043,transfer,6590.05,04-09-2024,online,Seize E-Business E-Tailers
T0001008,A00074,C0043,withdrawal,2996.65,05-11-2015,mobile,Cultivate Front-End Roi
T0001009,A00074,C0043,withdrawal,7288.09,2021-07-12,online,E-Enable Frictionless Mindshare
T0001010,A00074,C0043,DEPOSIT,3355.65,2017-03-04,branch,Transition Real-Time Networks
T0001011,A00074,C0043,transfer,6654.7,10-25-2024,online,Productize Killer Applications
T0001012,A00074,C0043,withdrawal,629.67,2021-08-24,branch,Implement Viral E-Markets
T0001013,A00074,C0043,withdrawal,2506.36,09-04-2012,atm,Redefine Intuitive Action-Items
T0001014,A00075,C0044,payment,1796.97,2023-04-06,atm,Revolutionize Rich Methodologies
T0001015,A00075,C0044,transfer,249.5,2021-09-30,online,Transform Open-Source Web-Readiness
T0001016,A00075,C0044,deposit,10428.95,2022-01-11,branch,Envisioneer 24/7 Interfaces
T0001017,A00075,C0044,deposit,1996.76,07-04-2022,online,Disintermediate Sticky Vortals
T0001018,A00075,C0044,transfer,6276.56,2023-03-02,online,Orchestrate Proactive Infrastructures
T0001019,A00075,C0044,TRANSFER,6063.53,2020-11-20,online,Target Compelling Bandwidth
T0001020,A00075,C0044,DEPOSIT,11906.17,2021-11-19,online,Whiteboard Real-Time Metrics
T0001021,A00075,C0044,deposit,3832.54,2023-05-31,online,Repurpose Clicks-And-Mortar Supply-Chains
T0001022,A00075,C0044,TRANSFER,6041.31,2022-06-22,online,Integrate Customized Vortals
T0001023,A00075,C0044,DEPOSIT,13522.56,2024-02-27,branch,Drive End-To-End E-Tailers
T0001024,A00075,C0044,withdrawal,744.42,07-17-2024,atm,Cultivate Scalable Experiences
T0001025,A00075,C0044,withdrawal,1301.25,01-13-2024,branch,Envisioneer World-Class Markets
T0001026,A00076,C0044,deposit,12302.82,09-26-2023,online,Extend Intuitive Schemas
T0001027,A00076,C0044,deposit,2913.64,07-04-2023,atm,Expedite Enterprise Infrastructures
T0001028,A00076,C0044,payment,1616.01,2021-07-02,online,Strategize Dot-Com Roi
T0001029,A00076,C0044,payment,2555.38,2021-09-27,mobile,Incentivize Wireless Infrastructures
T0001030,A00076,C0044,transfer,1497.3,2022-08-05,online,Utilize Best-Of-Breed Communities
T0001031,A00077,C0044,fee,24.08,2023-01-19,branch,Synergize Wireless Technologies
T0001032,A00077,C0044,deposit,14769.96,05-07-2023,online,Visualize B2C Initiatives
T0001033,A00077,C0044,deposit,2081.89,2023-09-04,atm,Monetize Holistic E-Commerce
T0001034,A00077,C0044,WITHDRAWAL,344.06,2022-09-05,atm,Extend Extensible Methodologies
T0001035,A00077,C0044,deposit,4289.99,2023-10-31,atm,Expedite End-To-End Convergence
T0001036,A00077,C0044,fee,24.98,11-30-2024,mobile,Repurpose Mission-Critical Relationships
T0001037,A00077,C0044,fee,24.26,2022-09-10,online,Deliver 24/365 Models
T0001038,A00077,C0044,payment,1108.65,2023-09-24,online,Grow Integrated Info-Mediaries
T0001039,A00077,C0044,withdrawal,859.27,2024-11-03,mobile,Empower Cutting-Edge Infrastructures
T0001040,A00077,C0044,transfer,698.35,2023-12-29,branch,Engineer Cutting-Edge Relationships
T0001041,A00077,C0044,withdrawal,4732.65,2023-04-11,online,Re-Intermediate Viral E-Commerce
T0001042,A00077,C0044,deposit,14629.35,01-03-2022,atm,Whiteboard Cutting-Edge Infrastructures
T0001043,A00077,C0044,transfer,7925.48,2022-03-09,online,Integrate Cross-Platform Bandwidth
T0001044,A00078,C0045,transfer,2242.58,03-02-2022,atm,Innovate Magnetic Experiences
T0001045,A00078,C0045,payment,1074.73,08-16-2024,mobile,Innovate B2C Models
T0001046,A00078,C0045,withdrawal,1196.05,2022-11-02,mobile,Mesh Strategic Technologies
T0001047,A00078,C0045,deposit,7365.65,2018-08-13,branch,Target User-Centric Infrastructures
T0001048,A00078,C0045,payment,98.87,06-13-2024,online,Redefine Compelling Content
T0001049,A00078,C0045,WITHDRAWAL,233.46,2018-03-03,branch,Orchestrate End-To-End Methodologies
T0001050,A00078,C0045,transfer,2629.11,2021-09-11,atm,Productize Seamless Action-Items
T0001051,A00078,C0045,transfer,6086.17,2024-05-18,mobile,Mesh Cutting-Edge Technologies
T0001052,A00078,C0045,deposit,9948.29,2022-08-18,mobile,Maximize Scalable Schemas
T0001053,A00078,C0045,deposit,5187.05,2023-01-24,online,Optimize Revolutionary Mindshare
T0001054,A00078,C0045,FEE,44.61,2017-10-04,online,Transform Cutting-Edge E-Markets
T0001055,A00078,C0045,withdrawal,6825.94,09-15-2021,mobile,Transform Plug-And-Play Web Services
T0001056,A00078,C0045,deposit,2694.19,2022-07-23,atm,Drive Dot-Com Convergence
T0001057,A00078,C0045,withdrawal,1093.22,2019-03-31,mobile,Morph Strategic Mindshare
T0001058,A00078,C0045,TRANSFER,4559.46,2022-11-14,mobile,Utilize One-To-One Web Services
T0001059,A00079,C0045,transfer,4586.24,2023-07-11,mobile,Target Virtual Roi
T0001060,A00079,C0045,payment,1524.99,2023-08-14,mobile,E-Enable Impactful Paradigms
T0001061,A00079,C0045,WITHDRAWAL,7767.55,2020-04-07,atm,Evolve Next-Generation Content
T0001062,A00079,C0045,withdrawal,244.61,07-03-2020,online,Harness Ubiquitous Web Services
T0001063,A00079,C0045,payment,1053.14,10-02-2018,online,Grow Back-End Supply-Chains
T0001064,A00079,C0045,WITHDRAWAL,796.85,2024-04-28,atm,Redefine Viral E-Tailers
T0001065,A00080,C0046,withdrawal,5296.7,2020-12-24,branch,Reinvent Strategic Metrics
T0001066,A00080,C0046,transfer,4748.4,2017-01-02,online,Morph Sticky E-Commerce
T0001067,A00080,C0046,deposit,2588.2,2018-07-31,atm,Incubate Vertical Synergies
T0001068,A00080,C0046,WITHDRAWAL,6909.68,2012-07-31,mobile,Strategize One-To-One Synergies
T0001069,A00080,C0046,DEPOSIT,7072.01,2017-09-21,online,Leverage Compelling Bandwidth
T0001070,A00080,C0046,WITHDRAWAL,3134.6,11-03-2018,online,Scale Wireless Web Services
T0001071,A00080,C0046,deposit,10142.91,2022-09-11,atm,Extend Holistic Content
T0001072,A00080,C0046,withdrawal,6123.93,2022-11-19,atm,Re-Intermediate Bricks-And-Clicks Methodologies
T0001073,A00080,C0046,transfer,2919.41,2015-06-25,mobile,Scale Impactful Content
T0001074,A00080,C0046,withdrawal,6781.73,04-07-2016,online,Evolve End-To-End Channels
T0001075,A00080,C0046,DEPOSIT,4014.07,2023-10-05,atm,Implement Dynamic Initiatives
T0001076,A00080,C0046,withdrawal,1822.57,2024-08-09,online,Transition Vertical Solutions
T0001077,A00080,C0046,DEPOSIT,5085.73,2024-09-16,online,Iterate Proactive E-Tailers
T0001078,A00080,C0046,payment,1431.05,2024-06-12,branch,Syndicate B2B Experiences
T0001079,A00080,C0046,payment,1958.1,07-14-2019,atm,Incentivize User-Centric Functionalities
T0001080,A00080,C0046,payment,1304.4,2023-01-23,atm,Iterate Dynamic Infrastructures
T0001081,A00080,C0046,withdrawal,2025.09,2016-03-25,mobile,Monetize Plug-And-Play Eyeballs
T0001082,A00080,C0046,deposit,328.12,2024-01-09,branch,Syndicate Cutting-Edge Web-Readiness
T0001083,A00080,C0046,WITHDRAWAL,5293.23,2024-09-05,mobile,Embrace Frictionless Eyeballs
T0001084,A00081,C0047,PAYMENT,2559.8,2024-06-14,mobile,Extend Visionary Models
T0001085,A00081,C0047,withdrawal,2926.91,2013-11-05,branch,Syndicate Vertical Systems
T0001086,A00081,C0047,deposit,10295.33,2017-11-23,atm,Benchmark Interactive Solutions
T0001087,A00081,C0047,withdrawal,6884.28,2022-04-08,online,Envisioneer Impactful Markets
T0001088,A00081,C0047,payment,808.13,01-25-2017,atm,Facilitate Value-Added Platforms
T0001089,A00081,C0047,deposit,9038.42,2016-02-08,mobile,Whiteboard User-Centric E-Markets
T0001090,A00081,C0047,DEPOSIT,2919.14,11-07-2017,branch,Iterate Rich Applications
T0001091,A00081,C0047,withdrawal,,2019-06-20,mobile,Expedite Distributed Paradigms
T0001092,A00081,C0047,TRANSFER,315.29,2021-12-20,branch,Synthesize Wireless Models
T0001093,A00081,C0047,deposit,3913.03,2018-08-15,atm,Deliver Holistic E-Services
T0001094,A00081,C0047,deposit,12795.19,11-08-2024,mobile,Unleash Leading-Edge Deliverables
T0001095,A00081,C0047,deposit,13452.76,2012-12-13,atm,Utilize Cutting-Edge Networks
T0001096,A00081,C0047,payment,2702.72,03-10-2019,mobile,Harness Innovative Niches
T0001097,A00081,C0047,transfer,,2020-08-27,mobile,Productize Next-Generation Info-Mediaries
T0001098,A00081,C0047,deposit,8586.05,2015-08-28,online,Embrace Rich E-Business
T0001099,A00081,C0047,transfer,4651.75,2024-03-17,atm,Visualize Cross-Media Systems
T0001100,A00082,C0048,DEPOSIT,1878.04,10-15-2014,atm,Scale User-Centric Web-Readiness
T0001101,A00082,C0048,payment,2214.34,02-24-2020,branch,Leverage Front-End Solutions
T0001102,A00082,C0048,deposit,1646.87,2022-04-01,branch,Syndicate Cross-Media Systems
T0001103,A00082,C0048,WITHDRAWAL,2049.36,2018-12-03,online,Enhance Magnetic Applications
T0001104,A00082,C0048,WITHDRAWAL,5602.95,2023-10-06,online,Redefine Cross-Platform Metrics
T0001105,A00082,C0048,withdrawal,3809.34,2019-11-11,branch,Iterate Plug-And-Play Channels
T0001106,A00082,C0048,PAYMENT,2811.55,2018-12-29,atm,Matrix Distributed Architectures
T0001107,A00082,C0048,transfer,6574.5,2023-06-04,online,Deploy Bricks-And-Clicks Info-Mediaries
T0001108,A00082,C0048,payment,1990.05,2013-07-18,online,Exploit Granular E-Business
T0001109,A00082,C0048,deposit,5801.12,2018-02-20,atm,Architect Front-End Infrastructures
T0001110,A00082,C0048,withdrawal,1906.33,2015-07-02,mobile,Repurpose Compelling Channels
T0001111,A00082,C0048,deposit,14413.18,2021-06-23,atm,Reinvent 24/365 Communities
T0001112,A00082,C0048,deposit,12349.48,07-06-2019,branch,Expedite Holistic Platforms
T0001113,A00082,C0048,deposit,13359.19,06-08-2019,mobile,Generate Next-Generation Models
T0001114,A00082,C0048,PAYMENT,2302.56,11-17-2019,mobile,Monetize Web-Enabled E-Tailers
T0001115,A00082,C0048,deposit,1247.41,2013-07-10,mobile,Engage Scalable Web-Readiness
T0001116,A00082,C0048,TRANSFER,,2023-05-01,atm,Seize Back-End Convergence
T0001117,A00082,C0048,payment,2462.52,2022-03-28,branch,Innovate Granular Roi
T0001118,A00082,C0048,withdrawal,2827.81,2018-08-13,atm,Transition Robust Partnerships
T0001119,A00082,C0048,transfer,6100.56,2022-12-06,branch,Facilitate User-Centric Initiatives
T0001120,A00082,C0048,payment,416.92,2022-09-16,mobile,Re-Intermediate Bleeding-Edge Initiatives
T0001121,A00082,C0048,transfer,2523.5,04-02-2017,online,Engage Magnetic Models
T0001122,A00082,C0048,deposit,7769.67,2015-04-01,branch,Morph Cross-Platform Convergence
T0001123,A00083,C0048,withdrawal,6990.58,05-17-2020,branch,Revolutionize Revolutionary Schemas
T0001124,A00083,C0048,deposit,8915.66,2019-01-22,atm,Empower B2C Mindshare
T0001125,A00083,C0048,deposit,6246.72,2019-07-14,branch,Expedite Sticky Markets
T0001126,A00083,C0048,payment,2834.82,2022-01-14,branch,Re-Contextualize Visionary Bandwidth
T0001127,A00083,C0048,payment,2770.11,09-04-2013,branch,E-Enable One-To-One Platforms
T0001128,A00083,C0048,fee,13.92,03-17-2015,branch,Generate Sticky Schemas
T0001129,A00083,C0048,withdrawal,3442.65,2014-04-30,atm,Integrate Sticky Communities
T0001130,A00083,C0048,deposit,5550.41,07-23-2016,online,Whiteboard 24/7 E-Tailers
T0001131,A00083,C0048,transfer,3492.57,07-12-2013,mobile,Redefine Bricks-And-Clicks Communities
T0001132,A00083,C0048,deposit,10717.78,2024-04-18,branch,Drive Distributed Systems
T0001133,A00083,C0048,deposit,7437.81,03-08-2019,branch,Engineer Rich Platforms
T0001134,A00083,C0048,payment,1804.25,11-20-2022,atm,Orchestrate Bricks-And-Clicks Supply-Chains
T0001135,A00083,C0048,withdrawal,3280.02,2017-06-17,branch,Transition Global Initiatives
T0001136,A00083,C0048,deposit,3963.9,2013-11-09,mobile,Iterate 24/365 Systems
T0001137,A00083,C0048,withdrawal,5480.45,10-13-2018,mobile,Deploy Clicks-And-Mortar Action-Items
T0001138,A00083,C0048,deposit,2041.41,2015-02-19,atm,E-Enable Collaborative Supply-Chains
T0001139,A00083,C0048,transfer,5712.42,2022-02-16,mobile,Envisioneer Frictionless Infrastructures
T0001140,A00083,C0048,deposit,8377.15,2018-12-17,online,Empower Out-Of-The-Box E-Markets
T0001141,A00083,C0048,PAYMENT,1418.09,09-04-2020,atm,Disintermediate Interactive Eyeballs
T0001142,A00083,C0048,deposit,7592.9,2014-03-26,mobile,Engineer Next-Generation E-Services
T0001143,A00083,C0048,fee,35.21,12-31-2019,branch,Enable Cutting-Edge E-Markets
T0001144,A00084,C0048,transfer,2097.13,2013-10-03,mobile,Redefine Transparent Bandwidth
T0001145,A00084,C0048,payment,404.44,2020-06-10,atm,Iterate Bricks-And-Clicks Web-Readiness
T0001146,A00084,C0048,withdrawal,2098.04,2024-09-24,atm,Grow B2B Synergies
T0001147,A00084,C0048,fee,27.46,2013-10-28,atm,Unleash Innovative Infrastructures
T0001148,A00084,C0048,payment,855.95,2020-12-02,atm,Facilitate Turn-Key Interfaces
T0001149,A00084,C0048,withdrawal,3497.49,2018-10-01,branch,Revolutionize Frictionless E-Commerce
T0001150,A00084,C0048,transfer,3940.37,2019-11-29,branch,Streamline Impactful Paradigms
T0001151,A00084,C0048,deposit,2271.88,2022-09-14,branch,Repurpose B2C Networks
T0001152,A00084,C0048,deposit,3940.35,12-10-2016,mobile,Streamline Distributed E-Markets
T0001153,A00084,C0048,deposit,13432.87,2022-08-16,mobile,Strategize Seamless Vortals
T0001154,A00084,C0048,WITHDRAWAL,7910.77,2013-10-01,mobile,Redefine Cross-Media Synergies
T0001155,A00084,C0048,withdrawal,6769.79,02-06-2023,branch,Transition Efficient Deliverables
T0001156,A00084,C0048,withdrawal,1645.8,2015-08-10,atm,Re-Intermediate B2B Interfaces
T0001157,A00084,C0048,payment,2252.31,11-19-2016,atm,Grow Best-Of-Breed Users
T0001158,A00084,C0048,transfer,7773.59,2017-08-06,branch,Re-Intermediate Visionary Convergence
T0001159,A00084,C0048,payment,746.01,2022-03-05,mobile,Matrix Wireless Solutions
T0001160,A00084,C0048,payment,87.63,12-13-2014,online,Matrix Seamless Infrastructures
T0001161,A00084,C0048,withdrawal,7434.6,2021-09-04,online,Integrate Open-Source Architectures
T0001162,A00084,C0048,deposit,1261.9,2020-02-03,mobile,Drive End-To-End Deliverables
T0001163,A00084,C0048,TRANSFER,2169.16,2023-01-07,online,Incubate Front-End E-Tailers
T0001164,A00084,C0048,fee,34.53,2020-03-22,mobile,Evolve Extensible Deliverables
T0001165,A00084,C0048,payment,2999.47,2020-02-14,branch,Facilitate Granular Web-Readiness
T0001166,A00084,C0048,payment,2406.66,2017-07-29,atm,Utilize Back-End Action-Items
T0001167,A00084,C0048,payment,2233.96,2020-01-31,mobile,E-Enable Seamless E-Commerce
T0001168,A00084,C0048,withdrawal,1440.53,2014-11-29,mobile,Deliver One-To-One Markets
T0001169,A00085,C0049,payment,497.19,2019-08-21,mobile,E-Enable Out-Of-The-Box Portals
T0001170,A00085,C0049,transfer,7636.37,02-12-2021,branch,Whiteboard Synergistic Initiatives
T0001171,A00085,C0049,DEPOSIT,12026.45,03-12-2020,atm,Streamline 24/7 Systems
T0001172,A00085,C0049,transfer,1067.67,2024-08-02,online,Monetize Clicks-And-Mortar Bandwidth
T0001173,A00085,C0049,withdrawal,1614.97,2024-03-09,mobile,Facilitate Web-Enabled Applications
T0001174,A00085,C0049,WITHDRAWAL,2162.47,2024-06-26,mobile,Maximize Bleeding-Edge Convergence
T0001175,A00085,C0049,transfer,,2020-01-10,branch,Monetize Front-End Web Services
T0001176,A00085,C0049,transfer,761.72,12-15-2021,atm,Generate Global Architectures
T0001177,A00085,C0049,WITHDRAWAL,1809.36,2024-12-23,branch,Mesh Interactive Platforms
T0001178,A00085,C0049,WITHDRAWAL,5043.89,2024-09-27,online,Harness Dynamic Relationships
T0001179,A00086,C0049,withdrawal,7259.52,2022-05-30,mobile,Target Mission-Critical Eyeballs
T0001180,A00086,C0049,deposit,1960.46,2021-06-21,atm,Unleash Cutting-Edge E-Markets
T0001181,A00086,C0049,deposit,6444.59,07-03-2024,online,Evolve E-Business Markets
T0001182,A00086,C0049,deposit,724.17,11-16-2022,online,Brand End-To-End Info-Mediaries
T0001183,A00086,C0049,withdrawal,773.99,2022-08-25,atm,Architect Customized Partnerships
T0001184,A00086,C0049,deposit,1272.45,2021-10-11,online,Disintermediate Wireless Applications
T0001185,A00086,C0049,transfer,3713.77,2020-06-04,branch,Engage Impactful Portals
T0001186,A00086,C0049,WITHDRAWAL,684.66,2024-07-06,atm,Benchmark Rich Functionalities
T0001187,A00086,C0049,transfer,3650.89,2021-07-18,mobile,Brand Visionary Models
T0001188,A00086,C0049,payment,1030.59,2023-04-14,branch,Drive Next-Generation Communities
T0001189,A00086,C0049,deposit,11218.09,12-20-2020,atm,Orchestrate End-To-End Models
T0001190,A00086,C0049,transfer,3481.72,2024-09-03,online,Unleash Ubiquitous Channels
T0001191,A00086,C0049,withdrawal,126.17,2019-10-26,mobile,Unleash 24/7 E-Tailers
T0001192,A00086,C0049,transfer,6952.87,05-14-2022,mobile,Target Collaborative Paradigms
T0001193,A00086,C0049,transfer,7791.9,2021-06-26,atm,Extend Granular Schemas
T0001194,A00086,C0049,transfer,5528.54,2023-08-29,mobile,Disintermediate 24/7 Metrics
T0001195,A00086,C0049,withdrawal,1018.21,04-18-2024,online,Iterate Transparent Initiatives
T0001196,A00087,C0050,payment,2091.14,08-12-2018,branch,Embrace Out-Of-The-Box Networks
T0001197,A00087,C0050,DEPOSIT,9746.92,2017-08-28,branch,Envisioneer Revolutionary Deliverables
T0001198,A00088,C0050,PAYMENT,1620.36,2024-07-22,online,Orchestrate 24/7 Relationships
T0001199,A00088,C0050,transfer,1202.36,11-28-2020,mobile,Monetize Out-Of-The-Box Content
T0001200,A00088,C0050,deposit,13541.11,2017-10-12,mobile,Envisioneer Holistic Web-Readiness
T0001201,A00088,C0050,withdrawal,6881.18,2022-12-22,branch,Generate B2B Eyeballs
T0001202,A00089,C0051,withdrawal,6674.03,2022-03-28,online,Generate Next-Generation Markets
T0001203,A00089,C0051,deposit,9474.63,2022-06-16,mobile,Re-Contextualize Extensible Technologies
T0001204,A00089,C0051,PAYMENT,2213.86,2022-12-01,atm,Architect Viral Models
T0001205,A00089,C0051,withdrawal,3899.09,10-16-2020,mobile,Implement 24/7 Schemas
T0001206,A00089,C0051,transfer,4235.9,11-19-2021,mobile,Seize Innovative Paradigms
T0001207,A00089,C0051,withdrawal,526.81,2023-10-26,mobile,Deploy Compelling Networks
T0001208,A00089,C0051,DEPOSIT,9359.32,03-29-2023,atm,Monetize Customized Supply-Chains
T0001209,A00089,C0051,transfer,186.04,2023-02-06,atm,Generate Enterprise Info-Mediaries
T0001210,A00089,C0051,deposit,5190.52,2024-08-28,branch,E-Enable End-To-End Channels
T0001211,A00089,C0051,DEPOSIT,13640.6,06-07-2023,atm,Deliver Ubiquitous Systems
T0001212,A00089,C0051,payment,2148.45,2023-12-18,mobile,Repurpose Customized Eyeballs
T0001213,A00089,C0051,payment,,04-27-2021,mobile,Cultivate World-Class Infrastructures
T0001214,A00089,C0051,payment,2022.59,2022-12-03,atm,Exploit Transparent Architectures
T0001215,A00089,C0051,PAYMENT,2535.15,2023-03-27,branch,Enhance Impactful Supply-Chains
T0001216,A00090,C0051,transfer,5343.11,2024-03-29,branch,Incubate Revolutionary Web Services
T0001217,A00090,C0051,deposit,9105.95,2021-05-04,online,Matrix Visionary Niches
T0001218,A00090,C0051,withdrawal,7950.26,2024-10-26,atm,Visualize E-Business Communities
T0001219,A00090,C0051,deposit,753.39,2021-09-07,online,Unleash Proactive Networks
T0001220,A00090,C0051,payment,1077.56,2022-05-19,branch,Whiteboard Extensible Schemas
T0001221,A00090,C0051,payment,2684.43,2021-05-07,online,Visualize 24/7 Experiences
T0001222,A00090,C0051,deposit,6487.78,11-22-2024,branch,Engage Strategic Solutions
T0001223,A00090,C0051,withdrawal,3901.2,01-17-2021,atm,Re-Intermediate Scalable Networks
T0001224,A00090,C0051,withdrawal,392.48,2024-10-08,atm,Mesh Dynamic Info-Mediaries
T0001225,A00090,C0051,PAYMENT,2622.35,2021-03-20,online,Deliver Vertical Initiatives
T0001226,A00090,C0051,deposit,14196.7,04-30-2024,mobile,Repurpose Viral Web-Readiness
T0001227,A00090,C0051,deposit,1633.08,08-09-2024,online,Empower Best-Of-Breed Action-Items
T0001228,A00090,C0051,withdrawal,4068.3,12-26-2024,branch,E-Enable Visionary Infrastructures
T0001229,A00090,C0051,DEPOSIT,3120.52,2023-11-26,atm,Exploit World-Class Interfaces
T0001230,A00090,C0051,TRANSFER,5671.14,04-01-2021,mobile,Benchmark Revolutionary Models
T0001231,A00090,C0051,payment,471.34,06-23-2024,atm,Cultivate Vertical Supply-Chains
T0001232,A00090,C0051,payment,377.72,2022-03-31,branch,Brand Viral E-Markets
T0001233,A00091,C0052,transfer,72.57,2022-07-27,mobile,Utilize Turn-Key Architectures
T0001234,A00091,C0052,deposit,2610.36,2020-11-25,atm,Morph E-Business Initiatives
T0001235,A00091,C0052,transfer,3331.77,2021-08-06,branch,Transform Frictionless Technologies
T0001236,A00091,C0052,TRANSFER,4246.61,2016-08-23,branch,Orchestrate Viral Portals
T0001237,A00091,C0052,payment,1246.09,2016-05-04,mobile,Revolutionize E-Business Eyeballs
T0001238,A00091,C0052,fee,28.23,07-15-2023,atm,Monetize Transparent Methodologies
T0001239,A00091,C0052,withdrawal,6165.81,11-29-2013,online,Leverage Leading-Edge E-Business
T0001240,A00091,C0052,withdrawal,3225.17,2015-02-23,branch,Harness Viral Web-Readiness
T0001241,A00091,C0052,DEPOSIT,11399.93,12-24-2022,branch,Unleash Leading-Edge Content
T0001242,A00091,C0052,fee,49.1,2014-07-17,atm,Synergize Mission-Critical Vortals
T0001243,A00091,C0052,withdrawal,5453.35,08-25-2022,atm,Orchestrate Transparent Vortals
T0001244,A00091,C0052,payment,33.63,2020-04-12,atm,Morph Enterprise Initiatives
T0001245,A00091,C0052,TRANSFER,3580.59,2016-07-16,branch,Streamline 24/365 Action-Items
T0001246,A00091,C0052,transfer,7103.65,2023-03-01,mobile,Engineer Web-Enabled Models
T0001247,A00091,C0052,payment,262.0,2017-09-02,atm,Deliver Integrated Initiatives
T0001248,A00091,C0052,transfer,5925.62,2021-12-28,branch,Empower Leading-Edge Vortals
T0001249,A00091,C0052,fee,17.78,2024-12-01,online,Target Transparent Partnerships
T0001250,A00091,C0052,withdrawal,4180.26,2024-09-20,branch,Syndicate Proactive E-Markets
T0001251,A00091,C0052,deposit,11959.15,2013-10-08,atm,Whiteboard Bleeding-Edge Web-Readiness
T0001252,A00091,C0052,payment,918.79,2018-08-29,mobile,Empower Mission-Critical Action-Items
T0001253,A00091,C0052,deposit,946.19,2024-07-30,atm,Engineer End-To-End Content
T0001254,A00091,C0052,TRANSFER,2848.7,2019-01-26,online,Maximize Transparent Systems
T0001255,A00092,C0053,withdrawal,4588.03,2019-08-18,online,Evolve Best-Of-Breed Eyeballs
T0001256,A00092,C0053,withdrawal,1904.06,2023-04-25,branch,Disintermediate Frictionless Action-Items
T0001257,A00092,C0053,deposit,10020.49,2022-02-27,branch,Incubate Cutting-Edge Schemas
T0001258,A00092,C0053,withdrawal,1996.11,2022-06-19,atm,Grow Revolutionary Synergies
T0001259,A00092,C0053,TRANSFER,6586.28,2024-01-09,atm,Transition Plug-And-Play E-Business
T0001260,A00092,C0053,deposit,10689.02,2023-04-29,mobile,Envisioneer Frictionless Synergies
T0001261,A00093,C0053,DEPOSIT,13333.21,2019-07-11,mobile,Streamline Compelling Niches
T0001262,A00093,C0053,WITHDRAWAL,2966.97,11-24-2020,mobile,Expedite Dot-Com Methodologies
T0001263,A00093,C0053,withdrawal,3170.36,2024-10-04,atm,Synergize Cross-Media Functionalities
T0001264,A00093,C0053,transfer,7972.16,02-01-2024,mobile,Architect Front-End Paradigms
T0001265,A00093,C0053,payment,441.6,2023-03-02,branch,Leverage Innovative Content
T0001266,A00093,C0053,TRANSFER,1052.49,2023-12-05,online,Evolve Impactful Initiatives
T0001267,A00093,C0053,withdrawal,280.21,2020-11-15,branch,E-Enable Global Schemas
T0001268,A00093,C0053,WITHDRAWAL,7615.54,2024-10-04,mobile,Empower User-Centric E-Tailers
T0001269,A00093,C0053,deposit,8597.88,09-23-2019,online,Re-Intermediate Turn-Key Methodologies
T0001270,A00093,C0053,deposit,5603.44,2024-05-09,atm,Facilitate Back-End Systems
T0001271,A00094,C0054,withdrawal,6333.81,02-08-2022,branch,Empower Interactive Web Services
T0001272,A00094,C0054,transfer,408.24,2024-11-07,atm,Harness Cross-Platform E-Tailers
T0001273,A00094,C0054,deposit,12295.92,2022-01-17,mobile,Target Open-Source Web-Readiness
T0001274,A00094,C0054,deposit,5262.3,06-20-2020,online,Redefine Global Experiences
T0001275,A00094,C0054,WITHDRAWAL,2491.42,2022-10-19,mobile,Re-Contextualize Clicks-And-Mortar Metrics
T0001276,A00094,C0054,payment,1430.93,05-08-2022,branch,Syndicate Clicks-And-Mortar Synergies
T0001277,A00094,C0054,deposit,9565.08,2024-09-23,mobile,Innovate Virtual E-Markets
T0001278,A00094,C0054,withdrawal,6933.44,2024-03-13,atm,Engage Holistic Interfaces
T0001279,A00094,C0054,payment,1996.86,2020-12-15,mobile,Incubate Strategic Experiences
T0001280,A00094,C0054,deposit,5961.19,2022-08-18,online,Visualize Intuitive Users
T0001281,A00094,C0054,payment,2210.38,03-20-2024,online,Utilize Visionary Methodologies
T0001282,A00094,C0054,transfer,4584.52,05-21-2021,atm,Embrace Synergistic Architectures
T0001283,A00094,C0054,transfer,5158.44,2023-08-09,online,Transition Synergistic Architectures
T0001284,A00094,C0054,fee,29.38,2021-07-15,online,Reinvent Value-Added Initiatives
T0001285,A00094,C0054,WITHDRAWAL,6009.46,2023-08-27,online,Target Out-Of-The-Box Solutions
T0001286,A00094,C0054,transfer,4264.24,2021-02-17,online,Grow Value-Added E-Services
T0001287,A00094,C0054,payment,743.41,12-31-2021,mobile,Extend Vertical Niches
T0001288,A00095,C0055,transfer,3226.35,2024-07-01,online,Innovate Synergistic Solutions
T0001289,A00095,C0055,payment,79.56,07-23-2023,mobile,Evolve Seamless E-Services
T0001290,A00095,C0055,withdrawal,6879.99,2016-07-31,atm,Enhance Rich Relationships
T0001291,A00095,C0055,deposit,1763.94,2021-02-06,online,Integrate Efficient Models
T0001292,A00095,C0055,DEPOSIT,2203.31,09-07-2024,atm,Productize Best-Of-Breed Synergies
T0001293,A00095,C0055,deposit,14284.86,2014-07-18,branch,Aggregate Impactful Initiatives
T0001294,A00095,C0055,transfer,2615.82,2013-11-08,online,Cultivate Efficient Networks
T0001295,A00095,C0055,deposit,1526.23,11-05-2013,branch,Deliver Rich Communities
T0001296,A00095,C0055,payment,781.22,10-16-2021,online,Engage Dynamic Web Services
T0001297,A00095,C0055,deposit,11294.4,2013-09-11,branch,Extend Virtual Partnerships
T0001298,A00096,C0055,transfer,3092.69,2024-08-01,online,Benchmark End-To-End Partnerships
T0001299,A00096,C0055,deposit,6999.11,2019-03-21,mobile,Enable Back-End Networks
T0001300,A00096,C0055,withdrawal,3271.8,08-24-2014,branch,Iterate Bleeding-Edge Deliverables
T0001301,A00096,C0055,deposit,14453.95,2013-08-05,online,Drive Efficient Solutions
T0001302,A00096,C0055,transfer,5219.38,2018-09-13,branch,Iterate Vertical Methodologies
T0001303,A00096,C0055,withdrawal,3578.94,2020-01-04,branch,Incubate Dot-Com Methodologies
T0001304,A00096,C0055,withdrawal,7882.76,2016-05-15,branch,Engage Ubiquitous Synergies
T0001305,A00096,C0055,fee,29.98,09-06-2022,online,Brand Scalable Vortals
T0001306,A00096,C0055,PAYMENT,2883.73,2013-03-14,atm,Brand Transparent Niches
T0001307,A00096,C0055,deposit,14005.93,2016-12-06,mobile,Embrace Plug-And-Play Models
T0001308,A00096,C0055,transfer,6719.11,2019-04-22,mobile,Disintermediate Revolutionary E-Services
T0001309,A00096,C0055,payment,646.13,2021-01-21,atm,Streamline Efficient E-Markets
T0001310,A00096,C0055,deposit,8034.63,2014-03-13,online,Incubate Customized Vortals
T0001311,A00096,C0055,deposit,10491.52,2019-12-02,branch,Implement Impactful Solutions
T0001312,A00096,C0055,payment,640.44,06-12-2019,atm,Facilitate Strategic Networks
T0001313,A00096,C0055,transfer,7837.53,2020-11-10,mobile,Exploit Proactive E-Services
T0001314,A00096,C0055,deposit,14746.18,04-20-2019,atm,Scale Cutting-Edge Partnerships
T0001315,A00096,C0055,withdrawal,4804.12,2017-11-25,online,Redefine Interactive Solutions
T0001316,A00096,C0055,TRANSFER,36.34,2016-03-05,mobile,Leverage Open-Source Content
T0001317,A00096,C0055,payment,2021.39,2013-04-10,mobile,Optimize Mission-Critical Web-Readiness
T0001318,A00096,C0055,transfer,4314.29,2024-02-22,online,Syndicate User-Centric Web-Readiness
T0001319,A00096,C0055,PAYMENT,2450.01,2013-11-14,mobile,Benchmark Open-Source Portals
T0001320,A00096,C0055,withdrawal,6505.99,2015-12-12,atm,Incentivize Sticky Info-Mediaries
T0001321,A00097,C0055,PAYMENT,2437.49,2016-06-14,online,Incentivize Cross-Platform Markets
T0001322,A00097,C0055,withdrawal,,2015-04-12,mobile,Transition Open-Source Deliverables
T0001323,A00097,C0055,deposit,345.74,2012-09-08,atm,Generate Web-Enabled Partnerships
T0001324,A00097,C0055,DEPOSIT,12253.4,07-03-2020,atm,Revolutionize Visionary Platforms
T0001325,A00097,C0055,deposit,7432.44,06-09-2017,atm,Whiteboard Customized Applications
T0001326,A00097,C0055,DEPOSIT,13572.39,2013-04-21,branch,Embrace Strategic Markets
T0001327,A00097,C0055,DEPOSIT,12325.8,2012-08-21,mobile,Redefine Robust Architectures
T0001328,A00097,C0055,payment,1711.62,2014-12-19,mobile,Harness Innovative Channels
T0001329,A00097,C0055,WITHDRAWAL,5285.51,04-20-2016,branch,Streamline Visionary Markets
T0001330,A00097,C0055,transfer,5972.87,2013-12-11,branch,Monetize User-Centric Partnerships
T0001331,A00097,C0055,payment,2567.88,2018-04-20,atm,Transform Leading-Edge Schemas
T0001332,A00097,C0055,payment,79.12,10-12-2016,atm,Streamline Distributed Architectures
T0001333,A00097,C0055,DEPOSIT,6435.36,2022-08-29,online,Strategize Mission-Critical E-Business
T0001334,A00097,C0055,WITHDRAWAL,7960.95,2019-09-22,atm,Engineer Transparent E-Services
T0001335,A00097,C0055,transfer,3743.36,2015-03-18,atm,Cultivate Value-Added Bandwidth
T0001336,A00097,C0055,transfer,7072.74,01-30-2024,branch,Synergize Plug-And-Play E-Commerce
T0001337,A00097,C0055,DEPOSIT,6329.93,2013-07-13,mobile,Matrix Mission-Critical Supply-Chains
T0001338,A00097,C0055,DEPOSIT,2959.39,07-28-2019,online,Visualize Proactive Bandwidth
T0001339,A00097,C0055,fee,15.15,01-17-2013,mobile,Mesh Open-Source Applications
T0001340,A00097,C0055,payment,598.66,2014-02-23,atm,Aggregate Sticky Platforms
T0001341,A00098,C0056,TRANSFER,791.87,12-18-2014,mobile,Implement Innovative Applications
T0001342,A00098,C0056,payment,1781.67,2023-03-30,atm,Generate Dynamic Networks
T0001343,A00098,C0056,deposit,7129.97,2019-03-04,atm,Enable Dot-Com Convergence
T0001344,A00098,C0056,payment,1563.83,2014-10-10,branch,Deploy Compelling E-Business
T0001345,A00098,C0056,transfer,4964.14,2015-03-11,online,Grow Viral Action-Items
T0001346,A00098,C0056,withdrawal,702.57,2023-07-27,online,Enable Revolutionary Markets
T0001347,A00098,C0056,withdrawal,7122.87,04-21-2014,online,Enable Extensible Applications
T0001348,A00098,C0056,deposit,12045.69,2016-05-31,online,Brand Synergistic Content
T0001349,A00098,C0056,transfer,3466.08,2020-04-25,online,Benchmark B2B Eyeballs
T0001350,A00098,C0056,withdrawal,2373.44,10-22-2014,mobile,Syndicate Extensible Metrics
T0001351,A00098,C0056,DEPOSIT,11291.85,2022-07-25,branch,Facilitate Distributed Relationships
T0001352,A00098,C0056,withdrawal,,10-16-2013,mobile,Implement B2B Markets
T0001353,A00098,C0056,withdrawal,7501.93,10-29-2015,online,Incentivize Scalable E-Commerce
T0001354,A00098,C0056,withdrawal,4710.75,2023-09-27,online,Seize 24/365 Solutions
T0001355,A00098,C0056,deposit,10713.83,2015-11-10,branch,Whiteboard 24/365 Partnerships
T0001356,A00098,C0056,TRANSFER,2065.16,05-19-2016,mobile,Facilitate Dynamic Web Services
T0001357,A00098,C0056,transfer,3568.1,2024-05-08,branch,Syndicate Plug-And-Play Metrics
T0001358,A00099,C0057,deposit,1958.83,2024-12-12,mobile,Scale Open-Source Applications
T0001359,A00099,C0057,fee,38.95,2021-10-06,atm,Maximize Open-Source E-Business
T0001360,A00099,C0057,payment,2328.73,2022-07-22,branch,Monetize Next-Generation Supply-Chains
T0001361,A00099,C0057,withdrawal,2756.34,2021-04-11,atm,Leverage Sticky Bandwidth
T0001362,A00099,C0057,withdrawal,5268.26,2016-02-07,branch,Matrix Revolutionary Models
T0001363,A00099,C0057,deposit,12296.8,2016-08-26,online,Enhance Clicks-And-Mortar Functionalities
T0001364,A00099,C0057,withdrawal,7812.56,2020-09-28,branch,Enhance Bleeding-Edge Bandwidth
T0001365,A00099,C0057,deposit,2880.87,2024-10-25,mobile,Re-Intermediate Killer Action-Items
T0001366,A00099,C0057,transfer,3749.87,2023-10-20,atm,Syndicate Open-Source Architectures
T0001367,A00099,C0057,withdrawal,2698.57,07-01-2022,atm,Architect Wireless Roi
T0001368,A00099,C0057,withdrawal,856.69,2020-09-14,online,Transition Clicks-And-Mortar Relationships
T0001369,A00099,C0057,deposit,105.27,2021-07-28,branch,Implement Intuitive Convergence
T0001370,A00100,C0057,TRANSFER,1927.37,2021-11-07,atm,Utilize One-To-One Eyeballs
T0001371,A00100,C0057,WITHDRAWAL,,2024-12-02,online,Envisioneer Visionary Solutions
T0001372,A00100,C0057,DEPOSIT,,2020-09-09,online,Whiteboard Bricks-And-Clicks Paradigms
T0001373,A00100,C0057,DEPOSIT,2956.33,2018-03-21,atm,Utilize 24/365 Solutions
T0001374,A00100,C0057,fee,13.96,2017-02-10,atm,Envisioneer Virtual E-Services
T0001375,A00100,C0057,deposit,3966.88,07-29-2018,branch,Matrix Back-End Roi
T0001376,A00100,C0057,PAYMENT,745.43,06-06-2020,branch,Facilitate Interactive Roi
T0001377,A00100,C0057,deposit,3963.74,2016-11-11,online,Aggregate Vertical Roi
T0001378,A00100,C0057,payment,420.36,2016-11-08,online,E-Enable Back-End Platforms
T0001379,A00100,C0057,payment,922.17,2020-06-01,branch,Utilize Global Architectures
T0001380,A00100,C0057,payment,1986.12,2020-10-07,mobile,Visualize One-To-One Supply-Chains
T0001381,A00100,C0057,deposit,2209.26,08-05-2024,branch,Re-Contextualize Best-Of-Breed Content
T0001382,A00100,C0057,deposit,5704.02,2018-09-30,atm,Target Web-Enabled Relationships
T0001383,A00100,C0057,transfer,7816.31,2020-03-09,branch,Exploit Out-Of-The-Box Web Services
T0001384,A00100,C0057,transfer,4706.86,2017-02-20,atm,Leverage User-Centric Partnerships
T0001385,A00101,C0058,deposit,9460.41,2022-02-22,atm,Embrace B2B Channels
T0001386,A00101,C0058,payment,2905.47,2021-01-05,mobile,Generate Dynamic Solutions
T0001387,A00101,C0058,transfer,6281.63,2021-06-24,online,Incubate Enterprise Relationships
T0001388,A00101,C0058,withdrawal,6015.44,2021-03-30,atm,Harness Cutting-Edge Functionalities
T0001389,A00101,C0058,withdrawal,1448.41,2023-02-07,atm,Incentivize Revolutionary E-Business
T0001390,A00101,C0058,TRANSFER,5730.89,2023-04-03,mobile,Benchmark Dynamic Users
T0001391,A00101,C0058,deposit,6044.14,2022-12-18,online,Envisioneer B2C Vortals
T0001392,A00101,C0058,deposit,,06-20-2021,branch,Incentivize Scalable Functionalities
T0001393,A00101,C0058,DEPOSIT,6404.09,2022-07-11,mobile,Generate Efficient Channels
T0001394,A00101,C0058,DEPOSIT,12644.35,2023-07-06,atm,Iterate Holistic E-Tailers
T0001395,A00101,C0058,deposit,11286.76,2023-05-24,atm,Drive Strategic Info-Mediaries
T0001396,A00101,C0058,withdrawal,1856.82,10-19-2022,online,Generate Innovative Communities
T0001397,A00102,C0059,TRANSFER,3420.3,2021-08-15,mobile,Deliver Integrated Experiences
T0001398,A00102,C0059,withdrawal,,2020-09-22,atm,Engineer Out-Of-The-Box Models
T0001399,A00102,C0059,withdrawal,1452.93,12-09-2018,branch,Mesh Plug-And-Play Roi
T0001400,A00102,C0059,transfer,2885.56,11-08-2018,online,Harness Out-Of-The-Box Deliverables
T0001401,A00102,C0059,payment,1543.25,03-07-2019,online,Scale Compelling Models
T0001402,A00102,C0059,deposit,3454.74,2024-09-08,online,Syndicate Real-Time Applications
T0001403,A00102,C0059,withdrawal,4377.29,09-04-2016,atm,Strategize Robust E-Tailers
T0001404,A00102,C0059,TRANSFER,2015.19,2018-01-30,atm,Enhance 24/365 Systems
T0001405,A00102,C0059,transfer,7984.01,2018-01-05,atm,Cultivate Web-Enabled Interfaces
T0001406,A00102,C0059,transfer,,2015-12-21,atm,Architect Extensible E-Commerce
T0001407,A00102,C0059,fee,47.56,2024-08-28,online,Matrix Enterprise Networks
T0001408,A00102,C0059,transfer,7914.41,2021-03-03,branch,Leverage Out-Of-The-Box Portals
T0001409,A00102,C0059,deposit,10863.87,2020-05-02,branch,Engage Strategic Channels
T0001410,A00102,C0059,deposit,8825.7,2021-03-13,mobile,Engineer Strategic Technologies
T0001411,A00102,C0059,payment,1028.57,2023-12-24,online,Grow Synergistic E-Services
T0001412,A00102,C0059,payment,1292.09,2019-05-22,mobile,Benchmark Revolutionary Bandwidth
T0001413,A00102,C0059,WITHDRAWAL,6826.49,03-24-2018,online,Deliver Cross-Platform E-Commerce
T0001414,A00102,C0059,deposit,13112.57,01-29-2020,atm,Grow Plug-And-Play E-Commerce
T0001415,A00102,C0059,deposit,12165.5,2024-02-25,atm,Deploy Out-Of-The-Box Models
T0001416,A00102,C0059,deposit,6414.5,2019-09-08,mobile,Harness Real-Time Architectures
T0001417,A00102,C0059,transfer,4310.08,2024-06-06,atm,Utilize Virtual Systems
T0001418,A00102,C0059,deposit,11791.1,2022-06-17,branch,Enhance Back-End Experiences
T0001419,A00103,C0060,withdrawal,6397.18,2019-05-11,mobile,Optimize Synergistic Infrastructures
T0001420,A00103,C0060,deposit,5890.01,2020-07-02,mobile,Envisioneer Strategic Niches
T0001421,A00103,C0060,withdrawal,2644.15,2016-03-04,mobile,Re-Contextualize Bleeding-Edge Platforms
T0001422,A00103,C0060,deposit,,2018-10-13,branch,Embrace Intuitive Relationships
T0001423,A00103,C0060,payment,1814.06,2012-09-01,online,Integrate 24/365 Supply-Chains
T0001424,A00103,C0060,deposit,13674.61,2016-02-20,mobile,Aggregate Open-Source Portals
T0001425,A00103,C0060,deposit,4402.03,2018-04-26,online,Monetize Efficient Solutions
T0001426,A00103,C0060,deposit,7802.05,2022-02-23,branch,Unleash Global Users
T0001427,A00103,C0060,payment,1238.48,2019-04-12,branch,Redefine Back-End Synergies
T0001428,A00103,C0060,deposit,6305.28,2014-06-08,online,Revolutionize Seamless Technologies
T0001429,A00103,C0060,fee,43.96,09-03-2020,branch,Transition Cross-Media Interfaces
T0001430,A00103,C0060,withdrawal,6546.81,2016-07-24,mobile,Strategize Value-Added Info-Mediaries
T0001431,A00104,C0061,transfer,4029.75,2020-05-18,mobile,Visualize B2C Interfaces
T0001432,A00104,C0061,DEPOSIT,14866.72,2019-08-06,mobile,Enhance Bleeding-Edge E-Tailers
T0001433,A00105,C0062,transfer,1989.78,05-24-2020,atm,Syndicate Bleeding-Edge Deliverables
T0001434,A00106,C0062,withdrawal,331.9,2021-04-11,online,Benchmark Plug-And-Play Bandwidth
T0001435,A00106,C0062,transfer,7352.79,2017-05-31,atm,Facilitate Strategic Vortals
T0001436,A00106,C0062,withdrawal,6590.97,2017-08-17,branch,Iterate Dynamic E-Commerce
T0001437,A00106,C0062,deposit,13504.47,2020-04-07,mobile,Revolutionize Next-Generation E-Tailers
T0001438,A00106,C0062,withdrawal,5279.46,2021-03-23,online,Grow Customized Schemas
T0001439,A00106,C0062,transfer,368.44,2019-10-13,branch,Utilize Out-Of-The-Box Channels
T0001440,A00106,C0062,payment,1617.84,02-04-2017,online,Maximize End-To-End Content
T0001441,A00106,C0062,payment,1239.72,10-30-2015,online,Extend Value-Added Models
T0001442,A00106,C0062,deposit,1623.11,2019-03-24,atm,Exploit Synergistic Supply-Chains
T0001443,A00106,C0062,withdrawal,2037.08,2020-02-26,online,Enhance Next-Generation E-Commerce
T0001444,A00106,C0062,deposit,9601.06,04-28-2021,mobile,Innovate Wireless Users
T0001445,A00106,C0062,withdrawal,3206.75,2019-07-04,branch,Monetize World-Class Applications
T0001446,A00106,C0062,deposit,3796.56,2019-11-08,branch,Utilize Robust Channels
T0001447,A00106,C0062,transfer,3724.68,2018-04-17,mobile,Orchestrate Open-Source Networks
T0001448,A00106,C0062,deposit,9872.49,06-26-2012,mobile,Whiteboard Impactful Architectures
T0001449,A00106,C0062,withdrawal,2247.55,2014-02-06,branch,Architect Impactful Partnerships
T0001450,A00106,C0062,payment,1824.9,2014-10-13,branch,Incubate Integrated Solutions
T0001451,A00106,C0062,DEPOSIT,11134.62,2017-07-21,branch,Syndicate Sticky Supply-Chains
T0001452,A00106,C0062,transfer,109.46,2012-09-11,atm,Maximize Customized Functionalities
T0001453,A00106,C0062,withdrawal,1439.96,2014-05-26,online,Productize Seamless Infrastructures
T0001454,A00106,C0062,deposit,10466.3,2022-11-23,online,Leverage Sticky Methodologies
T0001455,A00106,C0062,transfer,3563.01,2019-09-19,online,Engage Virtual Paradigms
T0001456,A00106,C0062,transfer,6141.57,2012-01-18,branch,Transition Holistic Web-Readiness
T0001457,A00107,C0063,deposit,289.77,04-28-2023,online,Reinvent 24/365 Partnerships
T0001458,A00107,C0063,withdrawal,1553.37,2022-09-10,online,Redefine Integrated Technologies
T0001459,A00107,C0063,FEE,9.35,2023-04-09,branch,Architect Bleeding-Edge Technologies
T0001460,A00107,C0063,deposit,6264.42,2024-09-06,online,Repurpose Innovative Bandwidth
T0001461,A00107,C0063,withdrawal,4505.19,2024-12-09,branch,Streamline Out-Of-The-Box Deliverables
T0001462,A00107,C0063,deposit,8148.45,2024-05-27,mobile,Implement Frictionless Vortals
T0001463,A00107,C0063,deposit,1632.99,2022-12-28,atm,Cultivate Transparent Interfaces
T0001464,A00107,C0063,deposit,9827.19,02-20-2023,online,Leverage One-To-One Channels
T0001465,A00107,C0063,deposit,3340.44,2023-09-29,atm,Incubate Next-Generation Info-Mediaries
T0001466,A00107,C0063,TRANSFER,370.63,2024-06-22,branch,Extend Innovative Architectures
T0001467,A00107,C0063,withdrawal,4798.98,2023-10-21,online,Productize Best-Of-Breed Channels
T0001468,A00107,C0063,withdrawal,7924.44,2024-08-25,branch,Cultivate Best-Of-Breed Content
T0001469,A00107,C0063,fee,31.99,05-11-2023,mobile,Brand Collaborative Communities
T0001470,A00107,C0063,payment,2316.51,07-21-2024,branch,Expedite Extensible Applications
T0001471,A00107,C0063,deposit,11437.66,08-02-2023,atm,Aggregate Ubiquitous Niches
T0001472,A00107,C0063,withdrawal,2694.14,07-09-2024,mobile,Aggregate Clicks-And-Mortar Eyeballs
T0001473,A00107,C0063,withdrawal,5939.68,2023-09-22,online,Grow Innovative Interfaces
T0001474,A00107,C0063,deposit,11396.17,2023-04-22,online,Expedite Interactive Deliverables
T0001475,A00107,C0063,DEPOSIT,6456.04,2023-07-09,branch,Facilitate Holistic Bandwidth
T0001476,A00108,C0063,deposit,7505.96,2023-08-25,branch,Target Revolutionary Infrastructures
T0001477,A00108,C0063,withdrawal,5143.47,11-27-2023,branch,Envisioneer Ubiquitous Convergence
T0001478,A00108,C0063,transfer,,2024-09-21,atm,Scale Seamless Interfaces
T0001479,A00108,C0063,transfer,6088.74,2024-05-15,mobile,Re-Intermediate Virtual E-Markets
T0001480,A00108,C0063,TRANSFER,1847.5,2024-04-15,atm,Incentivize Virtual E-Business
T0001481,A00108,C0063,deposit,8112.71,2024-06-09,branch,Drive User-Centric Bandwidth
T0001482,A00108,C0063,transfer,3064.26,2024-02-07,atm,Synergize Viral Networks
T0001483,A00108,C0063,withdrawal,68.22,2023-12-29,mobile,Transform Impactful Paradigms
T0001484,A00108,C0063,fee,7.34,2023-09-04,branch,Incentivize Granular Niches
T0001485,A00108,C0063,DEPOSIT,2646.45,2024-01-20,branch,Matrix Distributed Web Services
T0001486,A00109,C0063,deposit,10888.59,2024-10-17,atm,Redefine Innovative E-Tailers
T0001487,A00109,C0063,transfer,1974.5,2023-11-01,branch,Redefine Rich E-Markets
T0001488,A00109,C0063,withdrawal,4619.85,01-26-2024,branch,Engineer 24/7 Relationships
T0001489,A00109,C0063,PAYMENT,1448.7,02-19-2024,atm,Optimize Sticky Mindshare
T0001490,A00109,C0063,withdrawal,3776.29,2024-06-27,mobile,Revolutionize World-Class E-Markets
T0001491,A00109,C0063,transfer,3478.78,2024-10-15,branch,Grow Frictionless Portals
T0001492,A00109,C0063,deposit,5752.22,2024-09-21,online,Architect Revolutionary Bandwidth
T0001493,A00109,C0063,transfer,1239.33,03-19-2024,branch,Utilize Intuitive Functionalities
T0001494,A00109,C0063,withdrawal,2460.66,2024-02-04,atm,Scale Plug-And-Play Architectures
T0001495,A00109,C0063,WITHDRAWAL,3857.14,06-04-2024,atm,Facilitate Wireless Solutions
T0001496,A00109,C0063,transfer,1581.81,2023-10-03,branch,Strategize Robust Synergies
T0001497,A00109,C0063,deposit,7535.46,2023-05-21,atm,Morph One-To-One Channels
T0001498,A00109,C0063,WITHDRAWAL,3338.24,2024-10-01,mobile,Harness Plug-And-Play Models
T0001499,A00109,C0063,withdrawal,2476.33,2024-06-02,online,Target Innovative Infrastructures
T0001500,A00109,C0063,payment,2977.49,2024-07-08,online,Engage Interactive Systems
T0001501,A00110,C0064,withdrawal,1569.94,2024-12-02,mobile,Enable Collaborative Niches
T0001502,A00110,C0064,transfer,6017.59,2017-04-30,atm,E-Enable Granular Communities
T0001503,A00110,C0064,TRANSFER,5087.14,2020-03-07,atm,E-Enable Vertical Metrics
T0001504,A00110,C0064,DEPOSIT,5810.73,2022-04-11,mobile,Transform Virtual Technologies
T0001505,A00110,C0064,deposit,7192.0,2022-09-19,atm,Embrace Impactful Communities
T0001506,A00110,C0064,transfer,245.48,2021-07-17,branch,Optimize Value-Added Methodologies
T0001507,A00110,C0064,transfer,7555.24,05-25-2017,branch,Empower B2C Systems
T0001508,A00110,C0064,deposit,8696.21,2017-04-26,branch,Seize Virtual E-Tailers
T0001509,A00110,C0064,deposit,1429.97,08-09-2014,mobile,Unleash Robust Methodologies
T0001510,A00110,C0064,transfer,7793.68,2018-12-04,online,Incubate Killer Systems
T0001511,A00110,C0064,PAYMENT,2629.26,2020-04-12,branch,Scale Scalable Functionalities
T0001512,A00110,C0064,withdrawal,5540.86,2023-10-09,mobile,Exploit Sticky Architectures
T0001513,A00110,C0064,WITHDRAWAL,3304.64,2021-01-14,online,Scale Extensible Systems
T0001514,A00110,C0064,transfer,6218.0,2015-09-10,atm,Streamline Clicks-And-Mortar Markets
T0001515,A00110,C0064,deposit,,2023-08-07,mobile,Revolutionize Enterprise Solutions
T0001516,A00110,C0064,withdrawal,7896.46,2022-04-22,mobile,Re-Contextualize Interactive Relationships
T0001517,A00110,C0064,deposit,11617.47,06-26-2014,mobile,Redefine Web-Enabled Solutions
T0001518,A00110,C0064,withdrawal,2320.96,2020-05-09,mobile,Evolve Vertical E-Markets
T0001519,A00110,C0064,deposit,2836.68,05-18-2016,branch,Utilize Value-Added Supply-Chains
T0001520,A00110,C0064,withdrawal,,2016-09-08,online,Transition Dynamic Methodologies
T0001521,A00111,C0065,payment,565.06,2022-08-06,online,Repurpose Innovative E-Services
T0001522,A00111,C0065,deposit,11399.51,08-24-2024,atm,Matrix Mission-Critical Web Services
T0001523,A00111,C0065,withdrawal,7305.51,10-27-2020,online,Leverage Frictionless Paradigms
T0001524,A00111,C0065,deposit,4432.23,2023-05-17,mobile,Deploy Sticky Vortals
T0001525,A00111,C0065,deposit,5165.17,2017-08-20,branch,Harness Dynamic E-Business
T0001526,A00111,C0065,withdrawal,6089.06,2021-08-06,online,Architect Impactful E-Commerce
T0001527,A00111,C0065,deposit,14330.45,2016-12-03,online,Embrace Bleeding-Edge E-Tailers
T0001528,A00111,C0065,deposit,11887.21,2017-04-28,mobile,Transform Synergistic Vortals
T0001529,A00111,C0065,WITHDRAWAL,7697.22,2022-12-31,atm,Reinvent Value-Added Interfaces
T0001530,A00111,C0065,withdrawal,2709.5,2021-09-08,mobile,Visualize Turn-Key Synergies
T0001531,A00111,C0065,withdrawal,7123.41,2020-01-05,atm,Synergize Killer Bandwidth
T0001532,A00111,C0065,PAYMENT,1998.58,2018-12-04,mobile,Enhance Innovative Web Services
T0001533,A00111,C0065,deposit,5372.64,2023-02-01,atm,Transition Efficient Experiences
T0001534,A00111,C0065,deposit,13064.6,05-12-2017,mobile,Re-Intermediate Out-Of-The-Box Paradigms
T0001535,A00111,C0065,payment,2775.86,2024-05-15,online,Optimize Killer E-Markets
T0001536,A00111,C0065,deposit,7982.91,2022-12-27,branch,Monetize Rich Platforms
T0001537,A00111,C0065,WITHDRAWAL,5495.76,05-15-2020,mobile,Unleash Frictionless Portals
T0001538,A00111,C0065,withdrawal,1519.72,2022-01-05,atm,Transform World-Class Functionalities
T0001539,A00111,C0065,transfer,6990.01,2016-06-04,atm,Scale Integrated Methodologies
T0001540,A00111,C0065,withdrawal,4861.97,2023-11-03,mobile,Re-Contextualize Global Supply-Chains
T0001541,A00111,C0065,transfer,669.33,07-11-2024,mobile,Reinvent Turn-Key Web Services
T0001542,A00111,C0065,fee,43.57,2021-07-30,online,Syndicate Innovative Supply-Chains
T0001543,A00112,C0065,transfer,5701.3,2019-01-19,online,Utilize Customized Architectures
T0001544,A00112,C0065,WITHDRAWAL,714.98,03-10-2017,mobile,Deliver Bleeding-Edge Mindshare
T0001545,A00112,C0065,PAYMENT,2865.6,08-22-2017,mobile,Benchmark Value-Added E-Services
T0001546,A00112,C0065,WITHDRAWAL,1961.98,2023-03-10,branch,Utilize 24/7 Content
T0001547,A00112,C0065,payment,2102.73,2024-03-15,online,Incentivize Cutting-Edge Action-Items
T0001548,A00112,C0065,FEE,6.31,2020-08-19,atm,Re-Intermediate Strategic Markets
T0001549,A00112,C0065,transfer,1778.6,2020-01-21,atm,Enable Out-Of-The-Box Models
T0001550,A00112,C0065,WITHDRAWAL,7182.14,03-23-2023,online,Envisioneer 24/365 Eyeballs
T0001551,A00112,C0065,deposit,8041.42,03-21-2023,mobile,Synergize Best-Of-Breed Experiences
T0001552,A00112,C0065,payment,1005.08,10-08-2016,branch,Integrate Web-Enabled Metrics
T0001553,A00112,C0065,transfer,4813.42,03-20-2022,atm,Grow Open-Source Channels
T0001554,A00112,C0065,payment,2231.47,2019-12-26,mobile,Empower Turn-Key Experiences
T0001555,A00112,C0065,transfer,4503.96,2023-02-02,mobile,Generate Revolutionary Deliverables
T0001556,A00112,C0065,deposit,3923.45,2024-10-27,atm,Generate Next-Generation Experiences
T0001557,A00112,C0065,deposit,5136.56,2016-09-27,branch,Transition Front-End Web-Readiness
T0001558,A00112,C0065,payment,1722.79,02-08-2024,branch,Enhance Open-Source Supply-Chains
T0001559,A00112,C0065,fee,30.96,2019-04-09,online,Incentivize Best-Of-Breed Users
T0001560,A00112,C0065,DEPOSIT,8057.27,2019-03-30,mobile,Streamline Interactive Methodologies
T0001561,A00112,C0065,withdrawal,2932.89,2020-07-04,branch,Scale Magnetic Metrics
T0001562,A00112,C0065,transfer,4734.39,2021-08-01,online,Cultivate Enterprise Deliverables
T0001563,A00113,C0065,withdrawal,3695.61,04-23-2016,branch,Harness Viral Systems
T0001564,A00113,C0065,payment,1504.5,2019-07-15,mobile,Whiteboard Clicks-And-Mortar Partnerships
T0001565,A00113,C0065,transfer,1184.05,11-10-2017,online,Cultivate Holistic Partnerships
T0001566,A00113,C0065,withdrawal,4028.98,12-04-2022,online,Aggregate Scalable Functionalities
T0001567,A00113,C0065,fee,36.79,2019-04-11,mobile,Orchestrate Best-Of-Breed Channels
T0001568,A00113,C0065,payment,1490.13,2023-04-14,mobile,Evolve Virtual Applications
T0001569,A00113,C0065,fee,19.99,11-12-2016,branch,Engage Best-Of-Breed Action-Items
T0001570,A00113,C0065,payment,682.96,06-03-2024,online,Deliver Strategic E-Commerce
T0001571,A00113,C0065,deposit,7338.19,11-28-2024,mobile,Drive Plug-And-Play Content
T0001572,A00113,C0065,fee,34.67,2019-07-25,branch,Leverage 24/365 Action-Items
T0001573,A00113,C0065,WITHDRAWAL,2712.53,2016-06-13,mobile,Brand Virtual Metrics
T0001574,A00113,C0065,transfer,3140.68,02-11-2020,atm,Incentivize Seamless Technologies
T0001575,A00113,C0065,transfer,1576.84,2019-05-17,mobile,Maximize Customized Functionalities
T0001576,A00113,C0065,deposit,11296.38,2017-04-19,online,Aggregate Real-Time Info-Mediaries
T0001577,A00113,C0065,withdrawal,5243.98,2024-03-01,branch,Evolve Bricks-And-Clicks Interfaces
T0001578,A00113,C0065,TRANSFER,2342.83,02-28-2021,branch,Synergize Frictionless Info-Mediaries
T0001579,A00113,C0065,DEPOSIT,11238.32,2018-07-24,online,Grow Cutting-Edge Mindshare
T0001580,A00113,C0065,transfer,4613.94,2020-04-08,branch,Re-Intermediate User-Centric Eyeballs
T0001581,A00113,C0065,FEE,24.22,2020-06-06,branch,Transition Compelling Web-Readiness
T0001582,A00113,C0065,deposit,14613.67,2016-11-02,branch,Engineer Enterprise E-Commerce
T0001583,A00114,C0066,fee,34.25,04-10-2021,mobile,Iterate Strategic Content
T0001584,A00114,C0066,transfer,3243.87,2021-06-13,online,Expedite B2C Schemas
T0001585,A00114,C0066,deposit,7354.96,04-13-2021,branch,Drive Virtual Portals
T0001586,A00114,C0066,TRANSFER,6211.28,2024-04-10,online,Synergize Plug-And-Play Content
T0001587,A00114,C0066,WITHDRAWAL,6549.2,12-22-2024,mobile,Target Front-End Architectures
T0001588,A00114,C0066,transfer,3572.04,02-27-2022,online,Engage Compelling Partnerships
T0001589,A00114,C0066,deposit,1874.67,04-15-2021,branch,Facilitate Global Info-Mediaries
T0001590,A00114,C0066,transfer,7899.05,2020-09-29,mobile,Aggregate B2C Solutions
T0001591,A00114,C0066,TRANSFER,774.53,2022-02-24,branch,Implement Value-Added Mindshare
T0001592,A00115,C0067,FEE,36.62,2021-04-19,atm,Drive Out-Of-The-Box Models
T0001593,A00115,C0067,DEPOSIT,4912.17,2022-04-11,branch,Strategize Next-Generation Interfaces
T0001594,A00115,C0067,payment,69.04,2020-05-31,mobile,Extend Out-Of-The-Box Architectures
T0001595,A00115,C0067,withdrawal,4686.08,2016-08-01,online,Synthesize Extensible Experiences
T0001596,A00115,C0067,TRANSFER,7726.13,2024-04-26,online,Benchmark Intuitive E-Markets
T0001597,A00115,C0067,payment,2088.7,2017-11-23,online,Matrix Robust Initiatives
T0001598,A00115,C0067,WITHDRAWAL,2528.08,2022-02-02,online,Synergize Granular Solutions
T0001599,A00115,C0067,WITHDRAWAL,5228.07,04-24-2017,online,Engineer User-Centric Portals
T0001600,A00115,C0067,deposit,11308.38,2022-03-05,online,Revolutionize Cross-Media Mindshare
T0001601,A00115,C0067,withdrawal,2921.21,04-07-2017,branch,Unleash Holistic Functionalities
T0001602,A00115,C0067,fee,34.62,2020-08-11,branch,Scale Out-Of-The-Box Markets
T0001603,A00115,C0067,deposit,14189.63,2019-03-29,atm,Visualize Integrated E-Commerce
T0001604,A00115,C0067,withdrawal,1136.04,04-05-2023,mobile,Extend Interactive Action-Items
T0001605,A00115,C0067,withdrawal,7288.05,2023-08-31,atm,Syndicate Robust Relationships
T0001606,A00115,C0067,withdrawal,1694.52,08-31-2022,online,Whiteboard Proactive Web Services
T0001607,A00115,C0067,payment,718.93,2023-04-20,branch,Visualize B2B Portals
T0001608,A00115,C0067,deposit,12497.79,2017-06-16,branch,Expedite Ubiquitous Methodologies
T0001609,A00115,C0067,withdrawal,4742.43,2022-08-15,atm,Orchestrate Dot-Com Action-Items
T0001610,A00115,C0067,transfer,3387.68,2017-04-23,atm,Expedite Granular Synergies
T0001611,A00115,C0067,withdrawal,7231.21,2018-10-16,mobile,Embrace E-Business Experiences
T0001612,A00116,C0068,PAYMENT,2032.81,2017-08-02,branch,Unleash Integrated Interfaces
T0001613,A00116,C0068,deposit,9462.04,2022-08-30,atm,Unleash Strategic Deliverables
T0001614,A00116,C0068,transfer,1557.17,2023-10-02,atm,Redefine Dynamic E-Commerce
T0001615,A00116,C0068,transfer,,2022-12-21,branch,Leverage Cutting-Edge Portals
T0001616,A00116,C0068,payment,955.92,05-11-2021,mobile,Scale Seamless Mindshare
T0001617,A00116,C0068,DEPOSIT,9073.93,2020-11-25,online,Incubate Enterprise Applications
T0001618,A00116,C0068,DEPOSIT,1694.35,2019-09-06,mobile,Monetize Transparent Infrastructures
T0001619,A00116,C0068,withdrawal,730.01,2017-05-23,atm,Transform Cross-Media Eyeballs
T0001620,A00116,C0068,deposit,11981.56,2019-09-19,atm,Empower Best-Of-Breed Interfaces
T0001621,A00116,C0068,deposit,14693.3,2016-10-05,branch,Scale Extensible Synergies
T0001622,A00116,C0068,FEE,40.22,2020-11-23,online,Leverage Holistic Synergies
T0001623,A00116,C0068,WITHDRAWAL,7006.59,2018-08-15,mobile,Transform Innovative E-Markets
T0001624,A00116,C0068,withdrawal,5609.64,2017-09-21,atm,Mesh Next-Generation Experiences
T0001625,A00116,C0068,DEPOSIT,1531.04,2022-11-02,online,Envisioneer User-Centric Communities
T0001626,A00116,C0068,WITHDRAWAL,6019.95,2018-07-26,branch,Reinvent Out-Of-The-Box Roi
T0001627,A00116,C0068,payment,2036.66,2020-07-09,mobile,Unleash Global Solutions
T0001628,A00116,C0068,transfer,2087.31,2021-12-31,branch,Synthesize Viral Mindshare
T0001629,A00116,C0068,deposit,5713.07,2024-01-10,atm,Embrace Customized Networks
T0001630,A00116,C0068,payment,1921.19,2017-03-30,atm,Transition Killer Roi
T0001631,A00116,C0068,transfer,5432.16,08-01-2024,mobile,Aggregate Leading-Edge Roi
T0001632,A00116,C0068,withdrawal,3522.9,07-29-2024,atm,Exploit Dynamic Portals
T0001633,A00116,C0068,withdrawal,2221.07,11-27-2021,mobile,Productize Transparent Systems
T0001634,A00117,C0069,WITHDRAWAL,6866.21,03-02-2020,atm,Whiteboard Sticky Functionalities
T0001635,A00117,C0069,TRANSFER,6765.06,2022-02-28,online,Leverage Strategic Technologies
T0001636,A00117,C0069,transfer,7560.04,2018-06-18,branch,Evolve Enterprise Initiatives
T0001637,A00117,C0069,deposit,11163.97,2024-01-20,mobile,Empower Innovative Supply-Chains
T0001638,A00117,C0069,fee,24.08,2017-09-20,branch,Utilize Web-Enabled Info-Mediaries
T0001639,A00118,C0069,withdrawal,7983.68,08-16-2023,online,Synthesize Mission-Critical Synergies
T0001640,A00118,C0069,deposit,2893.25,2022-08-02,online,Streamline Real-Time Synergies
T0001641,A00118,C0069,transfer,6002.35,2022-10-21,branch,Repurpose Revolutionary Platforms
T0001642,A00118,C0069,transfer,358.0,2023-12-18,mobile,Architect Clicks-And-Mortar Architectures
T0001643,A00119,C0070,payment,532.69,2022-11-11,atm,Expedite Real-Time Models
T0001644,A00119,C0070,withdrawal,7620.82,2014-02-10,mobile,Syndicate Cross-Platform Metrics
T0001645,A00119,C0070,withdrawal,2998.8,2022-03-27,online,Brand Cross-Platform Relationships
T0001646,A00119,C0070,payment,756.8,09-13-2018,online,Innovate Cross-Platform Vortals
T0001647,A00119,C0070,deposit,4438.5,2017-08-17,branch,Transition Web-Enabled Relationships
T0001648,A00119,C0070,transfer,,2011-03-04,branch,Repurpose Wireless Architectures
T0001649,A00119,C0070,payment,2877.81,2017-12-16,online,Re-Intermediate Leading-Edge Convergence
T0001650,A00119,C0070,PAYMENT,2546.57,07-04-2021,online,Cultivate Open-Source Platforms
T0001651,A00119,C0070,deposit,6932.29,2019-02-06,atm,Implement Ubiquitous Interfaces
T0001652,A00119,C0070,deposit,5278.34,2019-01-22,branch,Drive Global Web-Readiness
T0001653,A00119,C0070,withdrawal,828.68,2020-02-20,mobile,Expedite 24/7 Deliverables
T0001654,A00119,C0070,deposit,7739.06,07-21-2015,branch,Empower Interactive Relationships
T0001655,A00119,C0070,deposit,7336.81,2020-05-01,branch,Grow Collaborative Mindshare
T0001656,A00120,C0070,withdrawal,3006.99,2016-08-17,atm,Deploy Dynamic Synergies
T0001657,A00120,C0070,payment,1613.92,02-28-2021,atm,Whiteboard World-Class Web-Readiness
T0001658,A00120,C0070,fee,34.53,2013-12-29,mobile,Whiteboard Bricks-And-Clicks Paradigms
T0001659,A00120,C0070,deposit,11219.01,2015-03-09,online,Exploit World-Class Methodologies
T0001660,A00120,C0070,payment,2130.57,08-12-2019,online,Grow Bleeding-Edge Metrics
T0001661,A00120,C0070,deposit,2048.52,10-22-2015,mobile,Synthesize Wireless E-Business
T0001662,A00120,C0070,payment,489.33,12-26-2018,branch,Generate Strategic Convergence
T0001663,A00120,C0070,fee,49.23,2022-04-22,online,Brand Collaborative Web Services
T0001664,A00120,C0070,withdrawal,3974.63,2020-12-31,branch,Iterate Mission-Critical Architectures
T0001665,A00120,C0070,transfer,6247.09,11-04-2018,mobile,Envisioneer Dynamic Eyeballs
T0001666,A00120,C0070,transfer,5940.31,2022-10-24,mobile,Cultivate Robust Channels
T0001667,A00120,C0070,deposit,1662.8,2014-07-03,online,Synthesize E-Business Content
T0001668,A00120,C0070,deposit,7525.01,2014-05-21,branch,E-Enable Plug-And-Play Communities
T0001669,A00120,C0070,transfer,2750.29,2012-09-21,online,Productize Customized Initiatives
T0001670,A00120,C0070,withdrawal,,2021-04-19,online,Syndicate Web-Enabled Action-Items
T0001671,A00120,C0070,deposit,2329.81,2021-03-05,branch,Architect Frictionless Web Services
T0001672,A00121,C0071,transfer,6916.05,2021-12-16,branch,Scale E-Business Platforms
T0001673,A00121,C0071,PAYMENT,,2024-02-13,online,Brand Proactive Communities
T0001674,A00121,C0071,transfer,4896.58,2024-04-24,branch,Re-Contextualize World-Class Architectures
T0001675,A00121,C0071,transfer,1206.83,2023-09-12,online,Revolutionize Efficient E-Services
T0001676,A00121,C0071,WITHDRAWAL,2205.42,2021-02-14,branch,Drive Dot-Com Web Services
T0001677,A00121,C0071,withdrawal,4939.41,2021-03-15,online,Syndicate 24/7 Web Services
T0001678,A00121,C0071,withdrawal,4209.27,2020-09-01,branch,Enable Holistic Infrastructures
T0001679,A00121,C0071,WITHDRAWAL,3843.98,2021-08-17,mobile,Generate Open-Source E-Services
T0001680,A00121,C0071,deposit,1695.32,2023-12-29,atm,Re-Contextualize Innovative Experiences
T0001681,A00121,C0071,payment,2137.64,2021-12-15,branch,Facilitate Enterprise Architectures
T0001682,A00121,C0071,payment,553.44,2022-03-06,online,Visualize User-Centric E-Services
T0001683,A00121,C0071,transfer,2586.68,2020-09-03,atm,Enhance Back-End Initiatives
T0001684,A00121,C0071,DEPOSIT,9117.5,2023-01-11,mobile,Envisioneer E-Business Initiatives
T0001685,A00121,C0071,deposit,7394.73,2021-06-02,atm,Evolve Cross-Platform Applications
T0001686,A00121,C0071,DEPOSIT,10050.77,2022-02-02,branch,Re-Contextualize Dynamic Initiatives
T0001687,A00122,C0071,transfer,2903.85,2022-08-27,atm,Maximize Out-Of-The-Box Channels
T0001688,A00122,C0071,transfer,1696.07,2021-12-19,mobile,Iterate Turn-Key Architectures
T0001689,A00122,C0071,payment,400.15,2021-02-13,online,Maximize Clicks-And-Mortar Content
T0001690,A00123,C0072,fee,44.78,2022-09-28,branch,Streamline Dynamic Architectures
T0001691,A00123,C0072,transfer,7405.5,2018-04-30,online,Brand Turn-Key Relationships
T0001692,A00123,C0072,transfer,2425.78,2022-04-17,mobile,Exploit End-To-End Deliverables
T0001693,A00123,C0072,deposit,10825.5,2024-09-12,online,Repurpose Magnetic Platforms
T0001694,A00123,C0072,deposit,8279.91,2017-08-06,atm,Strategize Value-Added Users
T0001695,A00123,C0072,payment,2721.38,09-05-2024,atm,Iterate Ubiquitous Vortals
T0001696,A00123,C0072,withdrawal,5744.26,2020-04-08,mobile,Orchestrate Distributed E-Services
T0001697,A00123,C0072,WITHDRAWAL,4199.63,2016-12-03,online,Synthesize Ubiquitous Eyeballs
T0001698,A00123,C0072,transfer,5579.72,2018-01-13,branch,Expedite Front-End Eyeballs
T0001699,A00124,C0073,fee,7.74,2015-05-12,branch,Extend Robust Metrics
T0001700,A00124,C0073,payment,1490.13,2023-02-26,online,Harness Extensible Mindshare
T0001701,A00124,C0073,withdrawal,4084.04,09-14-2016,mobile,Scale 24/7 Niches
T0001702,A00124,C0073,TRANSFER,1671.26,05-06-2019,online,Iterate Compelling Functionalities
T0001703,A00124,C0073,withdrawal,4745.06,08-23-2016,online,E-Enable Killer Models
T0001704,A00124,C0073,payment,1543.26,2024-09-16,atm,Envisioneer Enterprise Markets
T0001705,A00124,C0073,payment,896.13,2018-04-02,atm,Exploit Open-Source Eyeballs
T0001706,A00124,C0073,DEPOSIT,3397.75,2021-01-15,branch,Transition Best-Of-Breed E-Services
T0001707,A00124,C0073,deposit,2264.69,2018-02-14,atm,Scale Scalable Roi
T0001708,A00124,C0073,deposit,11869.79,05-04-2016,branch,Iterate Holistic Interfaces
T0001709,A00124,C0073,deposit,1786.96,2024-01-31,atm,Monetize Granular Web-Readiness
T0001710,A00124,C0073,transfer,2965.5,2021-12-11,online,Engage Impactful Supply-Chains
T0001711,A00124,C0073,payment,799.47,2022-10-05,branch,Brand Collaborative Convergence
T0001712,A00124,C0073,payment,891.74,2019-06-06,online,Engineer Impactful Interfaces
T0001713,A00124,C0073,PAYMENT,2473.56,2021-11-13,branch,Optimize Front-End Technologies
T0001714,A00124,C0073,FEE,12.95,2023-01-16,online,Scale Dynamic Schemas
T0001715,A00124,C0073,transfer,6946.5,11-16-2020,online,Strategize Mission-Critical Channels
T0001716,A00125,C0074,payment,1906.57,2019-01-22,branch,Harness Scalable Content
T0001717,A00125,C0074,deposit,4068.46,2023-03-16,mobile,Target Granular Networks
T0001718,A00125,C0074,WITHDRAWAL,5843.9,2016-10-11,mobile,Enable Visionary Info-Mediaries
T0001719,A00125,C0074,deposit,7211.15,2021-07-21,mobile,Envisioneer B2B E-Tailers
T0001720,A00125,C0074,withdrawal,6528.47,2017-05-10,branch,Architect 24/365 Experiences
T0001721,A00125,C0074,WITHDRAWAL,7547.97,07-10-2017,branch,Implement Bricks-And-Clicks Networks
T0001722,A00125,C0074,DEPOSIT,2485.63,2019-08-12,branch,Transform B2B Architectures
T0001723,A00125,C0074,TRANSFER,1519.03,2022-02-16,branch,Brand Frictionless Markets
T0001724,A00125,C0074,withdrawal,3651.09,2014-11-26,mobile,Transform Synergistic Info-Mediaries
T0001725,A00125,C0074,TRANSFER,1115.58,2015-07-15,online,Reinvent Scalable Initiatives
T0001726,A00125,C0074,WITHDRAWAL,185.31,07-10-2015,online,Deliver Cross-Platform Applications
T0001727,A00125,C0074,deposit,11563.26,2014-04-08,atm,Brand B2C Functionalities
T0001728,A00125,C0074,payment,1802.92,2016-06-26,online,Drive Wireless Action-Items
T0001729,A00125,C0074,withdrawal,6549.68,2015-09-03,online,Integrate 24/7 Action-Items
T0001730,A00125,C0074,DEPOSIT,11407.09,2017-10-28,mobile,Strategize Holistic Content
T0001731,A00125,C0074,withdrawal,3841.69,12-11-2016,branch,Scale Virtual Experiences
T0001732,A00125,C0074,withdrawal,2154.3,2014-07-16,online,Extend Enterprise Web Services
T0001733,A00125,C0074,payment,317.42,2013-10-05,atm,Repurpose E-Business Bandwidth
T0001734,A00125,C0074,withdrawal,6695.14,2015-08-03,branch,Cultivate Enterprise Niches
T0001735,A00125,C0074,PAYMENT,81.76,04-24-2013,mobile,Whiteboard Visionary Relationships
T0001736,A00126,C0074,withdrawal,2309.03,2016-08-05,mobile,Implement 24/7 Initiatives
T0001737,A00126,C0074,withdrawal,7926.33,10-23-2015,branch,Evolve 24/7 Models
T0001738,A00126,C0074,fee,17.68,2015-07-28,online,Visualize Magnetic Web-Readiness
T0001739,A00126,C0074,deposit,13853.63,2020-10-09,online,Benchmark Compelling Niches
T0001740,A00126,C0074,transfer,1440.98,2014-04-06,atm,Scale Mission-Critical Applications
T0001741,A00126,C0074,transfer,1218.76,2017-05-10,atm,Reinvent Integrated Info-Mediaries
T0001742,A00126,C0074,withdrawal,849.3,09-23-2019,mobile,Visualize User-Centric Content
T0001743,A00126,C0074,payment,2434.05,2021-07-26,online,Maximize End-To-End Platforms
T0001744,A00126,C0074,payment,2934.37,2013-05-03,branch,Harness Innovative Users
T0001745,A00126,C0074,deposit,6728.1,2020-06-21,mobile,Reinvent Wireless Web-Readiness
T0001746,A00126,C0074,deposit,6440.42,2014-10-19,atm,Strategize Holistic Partnerships
T0001747,A00126,C0074,deposit,,2016-07-14,branch,Mesh 24/7 E-Tailers
T0001748,A00126,C0074,withdrawal,3963.77,2021-12-04,mobile,Repurpose 24/7 Roi
T0001749,A00126,C0074,transfer,5100.1,2022-07-29,branch,Cultivate Viral Synergies
T0001750,A00126,C0074,withdrawal,4403.73,2018-10-21,mobile,Engage Customized Vortals
T0001751,A00126,C0074,withdrawal,4656.09,2018-06-14,mobile,Embrace Revolutionary Channels
T0001752,A00126,C0074,transfer,1896.84,2018-03-17,online,Maximize Best-Of-Breed Experiences
T0001753,A00126,C0074,fee,5.77,2017-11-06,mobile,Leverage E-Business Schemas
T0001754,A00126,C0074,payment,188.14,04-14-2016,atm,Morph Robust Infrastructures
T0001755,A00126,C0074,payment,2601.65,2021-05-20,branch,Embrace Seamless Relationships
T0001756,A00127,C0075,DEPOSIT,12807.02,2022-07-19,mobile,Incubate Frictionless E-Commerce
T0001757,A00127,C0075,deposit,3407.58,2021-04-29,branch,Repurpose Clicks-And-Mortar Action-Items
T0001758,A00127,C0075,fee,36.68,2020-08-16,mobile,Monetize Revolutionary Deliverables
T0001759,A00127,C0075,deposit,14475.45,01-29-2024,atm,Productize Distributed Web Services
T0001760,A00127,C0075,transfer,5308.72,04-08-2020,online,Incubate Visionary Channels
T0001761,A00127,C0075,PAYMENT,2612.73,08-22-2022,online,Maximize Holistic Vortals
T0001762,A00127,C0075,withdrawal,650.37,10-15-2020,online,Mesh Synergistic Metrics
T0001763,A00127,C0075,WITHDRAWAL,6513.42,2020-01-14,branch,Incubate Best-Of-Breed Platforms
T0001764,A00127,C0075,deposit,11166.19,2024-04-04,atm,Repurpose Revolutionary Action-Items
T0001765,A00127,C0075,withdrawal,2711.95,2022-08-08,online,Integrate Dynamic Eyeballs
T0001766,A00127,C0075,deposit,947.01,2021-07-29,online,Monetize Killer Channels
T0001767,A00127,C0075,transfer,4036.3,2023-05-10,online,Expedite Killer Applications
T0001768,A00127,C0075,PAYMENT,2042.91,2022-03-10,mobile,Seize Efficient Channels
T0001769,A00127,C0075,transfer,2079.27,01-27-2023,atm,Drive Cutting-Edge Partnerships
T0001770,A00127,C0075,deposit,13975.18,2023-12-11,atm,Engage Dot-Com Portals
T0001771,A00127,C0075,withdrawal,,2020-06-25,branch,Synergize Granular Interfaces
T0001772,A00127,C0075,deposit,9304.7,2024-02-18,branch,Target Strategic Portals
T0001773,A00128,C0075,payment,2928.2,2020-07-26,online,Innovate Cutting-Edge Eyeballs
T0001774,A00128,C0075,transfer,3829.78,02-12-2024,mobile,Incubate Best-Of-Breed Partnerships
T0001775,A00128,C0075,withdrawal,456.28,2024-03-05,atm,Whiteboard Real-Time Functionalities
T0001776,A00128,C0075,withdrawal,2173.96,2023-03-01,online,Scale Dynamic Relationships
T0001777,A00128,C0075,withdrawal,6234.8,2019-12-22,atm,Maximize Granular E-Markets
T0001778,A00128,C0075,deposit,2483.27,2019-09-11,online,Transition B2C Vortals
T0001779,A00128,C0075,DEPOSIT,214.11,2019-11-26,atm,Generate User-Centric Architectures
T0001780,A00128,C0075,WITHDRAWAL,,08-03-2020,online,Utilize Interactive Partnerships
T0001781,A00128,C0075,deposit,14651.11,11-19-2020,online,Empower 24/7 Users
T0001782,A00128,C0075,fee,26.77,2022-09-12,online,Embrace Transparent Partnerships
T0001783,A00128,C0075,deposit,4663.64,2021-04-20,atm,Facilitate E-Business Relationships
T0001784,A00128,C0075,deposit,6002.14,2023-10-02,branch,Redefine Open-Source Niches
T0001785,A00128,C0075,transfer,5810.99,2021-04-20,branch,Orchestrate Magnetic Niches
T0001786,A00128,C0075,transfer,2663.92,2023-06-24,online,Implement Mission-Critical Architectures
T0001787,A00128,C0075,payment,459.06,05-09-2022,mobile,Enhance Enterprise Platforms
T0001788,A00128,C0075,transfer,6819.18,2022-03-18,atm,Generate 24/7 Roi
T0001789,A00128,C0075,deposit,6973.44,2020-06-10,online,Mesh Extensible Applications
T0001790,A00128,C0075,transfer,7077.53,2024-11-17,branch,Transition Holistic Platforms
T0001791,A00128,C0075,transfer,7947.46,11-06-2023,atm,Mesh Cross-Media Networks
T0001792,A00128,C0075,payment,1023.67,2022-01-17,atm,Cultivate Front-End Schemas
T0001793,A00129,C0076,deposit,10705.8,07-15-2023,mobile,Empower Mission-Critical Markets
T0001794,A00129,C0076,deposit,9175.29,2021-05-21,online,Leverage Turn-Key Architectures
T0001795,A00129,C0076,withdrawal,7955.35,05-31-2020,online,Reinvent Cross-Media Methodologies
T0001796,A00129,C0076,deposit,13063.34,11-15-2018,online,Generate Wireless Info-Mediaries
T0001797,A00129,C0076,deposit,4740.09,2024-04-19,atm,Benchmark End-To-End Portals
T0001798,A00130,C0076,deposit,5481.76,2019-11-02,online,Implement B2C Web Services
T0001799,A00130,C0076,deposit,11590.51,2019-11-08,atm,Enable B2B Architectures
T0001800,A00131,C0077,transfer,3547.52,01-31-2016,branch,Maximize Real-Time Markets
T0001801,A00131,C0077,FEE,26.97,02-13-2013,atm,Redefine Out-Of-The-Box Action-Items
T0001802,A00131,C0077,withdrawal,6858.87,2016-10-08,branch,Innovate Next-Generation Bandwidth
T0001803,A00131,C0077,withdrawal,6761.79,2020-03-24,atm,Reinvent Visionary Convergence
T0001804,A00131,C0077,deposit,,2018-09-21,mobile,Exploit Plug-And-Play Mindshare
T0001805,A00131,C0077,payment,2973.83,2016-03-27,online,Envisioneer Efficient E-Commerce
T0001806,A00131,C0077,fee,7.57,04-05-2024,branch,Mesh Bleeding-Edge Content
T0001807,A00131,C0077,deposit,12803.24,12-02-2022,atm,Whiteboard E-Business Content
T0001808,A00131,C0077,deposit,6019.24,2018-10-08,online,Deploy Turn-Key Infrastructures
T0001809,A00131,C0077,withdrawal,3708.98,2015-05-06,online,Whiteboard Strategic Partnerships
T0001810,A00131,C0077,withdrawal,5147.03,03-02-2018,mobile,Drive Web-Enabled Infrastructures
T0001811,A00131,C0077,deposit,10990.08,2012-10-14,mobile,Leverage Leading-Edge Infrastructures
T0001812,A00131,C0077,deposit,4964.37,2020-01-21,atm,Extend Front-End Schemas
T0001813,A00131,C0077,fee,26.88,01-08-2018,mobile,Re-Contextualize Rich Synergies
T0001814,A00131,C0077,deposit,622.32,2012-11-26,branch,Brand Global Info-Mediaries
T0001815,A00131,C0077,deposit,3241.38,11-17-2020,online,Synthesize 24/7 Interfaces
T0001816,A00131,C0077,transfer,517.95,2023-10-28,atm,Implement Dynamic Synergies
T0001817,A00131,C0077,fee,14.6,2019-12-27,branch,Unleash Cutting-Edge Users
T0001818,A00131,C0077,fee,35.77,2010-11-08,atm,Extend Cross-Media Action-Items
T0001819,A00131,C0077,transfer,687.06,12-29-2015,online,Extend Revolutionary Metrics
T0001820,A00131,C0077,withdrawal,2400.73,2016-06-25,mobile,Grow Frictionless Methodologies
T0001821,A00131,C0077,withdrawal,5363.76,2019-10-03,atm,Re-Contextualize Magnetic Roi
T0001822,A00131,C0077,payment,286.4,2014-06-20,mobile,Optimize Bricks-And-Clicks Channels
T0001823,A00132,C0078,deposit,5271.68,2022-12-11,mobile,Deliver Synergistic Markets
T0001824,A00132,C0078,withdrawal,5516.87,2023-12-24,branch,Brand Rich Architectures
T0001825,A00132,C0078,withdrawal,5549.35,2023-09-23,mobile,Leverage Out-Of-The-Box Initiatives
T0001826,A00132,C0078,withdrawal,7152.36,05-02-2021,branch,Facilitate Interactive Users
T0001827,A00132,C0078,transfer,4636.35,2021-09-18,branch,Iterate 24/7 Technologies
T0001828,A00132,C0078,transfer,6591.56,2023-02-04,atm,Monetize Compelling Technologies
T0001829,A00132,C0078,deposit,6906.95,2021-05-11,branch,Morph Killer Synergies
T0001830,A00132,C0078,payment,349.68,2024-01-29,mobile,Extend Impactful E-Tailers
T0001831,A00132,C0078,withdrawal,49.34,2022-10-02,mobile,Re-Contextualize Extensible Experiences
T0001832,A00132,C0078,transfer,5118.55,2021-12-25,online,Deliver Robust Bandwidth
T0001833,A00132,C0078,DEPOSIT,14686.53,2021-06-25,mobile,Productize Holistic Markets
T0001834,A00132,C0078,transfer,4815.53,2024-05-04,branch,Seize Clicks-And-Mortar E-Business
T0001835,A00132,C0078,deposit,2907.83,2023-03-25,online,Target Open-Source Content
T0001836,A00132,C0078,payment,58.41,05-10-2023,atm,Seize Sticky Synergies
T0001837,A00132,C0078,payment,382.99,2024-02-04,mobile,Seize Viral Interfaces
T0001838,A00132,C0078,fee,23.63,11-30-2024,atm,Seize Value-Added Platforms
T0001839,A00132,C0078,payment,1283.29,04-03-2023,atm,Brand Holistic Solutions
T0001840,A00132,C0078,payment,1381.88,11-30-2021,atm,Evolve B2C E-Markets
T0001841,A00133,C0078,transfer,4351.25,2024-02-29,mobile,Embrace Holistic Synergies
T0001842,A00133,C0078,PAYMENT,2068.77,2022-08-29,mobile,Orchestrate Dot-Com E-Services
T0001843,A00134,C0079,FEE,41.27,2014-11-14,online,Syndicate Impactful Relationships
T0001844,A00134,C0079,transfer,4937.76,2014-08-28,mobile,Monetize Bricks-And-Clicks E-Commerce
T0001845,A00134,C0079,withdrawal,6018.78,12-21-2014,online,Productize Viral Users
T0001846,A00134,C0079,withdrawal,6450.85,08-10-2022,atm,Exploit Real-Time Platforms
T0001847,A00134,C0079,deposit,11664.36,2022-01-29,mobile,Grow Visionary Communities
T0001848,A00134,C0079,deposit,7070.13,2015-03-19,online,Enable Synergistic E-Commerce
T0001849,A00134,C0079,fee,46.13,2020-07-05,mobile,Implement Synergistic Solutions
T0001850,A00134,C0079,deposit,5650.92,2021-07-10,branch,Embrace Dynamic Technologies
T0001851,A00134,C0079,deposit,13200.13,2024-01-11,atm,Integrate Global Interfaces
T0001852,A00134,C0079,payment,2387.46,2019-07-17,mobile,Deploy Open-Source Paradigms
T0001853,A00134,C0079,deposit,13640.43,2018-01-23,online,Leverage 24/365 Info-Mediaries
T0001854,A00134,C0079,deposit,11868.13,2012-12-29,atm,Repurpose Real-Time Initiatives
T0001855,A00134,C0079,DEPOSIT,8604.2,2020-02-29,mobile,Deploy Holistic Schemas
T0001856,A00134,C0079,withdrawal,3143.07,2018-01-26,mobile,Synthesize End-To-End Vortals
T0001857,A00134,C0079,PAYMENT,1737.78,2013-10-20,branch,Engineer Wireless Mindshare
T0001858,A00134,C0079,fee,12.82,2021-05-27,atm,Drive Integrated Channels
T0001859,A00134,C0079,deposit,3502.99,2024-03-31,branch,Embrace Sticky Web-Readiness
T0001860,A00135,C0079,transfer,,2014-12-30,atm,Enable B2C Convergence
T0001861,A00135,C0079,deposit,4869.95,2024-09-28,online,Deliver Value-Added Methodologies
T0001862,A00135,C0079,DEPOSIT,222.49,2014-06-08,branch,Incentivize Scalable Methodologies
T0001863,A00135,C0079,transfer,4358.51,12-18-2012,online,E-Enable Cross-Platform E-Commerce
T0001864,A00135,C0079,deposit,11025.83,2020-12-01,mobile,Expedite Value-Added E-Commerce
T0001865,A00135,C0079,deposit,9805.21,05-16-2020,branch,Syndicate Distributed Technologies
T0001866,A00135,C0079,deposit,12614.83,2019-01-01,mobile,Synthesize Strategic E-Commerce
T0001867,A00135,C0079,transfer,2214.22,2018-03-08,branch,Incentivize B2C Mindshare
T0001868,A00135,C0079,transfer,4643.25,2012-11-10,online,Reinvent Interactive Niches
T0001869,A00135,C0079,withdrawal,4775.24,2014-10-30,online,Revolutionize One-To-One Portals
T0001870,A00135,C0079,deposit,13424.34,2015-07-10,online,Scale Interactive Web Services
T0001871,A00135,C0079,WITHDRAWAL,2903.95,2014-01-28,branch,Transition Cutting-Edge Solutions
T0001872,A00135,C0079,deposit,11941.85,02-08-2021,mobile,Syndicate Sticky Mindshare
T0001873,A00135,C0079,withdrawal,5012.95,2013-12-28,branch,Re-Intermediate Viral Solutions
T0001874,A00135,C0079,withdrawal,2522.41,2021-10-04,mobile,Iterate B2C E-Services
T0001875,A00135,C0079,deposit,201.6,2015-12-15,branch,Embrace End-To-End Interfaces
T0001876,A00135,C0079,deposit,5175.02,2013-01-17,atm,Integrate Efficient Solutions
T0001877,A00135,C0079,fee,32.0,03-13-2023,online,Re-Contextualize B2B E-Commerce
T0001878,A00135,C0079,withdrawal,2050.92,2015-11-23,online,Utilize 24/365 Infrastructures
T0001879,A00135,C0079,TRANSFER,4296.91,2016-08-31,branch,Cultivate Scalable Architectures
T0001880,A00135,C0079,PAYMENT,353.22,2017-03-11,branch,Deploy Extensible Functionalities
T0001881,A00135,C0079,withdrawal,1773.69,2013-01-01,branch,Enhance Magnetic Supply-Chains
T0001882,A00135,C0079,deposit,3028.6,2018-05-06,online,Brand Compelling Markets
T0001883,A00135,C0079,TRANSFER,5222.36,2020-02-28,mobile,Deliver Cutting-Edge Experiences
T0001884,A00136,C0080,withdrawal,3211.54,11-21-2021,branch,Streamline Seamless Initiatives
T0001885,A00136,C0080,deposit,10321.51,2019-10-21,atm,Empower Bricks-And-Clicks Niches
T0001886,A00136,C0080,deposit,11907.64,2021-05-28,atm,Seize Next-Generation Action-Items
T0001887,A00136,C0080,payment,2861.75,2018-11-09,mobile,Harness Scalable Roi
T0001888,A00136,C0080,payment,1276.97,2021-11-10,atm,Integrate Clicks-And-Mortar Markets
T0001889,A00136,C0080,TRANSFER,4866.22,2020-07-28,mobile,Repurpose World-Class E-Tailers
T0001890,A00136,C0080,withdrawal,3004.2,03-29-2019,online,Envisioneer Collaborative Niches
T0001891,A00136,C0080,deposit,554.71,2022-01-14,atm,Redefine Mission-Critical E-Commerce
T0001892,A00136,C0080,withdrawal,4838.98,2023-07-31,atm,Reinvent Dot-Com Models
T0001893,A00136,C0080,deposit,2739.57,2021-06-19,atm,Disintermediate Open-Source Content
T0001894,A00136,C0080,payment,1079.66,2021-10-24,online,Embrace Mission-Critical Web Services
T0001895,A00136,C0080,transfer,2988.27,05-31-2019,atm,Implement End-To-End Supply-Chains
T0001896,A00136,C0080,deposit,10339.97,2018-05-15,atm,Disintermediate Bricks-And-Clicks Applications
T0001897,A00136,C0080,withdrawal,6366.01,2019-05-25,branch,Mesh Out-Of-The-Box Action-Items
T0001898,A00136,C0080,deposit,4290.03,2023-04-19,branch,Visualize Efficient E-Tailers
T0001899,A00136,C0080,deposit,8436.33,2022-11-29,online,Benchmark Integrated Infrastructures
T0001900,A00136,C0080,payment,1271.03,06-08-2023,mobile,Matrix Sticky Channels
T0001901,A00136,C0080,payment,602.47,07-24-2020,online,Whiteboard 24/7 Paradigms
T0001902,A00136,C0080,withdrawal,7922.27,2022-07-16,mobile,Benchmark Dynamic Solutions
T0001903,A00136,C0080,deposit,2608.54,2018-05-03,atm,Unleash Customized Platforms
T0001904,A00136,C0080,withdrawal,4619.78,08-18-2023,atm,Optimize Cross-Platform Content
T0001905,A00136,C0080,transfer,6851.7,2017-03-14,online,Drive Collaborative Solutions
T0001906,A00136,C0080,deposit,12632.56,2022-03-06,mobile,Incubate B2C Paradigms
T0001907,A00137,C0081,payment,126.97,2021-11-04,online,Enable Dynamic E-Markets
T0001908,A00137,C0081,withdrawal,6642.2,2016-08-21,mobile,Engage Dot-Com Schemas
T0001909,A00137,C0081,withdrawal,2551.17,2023-12-21,atm,Seize Bricks-And-Clicks Systems
T0001910,A00137,C0081,deposit,11630.47,2020-05-07,mobile,Whiteboard 24/7 E-Commerce
T0001911,A00137,C0081,deposit,4511.74,09-23-2022,mobile,Optimize Compelling E-Markets
T0001912,A00137,C0081,payment,2901.79,2021-05-23,online,Mesh Vertical Communities
T0001913,A00137,C0081,payment,317.2,2020-01-20,branch,Expedite Efficient Channels
T0001914,A00137,C0081,payment,424.82,2016-05-24,atm,Envisioneer Revolutionary Networks
T0001915,A00137,C0081,TRANSFER,1826.2,2023-07-28,online,Streamline Dynamic Interfaces
T0001916,A00138,C0081,payment,1112.95,2024-08-06,online,Synthesize Intuitive Communities
T0001917,A00138,C0081,payment,786.47,2024-03-13,online,Grow Integrated Schemas
T0001918,A00138,C0081,DEPOSIT,4599.14,09-20-2017,atm,Revolutionize Integrated Interfaces
T0001919,A00138,C0081,transfer,6337.19,2020-03-03,mobile,Expedite Real-Time E-Tailers
T0001920,A00138,C0081,transfer,,2019-07-04,mobile,Reinvent Clicks-And-Mortar Communities
T0001921,A00138,C0081,DEPOSIT,12935.33,2017-10-28,mobile,Maximize Killer Applications
T0001922,A00138,C0081,withdrawal,996.54,08-15-2023,branch,Scale Value-Added Mindshare
T0001923,A00138,C0081,withdrawal,3931.03,2022-12-17,atm,Target Back-End Content
T0001924,A00138,C0081,transfer,3872.0,2020-02-02,online,Iterate Magnetic Technologies
T0001925,A00138,C0081,transfer,5696.82,06-09-2019,atm,Unleash Real-Time Schemas
T0001926,A00138,C0081,payment,734.71,2022-09-28,branch,Embrace Frictionless E-Services
T0001927,A00138,C0081,deposit,14577.89,04-09-2024,online,Integrate Web-Enabled Technologies
T0001928,A00138,C0081,DEPOSIT,3281.23,11-11-2018,mobile,Integrate B2B Niches
T0001929,A00138,C0081,withdrawal,2736.79,2018-08-02,atm,Re-Contextualize Global Niches
T0001930,A00139,C0082,transfer,6785.5,2024-05-09,online,Cultivate Scalable Experiences
T0001931,A00139,C0082,deposit,5486.47,2023-06-13,mobile,Incentivize Best-Of-Breed Users
T0001932,A00139,C0082,withdrawal,6244.57,2024-10-27,branch,Embrace Clicks-And-Mortar Experiences
T0001933,A00139,C0082,deposit,2504.74,2023-04-11,atm,Seize Out-Of-The-Box Vortals
T0001934,A00139,C0082,transfer,1195.37,09-13-2024,online,Evolve Back-End Channels
T0001935,A00139,C0082,deposit,13416.77,2023-05-23,branch,Deploy Distributed Vortals
T0001936,A00139,C0082,deposit,9945.19,10-31-2023,mobile,Streamline Value-Added Convergence
T0001937,A00139,C0082,deposit,13907.57,2024-01-26,online,Enhance Efficient Roi
T0001938,A00139,C0082,withdrawal,1221.95,2024-01-28,mobile,Morph Vertical Users
T0001939,A00139,C0082,withdrawal,3541.9,07-04-2024,atm,Repurpose Sticky Architectures
T0001940,A00139,C0082,deposit,5768.71,05-11-2023,mobile,Visualize Dot-Com Functionalities
T0001941,A00139,C0082,deposit,6070.25,2023-08-17,atm,Whiteboard Best-Of-Breed Systems
T0001942,A00139,C0082,transfer,4158.58,2024-07-26,online,Enhance World-Class Niches
T0001943,A00139,C0082,deposit,3771.72,12-28-2024,online,Architect Impactful Eyeballs
T0001944,A00139,C0082,deposit,13431.12,2023-09-12,atm,Grow Bleeding-Edge E-Commerce
T0001945,A00139,C0082,deposit,1560.43,2023-10-02,branch,Disintermediate B2B Info-Mediaries
T0001946,A00139,C0082,transfer,,2024-10-27,mobile,Evolve Rich Roi
T0001947,A00140,C0082,TRANSFER,7038.63,2023-08-19,atm,Target Viral Roi
T0001948,A00140,C0082,DEPOSIT,11796.63,2024-05-27,atm,Aggregate Holistic Roi
T0001949,A00140,C0082,deposit,8964.89,10-19-2024,online,Visualize Front-End Web-Readiness
T0001950,A00140,C0082,deposit,13621.35,2023-04-12,mobile,Monetize Granular Roi
T0001951,A00140,C0082,payment,2066.93,11-14-2023,branch,Transition Impactful Methodologies
T0001952,A00140,C0082,transfer,1349.83,2023-11-24,atm,Expedite Dynamic Partnerships
T0001953,A00140,C0082,DEPOSIT,240.39,04-16-2024,mobile,Orchestrate Intuitive E-Commerce
T0001954,A00140,C0082,withdrawal,1436.57,2024-03-19,atm,Incentivize Ubiquitous Experiences
T0001955,A00140,C0082,deposit,11415.9,03-25-2023,online,Strategize Mission-Critical Deliverables
T0001956,A00140,C0082,WITHDRAWAL,3801.16,09-05-2024,online,Enable Value-Added Metrics
T0001957,A00140,C0082,payment,1422.98,05-20-2024,online,Transform Enterprise Architectures
T0001958,A00141,C0082,TRANSFER,2339.46,2024-09-15,branch,Utilize One-To-One Synergies
T0001959,A00141,C0082,withdrawal,6044.84,08-24-2024,online,Engineer Revolutionary Channels
T0001960,A00141,C0082,WITHDRAWAL,5894.77,01-20-2024,mobile,Incentivize Strategic Niches
T0001961,A00141,C0082,transfer,7918.55,08-07-2024,atm,Orchestrate Value-Added Synergies
T0001962,A00141,C0082,withdrawal,2927.03,11-03-2024,online,Generate Sticky Users
T0001963,A00141,C0082,withdrawal,2683.24,05-28-2024,mobile,Extend Cross-Platform Infrastructures
T0001964,A00141,C0082,deposit,7813.67,01-26-2024,online,Aggregate Global Info-Mediaries
T0001965,A00141,C0082,fee,43.53,02-13-2024,branch,Engineer Visionary Communities
T0001966,A00142,C0083,deposit,8684.88,10-30-2019,mobile,Monetize Open-Source Info-Mediaries
T0001967,A00142,C0083,DEPOSIT,1384.65,2018-04-11,mobile,Orchestrate Interactive Markets
T0001968,A00142,C0083,DEPOSIT,4145.16,05-29-2021,mobile,Incubate Real-Time Functionalities
T0001969,A00142,C0083,payment,533.11,2024-12-28,atm,Incubate 24/7 Web-Readiness
T0001970,A00142,C0083,withdrawal,4721.4,2024-03-15,atm,Transition Revolutionary Platforms
T0001971,A00142,C0083,deposit,8713.78,2017-09-17,atm,Incubate Distributed Platforms
T0001972,A00142,C0083,transfer,3479.01,08-07-2023,mobile,Deliver Next-Generation Eyeballs
T0001973,A00142,C0083,FEE,40.66,2020-08-07,atm,Implement Magnetic Web-Readiness
T0001974,A00142,C0083,fee,,06-25-2015,branch,Enhance Cutting-Edge Architectures
T0001975,A00142,C0083,transfer,4195.03,2019-06-23,atm,Orchestrate Synergistic Experiences
T0001976,A00142,C0083,withdrawal,1317.6,2021-03-29,mobile,Envisioneer Magnetic Methodologies
T0001977,A00142,C0083,deposit,4456.16,2017-06-23,mobile,Synergize One-To-One Models
T0001978,A00142,C0083,deposit,12390.79,2014-09-14,online,Leverage One-To-One E-Services
T0001979,A00142,C0083,withdrawal,,11-03-2014,atm,Transform Front-End Convergence
T0001980,A00142,C0083,payment,159.21,2021-08-25,branch,Optimize Open-Source Initiatives
T0001981,A00142,C0083,payment,2357.94,2018-03-04,branch,Disintermediate Strategic Paradigms
T0001982,A00142,C0083,deposit,4096.5,2024-12-09,branch,Expedite B2C Roi
T0001983,A00142,C0083,transfer,664.13,2019-02-02,branch,Brand Open-Source Metrics
T0001984,A00142,C0083,withdrawal,2849.97,2014-08-09,mobile,Reinvent Cutting-Edge Eyeballs
T0001985,A00143,C0084,fee,9.42,2018-10-29,atm,Productize Seamless E-Business
T0001986,A00143,C0084,withdrawal,2499.67,2024-09-02,mobile,Transition Front-End Convergence
T0001987,A00143,C0084,payment,2415.1,2021-12-18,branch,Matrix Sticky Niches
T0001988,A00143,C0084,transfer,2015.16,01-05-2022,mobile,Redefine Rich Web Services
T0001989,A00144,C0085,WITHDRAWAL,703.07,2018-02-21,mobile,Disintermediate Back-End Partnerships
T0001990,A00144,C0085,DEPOSIT,11746.97,2022-01-09,mobile,Generate Clicks-And-Mortar Eyeballs
T0001991,A00144,C0085,deposit,6656.42,2016-12-24,atm,Revolutionize B2B Vortals
T0001992,A00144,C0085,payment,2140.67,07-21-2021,mobile,Orchestrate Integrated Systems
T0001993,A00144,C0085,WITHDRAWAL,3375.64,2019-11-16,mobile,Drive Compelling Partnerships
T0001994,A00144,C0085,deposit,8405.69,2021-01-28,mobile,Embrace Cutting-Edge Niches
T0001995,A00144,C0085,transfer,4929.36,2016-11-23,atm,Orchestrate E-Business Vortals
T0001996,A00144,C0085,deposit,7707.49,09-22-2024,branch,Enable Viral Architectures
T0001997,A00144,C0085,withdrawal,4533.29,11-13-2022,atm,Seize Turn-Key Models
T0001998,A00144,C0085,transfer,3153.42,2016-07-03,mobile,Brand Compelling E-Markets
T0001999,A00144,C0085,deposit,12121.84,2023-06-02,mobile,Expedite Open-Source Channels
T0002000,A00144,C0085,deposit,4089.11,07-06-2016,online,Exploit Interactive Architectures
T0002001,A00144,C0085,transfer,6579.08,08-23-2019,mobile,Deploy Rich Users
T0002002,A00144,C0085,WITHDRAWAL,505.7,2023-08-25,online,Incubate Rich Users
T0002003,A00144,C0085,deposit,2205.07,10-09-2023,mobile,Incubate Bleeding-Edge Architectures
T0002004,A00144,C0085,deposit,10151.43,2017-06-07,branch,Evolve Next-Generation Deliverables
T0002005,A00144,C0085,transfer,,2019-04-12,online,Maximize Magnetic Infrastructures
T0002006,A00144,C0085,withdrawal,,2024-12-08,online,Incentivize Bricks-And-Clicks Synergies
T0002007,A00144,C0085,deposit,9076.67,08-28-2016,online,Architect Vertical Relationships
T0002008,A00144,C0085,deposit,3104.19,2021-09-25,mobile,Engage Collaborative Channels
T0002009,A00144,C0085,payment,1337.01,03-06-2016,online,Redefine One-To-One Markets
T0002010,A00144,C0085,deposit,7281.61,2017-04-08,branch,Redefine Cross-Media Relationships
T0002011,A00144,C0085,payment,1644.69,07-16-2018,mobile,Iterate Global Technologies
T0002012,A00144,C0085,transfer,3470.18,04-14-2023,online,Target B2B Schemas
T0002013,A00144,C0085,deposit,11181.75,2017-12-22,branch,Re-Contextualize Next-Generation Action-Items
T0002014,A00145,C0085,transfer,4382.51,2021-08-10,mobile,Architect Magnetic Markets
T0002015,A00145,C0085,deposit,10029.66,04-04-2021,mobile,Extend Global Initiatives
T0002016,A00146,C0085,deposit,5818.02,2023-05-30,online,Scale B2B Architectures
T0002017,A00146,C0085,withdrawal,3410.17,2021-02-15,online,Drive Proactive E-Commerce
T0002018,A00146,C0085,withdrawal,4522.39,2019-02-06,online,Disintermediate Scalable Platforms
T0002019,A00147,C0086,transfer,7147.9,2023-06-08,mobile,Repurpose Intuitive Info-Mediaries
T0002020,A00147,C0086,payment,1070.63,2023-06-17,branch,E-Enable Granular Web-Readiness
T0002021,A00147,C0086,payment,1380.47,2024-08-26,online,Orchestrate Bricks-And-Clicks Eyeballs
T0002022,A00147,C0086,withdrawal,6849.6,2023-10-14,branch,Evolve Interactive Partnerships
T0002023,A00147,C0086,payment,1579.92,2024-04-26,online,Implement Next-Generation Eyeballs
T0002024,A00147,C0086,transfer,2827.9,2023-10-30,atm,Engineer Viral Info-Mediaries
T0002025,A00147,C0086,transfer,6297.84,08-17-2024,atm,Extend Global Deliverables
T0002026,A00147,C0086,payment,213.95,03-10-2024,mobile,Scale Seamless Info-Mediaries
T0002027,A00147,C0086,fee,32.26,2024-05-24,branch,Deploy Cross-Platform Systems
T0002028,A00147,C0086,transfer,4065.7,2024-12-14,atm,Generate Value-Added Technologies
T0002029,A00147,C0086,transfer,4719.04,2023-09-14,atm,Embrace B2C Markets
T0002030,A00147,C0086,transfer,3242.12,2024-12-23,online,Matrix Robust Metrics
T0002031,A00147,C0086,payment,485.95,2023-06-04,online,Engineer Virtual Mindshare
T0002032,A00147,C0086,withdrawal,5440.99,08-21-2023,atm,Leverage Value-Added Interfaces
T0002033,A00147,C0086,fee,41.38,12-28-2023,branch,E-Enable Cutting-Edge Methodologies
T0002034,A00147,C0086,payment,530.25,2023-08-20,mobile,Matrix Ubiquitous Schemas
T0002035,A00147,C0086,PAYMENT,195.16,2024-07-08,atm,Unleash Back-End Networks
T0002036,A00148,C0087,payment,227.92,11-26-2019,atm,Deliver Extensible E-Services
T0002037,A00148,C0087,TRANSFER,255.09,2023-02-04,branch,Brand Granular Niches
T0002038,A00148,C0087,DEPOSIT,6770.17,2021-06-29,branch,Evolve Enterprise Channels
T0002039,A00148,C0087,withdrawal,1613.88,2023-04-08,atm,Extend Killer Interfaces
T0002040,A00148,C0087,withdrawal,2302.99,2022-06-12,branch,Re-Intermediate Leading-Edge E-Services
T0002041,A00148,C0087,deposit,12216.87,11-08-2023,branch,Strategize Viral Schemas
T0002042,A00148,C0087,transfer,5040.34,03-05-2020,online,Expedite Intuitive Bandwidth
T0002043,A00148,C0087,deposit,2151.41,10-31-2020,online,Syndicate Turn-Key Experiences
T0002044,A00148,C0087,transfer,4554.99,2021-09-16,online,Visualize Wireless Architectures
T0002045,A00148,C0087,deposit,10963.16,08-08-2021,mobile,Leverage Scalable Relationships
T0002046,A00148,C0087,payment,1715.41,2020-10-04,mobile,Visualize Cutting-Edge Solutions
T0002047,A00149,C0087,withdrawal,7200.05,2022-02-07,branch,Empower Sticky Platforms
T0002048,A00149,C0087,deposit,6441.3,2024-08-15,mobile,Optimize Bricks-And-Clicks Metrics
T0002049,A00149,C0087,withdrawal,1035.0,07-11-2020,atm,Revolutionize Open-Source Web-Readiness
T0002050,A00149,C0087,deposit,3497.07,2020-09-10,atm,Incentivize Front-End Communities
T0002051,A00149,C0087,deposit,14112.23,2020-04-03,atm,Incubate Sticky Partnerships
T0002052,A00150,C0087,WITHDRAWAL,6982.09,2024-03-09,branch,Architect Value-Added Content
T0002053,A00150,C0087,deposit,8651.57,11-09-2021,atm,Aggregate 24/365 Functionalities
T0002054,A00150,C0087,TRANSFER,4376.61,06-25-2022,online,Re-Contextualize Robust Action-Items
T0002055,A00150,C0087,WITHDRAWAL,7340.78,2023-07-06,atm,Empower Strategic Networks
T0002056,A00150,C0087,deposit,5103.78,2023-11-27,atm,Maximize Revolutionary Networks
T0002057,A00150,C0087,WITHDRAWAL,6122.59,2021-05-14,branch,Generate Compelling Paradigms
T0002058,A00150,C0087,withdrawal,5876.3,2021-05-22,online,Streamline Turn-Key Infrastructures
T0002059,A00150,C0087,withdrawal,6449.18,2021-07-25,online,Monetize Value-Added Convergence
T0002060,A00150,C0087,fee,47.75,2022-03-08,online,Engineer Front-End Interfaces
T0002061,A00150,C0087,withdrawal,1053.13,05-03-2023,online,Deliver Dynamic Vortals
T0002062,A00150,C0087,deposit,7638.68,10-29-2020,atm,Engineer Impactful Convergence
T0002063,A00150,C0087,withdrawal,6256.7,2022-08-30,branch,Enable Mission-Critical Supply-Chains
T0002064,A00150,C0087,PAYMENT,88.8,2020-05-12,branch,Deploy Mission-Critical Mindshare
T0002065,A00150,C0087,transfer,3047.52,03-29-2023,online,Exploit B2C Web-Readiness
T0002066,A00150,C0087,withdrawal,3109.26,2023-05-05,mobile,Benchmark Enterprise Info-Mediaries
T0002067,A00150,C0087,deposit,10535.0,2024-02-22,branch,Benchmark Robust Technologies
T0002068,A00150,C0087,withdrawal,7179.23,11-21-2020,atm,Leverage B2C Methodologies
T0002069,A00150,C0087,deposit,6576.05,2022-03-20,online,Target Strategic Functionalities
T0002070,A00150,C0087,deposit,8849.83,07-30-2021,branch,Evolve Bleeding-Edge E-Tailers
T0002071,A00150,C0087,transfer,7108.92,2022-07-23,online,Exploit B2B Communities
T0002072,A00151,C0088,deposit,900.41,2024-01-24,online,Deliver Cross-Platform Systems
T0002073,A00152,C0088,DEPOSIT,703.61,08-19-2021,atm,Generate End-To-End Supply-Chains
T0002074,A00152,C0088,transfer,1969.07,2023-06-21,atm,Envisioneer Bricks-And-Clicks E-Business
T0002075,A00152,C0088,transfer,3840.04,2018-03-03,online,Iterate User-Centric Paradigms
T0002076,A00152,C0088,deposit,3790.47,2024-01-29,branch,Productize Integrated Action-Items
T0002077,A00152,C0088,transfer,6511.13,2022-04-07,branch,Architect Intuitive Eyeballs
T0002078,A00152,C0088,transfer,7532.59,09-08-2021,atm,Maximize Rich Platforms
T0002079,A00152,C0088,deposit,13400.03,2024-01-17,atm,Exploit Value-Added Eyeballs
T0002080,A00152,C0088,withdrawal,852.94,2024-07-16,atm,Revolutionize Extensible Schemas
T0002081,A00152,C0088,TRANSFER,,2021-04-27,atm,Cultivate E-Business Models
T0002082,A00152,C0088,deposit,2100.12,08-05-2017,branch,Transform Ubiquitous Vortals
T0002083,A00152,C0088,transfer,1701.94,2020-02-19,atm,Leverage Distributed Communities
T0002084,A00152,C0088,payment,434.46,2024-11-04,branch,Optimize Efficient Networks
T0002085,A00153,C0089,transfer,3641.03,04-11-2021,online,Disintermediate Synergistic Infrastructures
T0002086,A00153,C0089,withdrawal,289.37,07-30-2016,atm,Optimize Virtual Bandwidth
T0002087,A00153,C0089,withdrawal,6620.89,12-08-2022,online,Morph Collaborative Portals
T0002088,A00153,C0089,deposit,9165.73,01-03-2017,mobile,Engineer Visionary Experiences
T0002089,A00153,C0089,payment,1160.14,2016-07-20,online,Re-Contextualize Global Initiatives
T0002090,A00153,C0089,deposit,2807.18,11-09-2018,mobile,Maximize Holistic Paradigms
T0002091,A00154,C0089,transfer,269.82,2017-07-09,atm,Disintermediate Front-End Interfaces
T0002092,A00154,C0089,payment,2265.89,03-23-2017,atm,Deploy End-To-End Systems
T0002093,A00154,C0089,payment,1776.97,11-17-2019,online,Disintermediate Turn-Key Relationships
T0002094,A00154,C0089,transfer,4979.81,2020-10-03,mobile,Evolve Transparent Mindshare
T0002095,A00154,C0089,payment,1664.35,2017-07-28,atm,Grow Back-End Methodologies
T0002096,A00154,C0089,withdrawal,4589.37,2022-12-06,atm,Integrate Leading-Edge Action-Items
T0002097,A00154,C0089,FEE,26.03,2018-10-03,branch,Scale Value-Added Eyeballs
T0002098,A00154,C0089,payment,849.29,2018-05-31,atm,Iterate Sticky Technologies
T0002099,A00154,C0089,fee,39.71,11-22-2017,atm,Synergize Granular Networks
T0002100,A00154,C0089,withdrawal,328.08,09-19-2020,atm,Strategize Intuitive E-Services
T0002101,A00154,C0089,DEPOSIT,3795.17,2020-12-27,online,Synergize Plug-And-Play Web Services
T0002102,A00154,C0089,withdrawal,5293.0,2018-04-30,atm,Evolve Cross-Media Bandwidth
T0002103,A00154,C0089,withdrawal,157.79,2018-12-09,online,Target Plug-And-Play Platforms
T0002104,A00154,C0089,deposit,5412.92,2022-03-01,branch,Evolve Viral Platforms
T0002105,A00154,C0089,deposit,14085.57,2021-07-07,atm,Redefine Impactful E-Commerce
T0002106,A00154,C0089,withdrawal,7627.28,2023-10-11,mobile,Aggregate Wireless Supply-Chains
T0002107,A00154,C0089,deposit,11811.7,2018-12-13,atm,Optimize Turn-Key Supply-Chains
T0002108,A00154,C0089,deposit,9473.56,06-26-2022,branch,Expedite Holistic E-Tailers
T0002109,A00154,C0089,transfer,1876.73,2023-11-12,online,Scale Collaborative Initiatives
T0002110,A00154,C0089,transfer,6887.35,2018-12-31,atm,Empower Ubiquitous Paradigms
T0002111,A00154,C0089,withdrawal,1839.06,2017-05-27,atm,Incubate B2C Info-Mediaries
T0002112,A00154,C0089,deposit,12681.72,2019-10-27,atm,Orchestrate Killer Vortals
T0002113,A00154,C0089,TRANSFER,4812.62,2022-12-29,atm,Maximize Robust Metrics
T0002114,A00154,C0089,deposit,6685.0,02-27-2018,online,Revolutionize Enterprise Markets
T0002115,A00154,C0089,deposit,8576.97,2019-08-04,mobile,Re-Contextualize Bricks-And-Clicks E-Commerce
T0002116,A00155,C0090,payment,437.81,2022-12-03,atm,Syndicate Killer Markets
T0002117,A00155,C0090,payment,1011.61,12-12-2024,mobile,Architect Vertical Methodologies
T0002118,A00155,C0090,WITHDRAWAL,7788.54,05-05-2022,online,Brand Real-Time Portals
T0002119,A00155,C0090,WITHDRAWAL,2341.16,2019-12-09,branch,Whiteboard Virtual Infrastructures
T0002120,A00155,C0090,DEPOSIT,9155.12,2024-10-08,atm,Orchestrate Innovative Niches
T0002121,A00155,C0090,transfer,5941.51,11-14-2023,atm,Strategize Strategic Content
T0002122,A00155,C0090,withdrawal,4669.84,2020-07-20,branch,Cultivate Customized E-Markets
T0002123,A00155,C0090,transfer,5200.71,2022-05-31,online,Mesh Killer Web Services
T0002124,A00155,C0090,withdrawal,7982.55,2020-08-28,mobile,Productize Back-End Roi
T0002125,A00155,C0090,TRANSFER,6783.81,03-08-2024,online,E-Enable Scalable Infrastructures
T0002126,A00156,C0091,withdrawal,3539.32,2022-10-24,atm,Productize Cutting-Edge Supply-Chains
T0002127,A00156,C0091,PAYMENT,886.27,08-09-2017,branch,Engineer Seamless Communities
T0002128,A00156,C0091,deposit,11526.27,2019-02-08,atm,Aggregate Cross-Media E-Markets
T0002129,A00156,C0091,withdrawal,5990.54,2018-01-03,online,Syndicate Collaborative Users
T0002130,A00156,C0091,DEPOSIT,11005.34,2023-03-11,mobile,Scale Granular E-Commerce
T0002131,A00156,C0091,deposit,8428.83,2019-06-24,online,Seize Integrated Synergies
T0002132,A00156,C0091,transfer,4849.64,2019-06-25,mobile,Engage 24/365 Partnerships
T0002133,A00156,C0091,withdrawal,4563.35,2024-03-27,branch,Drive B2B Vortals
T0002134,A00156,C0091,DEPOSIT,13643.52,06-13-2021,branch,Repurpose Turn-Key Synergies
T0002135,A00156,C0091,deposit,4338.93,2022-03-18,atm,Orchestrate Ubiquitous Eyeballs
T0002136,A00156,C0091,deposit,6344.29,09-28-2016,branch,Synthesize Turn-Key Initiatives
T0002137,A00156,C0091,WITHDRAWAL,7053.9,2021-11-17,branch,Generate Transparent Portals
T0002138,A00156,C0091,payment,56.38,2017-06-08,online,Mesh Clicks-And-Mortar Systems
T0002139,A00156,C0091,deposit,8340.95,2020-02-11,mobile,E-Enable End-To-End Functionalities
T0002140,A00156,C0091,deposit,13048.41,2023-10-01,mobile,Grow Mission-Critical Paradigms
T0002141,A00156,C0091,TRANSFER,7919.67,2015-09-09,branch,Architect Dynamic E-Markets
T0002142,A00156,C0091,PAYMENT,2756.68,2021-03-12,mobile,Scale Frictionless Metrics
T0002143,A00156,C0091,deposit,10469.08,2019-05-24,branch,Synergize Killer Convergence
T0002144,A00156,C0091,DEPOSIT,5085.28,2023-05-28,atm,Architect Dynamic Methodologies
T0002145,A00156,C0091,TRANSFER,880.02,2022-01-19,online,Maximize Value-Added Relationships
T0002146,A00156,C0091,TRANSFER,,2016-03-31,mobile,Transition Bricks-And-Clicks Web-Readiness
T0002147,A00156,C0091,transfer,5930.77,2020-01-02,mobile,Monetize Extensible Mindshare
T0002148,A00156,C0091,transfer,5606.91,08-30-2018,branch,Transition 24/7 Models
T0002149,A00157,C0091,deposit,166.37,02-14-2017,atm,Visualize Ubiquitous E-Markets
T0002150,A00157,C0091,transfer,3047.41,09-28-2023,mobile,Deploy Synergistic Convergence
T0002151,A00157,C0091,withdrawal,4712.89,2018-03-01,online,E-Enable Cutting-Edge Deliverables
T0002152,A00157,C0091,deposit,5149.7,2018-10-15,mobile,Engineer Open-Source Initiatives
T0002153,A00157,C0091,withdrawal,2562.25,2019-05-20,branch,Re-Contextualize Virtual Bandwidth
T0002154,A00157,C0091,deposit,14178.54,2017-10-15,branch,Brand Out-Of-The-Box Roi
T0002155,A00157,C0091,withdrawal,4609.6,2021-01-04,atm,Engage Granular Users
T0002156,A00157,C0091,WITHDRAWAL,1341.43,2017-04-19,atm,Brand Enterprise Technologies
T0002157,A00157,C0091,withdrawal,1804.59,2019-04-03,branch,Iterate User-Centric Functionalities
T0002158,A00157,C0091,payment,785.69,2019-06-02,online,Envisioneer Mission-Critical Infrastructures
T0002159,A00157,C0091,transfer,1145.2,2018-10-12,branch,Exploit Sticky Infrastructures
T0002160,A00157,C0091,PAYMENT,2267.05,2022-05-17,online,Visualize Vertical E-Business
T0002161,A00157,C0091,PAYMENT,2879.97,2022-11-23,branch,Re-Contextualize Transparent Platforms
T0002162,A00157,C0091,withdrawal,6582.74,2016-04-04,atm,Synthesize Mission-Critical Functionalities
T0002163,A00157,C0091,deposit,14220.8,06-18-2018,mobile,Grow Robust Web Services
T0002164,A00157,C0091,withdrawal,1026.91,2024-05-23,mobile,Envisioneer Next-Generation E-Tailers
T0002165,A00157,C0091,PAYMENT,2151.59,06-29-2019,online,Enhance Ubiquitous Schemas
T0002166,A00157,C0091,payment,1484.83,2021-03-02,online,Synergize One-To-One Solutions
T0002167,A00157,C0091,FEE,37.92,2017-09-19,online,Iterate Collaborative Initiatives
T0002168,A00157,C0091,payment,2235.39,2020-02-24,branch,Seize Plug-And-Play E-Markets
T0002169,A00157,C0091,DEPOSIT,2393.07,2024-05-04,atm,Redefine Impactful Synergies
T0002170,A00157,C0091,WITHDRAWAL,5889.46,2019-04-12,online,Disintermediate Magnetic Mindshare
T0002171,A00157,C0091,transfer,7140.33,2024-02-10,online,Envisioneer Real-Time Web Services
T0002172,A00157,C0091,deposit,10591.3,2021-01-16,atm,Morph Extensible E-Markets
T0002173,A00158,C0091,transfer,7023.04,2022-03-05,online,Innovate Web-Enabled Synergies
T0002174,A00158,C0091,transfer,1982.39,2023-01-11,mobile,Productize Next-Generation Paradigms
T0002175,A00159,C0092,deposit,7078.23,2023-09-11,mobile,Implement Proactive Eyeballs
T0002176,A00159,C0092,deposit,7476.06,06-24-2024,branch,Generate Out-Of-The-Box Deliverables
T0002177,A00159,C0092,transfer,727.92,01-11-2021,branch,Transition Turn-Key Supply-Chains
T0002178,A00159,C0092,withdrawal,3935.72,2019-12-08,branch,Leverage User-Centric Action-Items
T0002179,A00159,C0092,deposit,6301.48,2023-11-25,atm,Engage Impactful Solutions
T0002180,A00159,C0092,withdrawal,4679.51,2023-05-11,atm,Re-Intermediate Impactful Markets
T0002181,A00159,C0092,WITHDRAWAL,7635.6,2022-08-19,atm,Exploit Cutting-Edge Channels
T0002182,A00159,C0092,DEPOSIT,4417.13,2024-08-18,mobile,Whiteboard Integrated Roi
T0002183,A00159,C0092,PAYMENT,1182.71,2022-08-31,atm,Strategize Turn-Key Deliverables
T0002184,A00159,C0092,withdrawal,790.34,2022-12-18,online,Leverage User-Centric E-Services
T0002185,A00159,C0092,payment,2294.17,2024-11-09,mobile,Transform End-To-End Mindshare
T0002186,A00159,C0092,withdrawal,5306.1,06-04-2022,online,Embrace Impactful Functionalities
T0002187,A00159,C0092,withdrawal,2564.87,11-26-2020,online,Redefine Back-End Schemas
T0002188,A00159,C0092,transfer,5644.45,2021-11-12,mobile,Leverage World-Class E-Tailers
T0002189,A00159,C0092,payment,1472.63,2024-08-17,mobile,Evolve E-Business Web-Readiness
T0002190,A00160,C0092,deposit,7636.94,2020-03-08,mobile,Brand Value-Added Functionalities
T0002191,A00160,C0092,WITHDRAWAL,2599.07,2020-05-12,atm,Revolutionize B2C Web-Readiness
T0002192,A00160,C0092,withdrawal,3546.77,2022-04-30,mobile,Re-Intermediate Strategic Networks
T0002193,A00160,C0092,payment,812.27,06-25-2021,branch,Synergize Proactive Channels
T0002194,A00160,C0092,transfer,384.12,2021-12-04,mobile,Target Synergistic Roi
T0002195,A00160,C0092,deposit,13140.55,2022-04-27,branch,Incentivize Magnetic Content
T0002196,A00160,C0092,transfer,,2024-05-23,atm,Aggregate Interactive Architectures
T0002197,A00160,C0092,transfer,178.96,2020-09-29,online,Revolutionize Back-End Web Services
T0002198,A00160,C0092,WITHDRAWAL,6247.86,2024-07-09,atm,Streamline Efficient Infrastructures
T0002199,A00160,C0092,TRANSFER,4432.1,12-31-2021,online,Re-Contextualize B2B Functionalities
T0002200,A00160,C0092,DEPOSIT,8055.32,2022-12-06,branch,Utilize Sticky Initiatives
T0002201,A00160,C0092,withdrawal,6880.59,2024-09-20,branch,Target 24/7 Platforms
T0002202,A00160,C0092,PAYMENT,2732.85,08-25-2021,atm,Orchestrate Front-End Portals
T0002203,A00160,C0092,deposit,11013.35,2022-05-04,online,Productize Viral Infrastructures
T0002204,A00160,C0092,PAYMENT,2267.81,2020-03-22,online,Optimize Rich Relationships
T0002205,A00161,C0092,payment,136.43,2022-02-14,atm,Redefine Best-Of-Breed Interfaces
T0002206,A00161,C0092,deposit,9491.75,2021-08-01,branch,Transform Holistic Web-Readiness
T0002207,A00161,C0092,deposit,1898.46,2020-01-31,mobile,Deploy Intuitive Models
T0002208,A00161,C0092,withdrawal,6550.0,2023-07-27,atm,Whiteboard Intuitive E-Tailers
T0002209,A00161,C0092,deposit,1154.66,09-22-2024,mobile,Innovate Next-Generation Architectures
T0002210,A00161,C0092,deposit,12462.26,2020-01-03,branch,Matrix Turn-Key Functionalities
T0002211,A00161,C0092,transfer,6345.11,2020-06-05,branch,Redefine Customized Communities
T0002212,A00161,C0092,transfer,2511.27,2024-07-21,atm,Reinvent Seamless Synergies
T0002213,A00161,C0092,withdrawal,206.99,2022-04-11,atm,Productize Virtual Web Services
T0002214,A00161,C0092,DEPOSIT,,2022-06-19,mobile,Maximize Robust Initiatives
T0002215,A00161,C0092,deposit,1441.28,2022-01-02,mobile,Facilitate Cross-Media Info-Mediaries
T0002216,A00161,C0092,DEPOSIT,4302.12,2023-01-14,branch,Re-Intermediate Clicks-And-Mortar Communities
T0002217,A00161,C0092,DEPOSIT,7480.67,2022-01-14,mobile,Mesh Dot-Com Initiatives
T0002218,A00161,C0092,transfer,5722.34,2021-12-25,mobile,Aggregate Proactive Users
T0002219,A00161,C0092,withdrawal,218.64,2021-02-23,branch,Utilize B2C E-Tailers
T0002220,A00161,C0092,WITHDRAWAL,4513.96,2022-05-26,atm,Cultivate Bricks-And-Clicks Initiatives
T0002221,A00161,C0092,deposit,9467.21,2021-10-03,online,Productize Killer Web-Readiness
T0002222,A00161,C0092,withdrawal,1677.3,06-05-2020,mobile,Harness Global E-Services
T0002223,A00161,C0092,deposit,2162.89,03-22-2023,mobile,Evolve End-To-End Niches
T0002224,A00161,C0092,TRANSFER,4541.78,2022-10-29,branch,Empower Compelling Solutions
T0002225,A00161,C0092,transfer,2031.15,2020-03-22,atm,Evolve Cross-Media Schemas
T0002226,A00161,C0092,WITHDRAWAL,1221.88,01-17-2024,atm,Visualize Distributed Bandwidth
T0002227,A00161,C0092,withdrawal,3264.14,2023-10-04,online,Extend Rich E-Commerce
T0002228,A00161,C0092,transfer,6045.2,2021-05-25,mobile,Deliver Wireless Solutions
T0002229,A00162,C0093,withdrawal,,2020-06-26,atm,Morph Virtual Solutions
T0002230,A00162,C0093,transfer,4125.16,2020-01-20,online,Innovate Efficient Interfaces
T0002231,A00162,C0093,WITHDRAWAL,638.49,2016-01-22,branch,Transform Extensible Communities
T0002232,A00162,C0093,deposit,7823.09,2023-05-15,online,Generate Best-Of-Breed Models
T0002233,A00162,C0093,deposit,13052.75,2016-09-28,online,Brand Customized E-Commerce
T0002234,A00162,C0093,PAYMENT,1490.6,04-26-2015,mobile,Expedite Real-Time Vortals
T0002235,A00162,C0093,transfer,4385.74,2016-06-12,mobile,Re-Intermediate Sticky Metrics
T0002236,A00162,C0093,DEPOSIT,6560.42,2014-12-25,atm,Synergize Cutting-Edge Solutions
T0002237,A00162,C0093,PAYMENT,2033.28,12-14-2022,atm,Maximize Synergistic Relationships
T0002238,A00162,C0093,payment,1695.79,10-11-2021,branch,Productize Innovative Systems
T0002239,A00162,C0093,deposit,10291.11,2016-06-19,atm,Leverage Robust Mindshare
T0002240,A00162,C0093,transfer,3787.44,09-14-2020,branch,Morph Transparent Technologies
T0002241,A00162,C0093,PAYMENT,2163.19,2018-08-01,branch,Expedite Synergistic Interfaces
T0002242,A00162,C0093,withdrawal,6638.68,2016-09-20,online,Utilize One-To-One Roi
T0002243,A00162,C0093,withdrawal,1219.79,2018-06-11,online,Exploit World-Class E-Commerce
T0002244,A00162,C0093,WITHDRAWAL,1517.64,2014-12-10,online,Generate Viral Convergence
T0002245,A00162,C0093,withdrawal,775.82,11-28-2020,mobile,Incentivize Intuitive E-Tailers
T0002246,A00162,C0093,deposit,5289.27,2021-07-18,branch,Repurpose Out-Of-The-Box Relationships
T0002247,A00162,C0093,transfer,7424.48,2018-09-30,atm,Orchestrate Turn-Key Initiatives
T0002248,A00162,C0093,payment,2605.6,2018-01-25,atm,Implement Turn-Key Synergies
T0002249,A00162,C0093,transfer,3238.08,12-31-2018,atm,Unleash Open-Source E-Tailers
T0002250,A00162,C0093,withdrawal,5281.75,2021-03-04,online,Target World-Class E-Services
T0002251,A00162,C0093,deposit,10973.34,2021-07-11,atm,Engage Innovative Architectures
T0002252,A00162,C0093,deposit,1579.72,11-17-2016,mobile,Envisioneer Killer Deliverables
T0002253,A00162,C0093,WITHDRAWAL,6830.13,2018-08-01,atm,Architect Sticky Schemas
T0002254,A00163,C0093,deposit,11761.31,2017-11-01,branch,Empower Intuitive Networks
T0002255,A00163,C0093,PAYMENT,1848.62,2016-07-06,branch,Productize Next-Generation Methodologies
T0002256,A00163,C0093,WITHDRAWAL,21.97,2017-05-03,online,Engineer User-Centric Vortals
T0002257,A00163,C0093,DEPOSIT,12118.15,01-27-2016,mobile,Transition Turn-Key Solutions
T0002258,A00163,C0093,withdrawal,2434.42,12-11-2022,online,Aggregate Scalable Models
T0002259,A00163,C0093,WITHDRAWAL,3030.93,03-10-2018,mobile,Synthesize Revolutionary Niches
T0002260,A00163,C0093,withdrawal,2507.86,2023-05-29,atm,Deploy 24/7 Initiatives
T0002261,A00163,C0093,deposit,9100.45,2021-06-09,branch,Grow Frictionless Metrics
T0002262,A00163,C0093,payment,2502.48,05-08-2017,branch,Harness Integrated Action-Items
T0002263,A00163,C0093,withdrawal,3544.34,11-27-2024,atm,Maximize Vertical Technologies
T0002264,A00163,C0093,deposit,13501.44,2023-03-05,atm,Utilize Clicks-And-Mortar Bandwidth
T0002265,A00163,C0093,deposit,5517.02,2017-06-26,mobile,Envisioneer End-To-End Interfaces
T0002266,A00163,C0093,transfer,5833.36,02-17-2024,branch,Integrate Revolutionary Supply-Chains
T0002267,A00163,C0093,withdrawal,7983.24,2022-05-29,branch,Visualize Vertical Partnerships
T0002268,A00163,C0093,withdrawal,7466.88,2019-10-11,online,Syndicate Mission-Critical E-Markets
T0002269,A00163,C0093,withdrawal,4217.5,2017-09-07,online,Drive Seamless Niches
T0002270,A00163,C0093,withdrawal,770.99,2022-01-23,atm,Harness Cross-Media Interfaces
T0002271,A00163,C0093,withdrawal,123.7,2018-05-02,atm,Evolve Turn-Key Models
T0002272,A00163,C0093,transfer,5140.56,2015-11-12,mobile,Re-Intermediate Scalable Interfaces
T0002273,A00163,C0093,fee,36.69,2015-12-24,atm,Monetize Ubiquitous Models
T0002274,A00163,C0093,deposit,8604.1,2022-07-02,online,Iterate 24/7 Relationships
T0002275,A00163,C0093,payment,2991.72,07-17-2023,mobile,Re-Intermediate Sticky Web-Readiness
T0002276,A00163,C0093,deposit,11261.54,12-26-2020,online,Enhance Scalable Synergies
T0002277,A00164,C0094,deposit,13419.26,2022-11-01,branch,Enable Sticky Vortals
T0002278,A00165,C0094,deposit,12519.26,2022-03-31,online,Cultivate User-Centric E-Services
T0002279,A00165,C0094,withdrawal,5690.52,2021-10-27,atm,Leverage E-Business Solutions
T0002280,A00165,C0094,PAYMENT,839.66,01-20-2022,branch,Drive Out-Of-The-Box Users
T0002281,A00165,C0094,transfer,2674.67,2024-12-13,atm,Implement Scalable Portals
T0002282,A00165,C0094,payment,1764.67,2022-06-16,atm,Matrix Revolutionary Initiatives
T0002283,A00165,C0094,DEPOSIT,9984.21,2024-05-27,mobile,Streamline Seamless Partnerships
T0002284,A00165,C0094,DEPOSIT,12384.46,2021-11-07,branch,Morph Open-Source E-Business
T0002285,A00165,C0094,deposit,6678.81,2023-01-02,atm,Generate Enterprise Niches
T0002286,A00165,C0094,DEPOSIT,7606.71,12-02-2024,branch,Scale Frictionless Channels
T0002287,A00165,C0094,withdrawal,4493.26,2021-07-11,online,Benchmark Ubiquitous Initiatives
T0002288,A00165,C0094,withdrawal,6692.12,06-04-2023,online,Enable Turn-Key Eyeballs
T0002289,A00165,C0094,payment,273.6,2024-09-06,online,Engineer Transparent Functionalities
T0002290,A00165,C0094,transfer,1501.56,07-13-2022,online,Grow 24/7 Deliverables
T0002291,A00166,C0094,deposit,5649.22,2021-01-19,online,Mesh Web-Enabled Networks
T0002292,A00166,C0094,withdrawal,5453.51,2022-05-18,branch,Syndicate Holistic Niches
T0002293,A00166,C0094,withdrawal,3046.9,09-26-2021,atm,Harness Compelling E-Services
T0002294,A00166,C0094,deposit,8497.35,2021-12-28,mobile,Evolve Back-End Technologies
T0002295,A00166,C0094,payment,825.67,2022-04-05,branch,Unleash Strategic Convergence
T0002296,A00166,C0094,FEE,16.67,2021-12-26,mobile,Engage Interactive Web Services
T0002297,A00166,C0094,DEPOSIT,5359.54,2022-06-23,atm,Visualize Best-Of-Breed Partnerships
T0002298,A00166,C0094,TRANSFER,4193.88,2022-12-13,branch,Optimize Rich Markets
T0002299,A00166,C0094,payment,1759.82,2021-03-14,branch,Architect Value-Added Web Services
T0002300,A00166,C0094,withdrawal,7950.17,01-04-2024,mobile,Architect Plug-And-Play Architectures
T0002301,A00166,C0094,transfer,5462.5,2022-12-09,atm,Aggregate Holistic Platforms
T0002302,A00166,C0094,withdrawal,7748.55,2022-02-26,atm,Facilitate Best-Of-Breed Applications
T0002303,A00166,C0094,withdrawal,1701.56,2021-07-02,branch,Engineer Turn-Key Content
T0002304,A00167,C0095,deposit,1773.71,2023-09-08,branch,Unleash Ubiquitous Experiences
T0002305,A00167,C0095,DEPOSIT,8822.97,04-14-2024,atm,Orchestrate Sticky Channels
T0002306,A00167,C0095,withdrawal,4715.36,07-14-2024,online,Enhance Bricks-And-Clicks Architectures
T0002307,A00167,C0095,TRANSFER,5043.19,2023-11-10,online,Grow 24/365 Interfaces
T0002308,A00167,C0095,withdrawal,2691.01,2023-05-26,online,Aggregate Innovative Niches
T0002309,A00167,C0095,payment,925.76,06-24-2023,mobile,Brand Frictionless Methodologies
T0002310,A00167,C0095,deposit,375.16,2024-06-26,mobile,Monetize Sticky Eyeballs
T0002311,A00167,C0095,withdrawal,3491.05,2024-08-13,mobile,Target Sticky Initiatives
T0002312,A00167,C0095,payment,765.2,2024-04-12,atm,Incentivize Vertical Bandwidth
T0002313,A00167,C0095,withdrawal,,2024-08-21,atm,Reinvent Real-Time Web-Readiness
T0002314,A00167,C0095,fee,44.48,2023-01-25,online,Syndicate Customized Convergence
T0002315,A00167,C0095,withdrawal,2169.5,2024-02-19,mobile,Morph 24/7 Schemas
T0002316,A00167,C0095,deposit,7707.46,2024-08-13,atm,Evolve Synergistic E-Commerce
T0002317,A00167,C0095,fee,47.43,2024-08-17,branch,Architect B2C Interfaces
T0002318,A00167,C0095,transfer,1056.53,2024-07-18,atm,Deliver User-Centric Mindshare
T0002319,A00167,C0095,fee,18.92,2023-02-08,branch,Facilitate Scalable Systems
T0002320,A00167,C0095,WITHDRAWAL,1339.43,2023-12-04,online,Empower Out-Of-The-Box Platforms
T0002321,A00167,C0095,deposit,13250.17,2024-10-19,atm,Streamline Enterprise E-Commerce
T0002322,A00167,C0095,deposit,3580.94,2023-10-25,branch,Aggregate Distributed Solutions
T0002323,A00167,C0095,DEPOSIT,3708.75,2024-03-06,atm,Strategize Virtual Metrics
T0002324,A00167,C0095,withdrawal,2770.8,2022-12-20,mobile,Empower Rich Deliverables
T0002325,A00167,C0095,transfer,5596.26,2024-06-30,mobile,Brand Sticky Methodologies
T0002326,A00168,C0095,payment,2121.61,01-11-2024,online,Streamline Interactive Initiatives
T0002327,A00168,C0095,deposit,11457.51,2024-01-22,branch,Enhance One-To-One Markets
T0002328,A00168,C0095,transfer,7186.21,2024-02-04,mobile,Productize Robust Networks
T0002329,A00168,C0095,WITHDRAWAL,591.82,08-24-2024,mobile,Empower Web-Enabled Partnerships
T0002330,A00168,C0095,transfer,4699.7,11-06-2024,branch,Incubate Mission-Critical Niches
T0002331,A00168,C0095,DEPOSIT,3565.61,09-05-2024,atm,Enhance Wireless Interfaces
T0002332,A00169,C0096,payment,1835.59,2022-05-19,mobile,Strategize Mission-Critical E-Services
T0002333,A00169,C0096,transfer,1121.88,2017-08-16,branch,Drive Real-Time Models
T0002334,A00169,C0096,DEPOSIT,6559.24,04-03-2017,atm,Architect Frictionless E-Tailers
T0002335,A00169,C0096,transfer,3417.18,2021-01-24,atm,Seize Front-End Metrics
T0002336,A00169,C0096,withdrawal,6573.77,2020-03-31,online,Envisioneer Clicks-And-Mortar Platforms
T0002337,A00169,C0096,fee,23.98,2019-09-08,branch,Reinvent Compelling Content
T0002338,A00169,C0096,transfer,6677.18,2021-03-23,mobile,Iterate Web-Enabled Communities
T0002339,A00169,C0096,withdrawal,5866.71,2017-09-07,mobile,Harness Innovative Communities
T0002340,A00169,C0096,deposit,1974.66,2016-11-23,mobile,Reinvent Open-Source Bandwidth
T0002341,A00169,C0096,withdrawal,3899.39,2024-06-15,mobile,Orchestrate Value-Added Web Services
T0002342,A00169,C0096,transfer,2437.58,2021-06-30,atm,Syndicate Cutting-Edge Supply-Chains
T0002343,A00169,C0096,deposit,12116.52,2023-11-14,mobile,Utilize Virtual Portals
T0002344,A00169,C0096,withdrawal,3798.91,2022-05-22,atm,Matrix Intuitive Communities
T0002345,A00169,C0096,fee,10.03,2022-10-04,branch,Innovate Value-Added Metrics
T0002346,A00169,C0096,withdrawal,3080.11,2021-07-06,online,Seize Collaborative Applications
T0002347,A00169,C0096,deposit,14225.61,2018-06-11,atm,Implement Holistic Action-Items
T0002348,A00169,C0096,withdrawal,4923.87,2018-12-22,mobile,Syndicate One-To-One Paradigms
T0002349,A00169,C0096,deposit,4261.62,08-20-2021,online,Transition Vertical Networks
T0002350,A00170,C0096,withdrawal,7115.54,2021-05-14,atm,Innovate Distributed E-Services
T0002351,A00170,C0096,WITHDRAWAL,5406.47,01-13-2019,online,Mesh Frictionless Eyeballs
T0002352,A00170,C0096,deposit,4433.93,2022-04-17,mobile,Revolutionize Mission-Critical Platforms
T0002353,A00170,C0096,withdrawal,2395.51,2016-05-26,online,Monetize Open-Source Systems
T0002354,A00170,C0096,DEPOSIT,10991.97,2022-11-20,mobile,Synthesize Cross-Media Users
T0002355,A00170,C0096,deposit,8048.03,2018-12-29,branch,Morph Holistic Portals
T0002356,A00170,C0096,deposit,7427.08,05-09-2024,atm,Disintermediate Ubiquitous Synergies
T0002357,A00170,C0096,fee,36.0,2020-01-29,branch,Transition Synergistic Content
T0002358,A00170,C0096,payment,1711.51,2024-06-03,online,Unleash Open-Source Deliverables
T0002359,A00170,C0096,withdrawal,325.53,2017-01-23,online,Revolutionize Compelling Initiatives
T0002360,A00170,C0096,withdrawal,5808.68,2020-06-27,atm,Empower Vertical Eyeballs
T0002361,A00170,C0096,transfer,3391.79,2023-05-07,online,Deploy Magnetic Web Services
T0002362,A00170,C0096,FEE,16.56,2018-04-08,online,Orchestrate Synergistic Models
T0002363,A00170,C0096,FEE,40.71,01-24-2021,atm,Utilize Interactive Networks
T0002364,A00170,C0096,transfer,4322.48,2019-08-09,branch,Extend User-Centric Relationships
T0002365,A00170,C0096,payment,1128.97,2023-12-28,mobile,Architect E-Business Solutions
T0002366,A00170,C0096,transfer,3506.83,2018-08-14,branch,Redefine Enterprise Functionalities
T0002367,A00170,C0096,WITHDRAWAL,385.02,2019-04-23,mobile,Transform Efficient Functionalities
T0002368,A00170,C0096,transfer,2195.98,03-28-2018,mobile,Innovate Customized Deliverables
T0002369,A00170,C0096,deposit,6244.16,07-12-2018,branch,Reinvent Back-End Methodologies
T0002370,A00170,C0096,DEPOSIT,9006.24,04-15-2019,atm,Seize Open-Source Interfaces
T0002371,A00170,C0096,deposit,320.19,2017-04-17,atm,Benchmark Next-Generation Niches
T0002372,A00170,C0096,DEPOSIT,4353.08,2018-09-07,mobile,Monetize Dynamic Paradigms
T0002373,A00171,C0097,transfer,4340.83,2023-02-09,mobile,Benchmark Cross-Platform E-Business
T0002374,A00171,C0097,withdrawal,2756.75,10-05-2024,atm,Embrace User-Centric Bandwidth
T0002375,A00171,C0097,payment,463.82,06-28-2021,mobile,Maximize Cross-Media Technologies
T0002376,A00171,C0097,withdrawal,1376.71,2020-09-23,mobile,Embrace Value-Added Models
T0002377,A00171,C0097,WITHDRAWAL,5292.37,2020-12-24,online,Re-Contextualize B2B Bandwidth
T0002378,A00171,C0097,withdrawal,7879.88,2023-02-02,online,Innovate B2C Deliverables
T0002379,A00171,C0097,transfer,4246.14,09-17-2020,atm,Envisioneer Granular Content
T0002380,A00171,C0097,transfer,3622.96,2021-03-08,mobile,Synthesize Front-End Partnerships
T0002381,A00171,C0097,DEPOSIT,8794.81,2019-09-18,atm,Exploit Distributed Synergies
T0002382,A00171,C0097,withdrawal,7966.69,09-18-2022,online,Target Revolutionary E-Tailers
T0002383,A00171,C0097,fee,30.04,2023-10-05,mobile,Envisioneer 24/7 Markets
T0002384,A00171,C0097,withdrawal,4309.99,11-11-2020,mobile,Synthesize Extensible Synergies
T0002385,A00171,C0097,payment,379.25,12-14-2022,mobile,Brand Synergistic Web Services
T0002386,A00171,C0097,deposit,1703.96,2020-10-09,atm,E-Enable Clicks-And-Mortar Markets
T0002387,A00171,C0097,payment,2302.96,07-19-2020,mobile,Morph Global Convergence
T0002388,A00171,C0097,withdrawal,6015.22,2022-08-19,mobile,Matrix Front-End Mindshare
T0002389,A00171,C0097,transfer,2568.84,08-06-2024,atm,Repurpose B2C Infrastructures
T0002390,A00171,C0097,deposit,13277.13,2023-01-30,atm,Unleash Real-Time Eyeballs
T0002391,A00171,C0097,withdrawal,3149.54,05-13-2022,mobile,Drive 24/365 E-Commerce
T0002392,A00171,C0097,transfer,2304.54,2022-04-28,mobile,Benchmark Strategic Technologies
T0002393,A00171,C0097,payment,541.1,2020-06-05,atm,Enhance Robust Info-Mediaries
T0002394,A00172,C0097,payment,2291.18,2022-06-30,branch,Re-Contextualize Synergistic Action-Items
T0002395,A00173,C0098,transfer,3356.44,2019-10-06,mobile,Exploit Integrated E-Commerce
T0002396,A00173,C0098,deposit,484.16,2020-05-14,branch,Strategize Mission-Critical Portals
T0002397,A00173,C0098,TRANSFER,4036.82,2014-04-10,online,Redefine Seamless Metrics
T0002398,A00173,C0098,withdrawal,3282.03,2024-08-11,online,Monetize Virtual Networks
T0002399,A00173,C0098,TRANSFER,1348.34,2018-06-15,mobile,Brand World-Class Applications
T0002400,A00173,C0098,FEE,6.02,2013-03-16,mobile,Enable 24/365 Portals
T0002401,A00173,C0098,withdrawal,1560.39,07-19-2023,branch,Enable Next-Generation Schemas
T0002402,A00173,C0098,withdrawal,6999.71,2021-06-07,branch,Aggregate Seamless Content
T0002403,A00173,C0098,payment,2764.94,10-03-2021,atm,Evolve Seamless Networks
T0002404,A00173,C0098,deposit,13421.96,2014-02-20,branch,Re-Contextualize Plug-And-Play Users
T0002405,A00173,C0098,withdrawal,1975.47,02-13-2024,mobile,Reinvent Enterprise E-Commerce
T0002406,A00174,C0099,fee,27.51,2017-06-16,online,Transform Global Deliverables
T0002407,A00174,C0099,payment,2727.55,2020-12-02,branch,Grow Turn-Key Mindshare
T0002408,A00174,C0099,transfer,577.34,11-10-2023,online,Re-Contextualize Synergistic Bandwidth
T0002409,A00174,C0099,payment,2986.65,2022-08-09,mobile,Seize Cutting-Edge Bandwidth
T0002410,A00174,C0099,payment,2873.15,2015-01-26,online,Deploy Transparent Bandwidth
T0002411,A00174,C0099,withdrawal,6625.48,01-09-2014,online,Utilize Proactive E-Markets
T0002412,A00174,C0099,payment,2486.64,01-23-2020,online,Evolve Global E-Business
T0002413,A00174,C0099,withdrawal,7420.57,2021-08-22,mobile,Redefine Seamless Action-Items
T0002414,A00174,C0099,payment,319.83,2023-02-07,atm,Benchmark Out-Of-The-Box Channels
T0002415,A00174,C0099,transfer,2944.39,2015-12-31,atm,Re-Intermediate Distributed Markets
T0002416,A00174,C0099,PAYMENT,2388.7,2016-09-03,branch,Engineer Impactful Channels
T0002417,A00174,C0099,deposit,9648.43,2019-06-04,online,Strategize Clicks-And-Mortar Bandwidth
T0002418,A00174,C0099,payment,1479.82,10-08-2023,branch,Exploit Ubiquitous Markets
T0002419,A00174,C0099,withdrawal,,2019-04-28,atm,Evolve Leading-Edge Niches
T0002420,A00174,C0099,transfer,4554.48,2023-08-05,online,E-Enable Sticky Supply-Chains
T0002421,A00175,C0099,WITHDRAWAL,227.01,2016-07-14,atm,Expedite Mission-Critical Technologies
T0002422,A00175,C0099,transfer,2467.17,2021-05-08,branch,Maximize Compelling Supply-Chains
T0002423,A00175,C0099,withdrawal,3530.1,2020-01-19,atm,Cultivate Leading-Edge Initiatives
T0002424,A00175,C0099,transfer,5566.76,2016-09-05,branch,Extend Scalable E-Tailers
T0002425,A00175,C0099,payment,779.34,2019-10-09,branch,Mesh B2B Schemas
T0002426,A00175,C0099,payment,1753.86,11-04-2013,branch,Extend Rich Channels
T0002427,A00175,C0099,DEPOSIT,10831.03,06-26-2013,mobile,Enhance B2C Content
T0002428,A00175,C0099,transfer,1379.87,2023-11-30,atm,Whiteboard Extensible Synergies
T0002429,A00175,C0099,transfer,4018.74,09-16-2016,atm,Exploit Holistic E-Business
T0002430,A00175,C0099,payment,1460.88,2021-09-10,branch,Scale 24/365 Initiatives
T0002431,A00175,C0099,WITHDRAWAL,3882.31,2024-12-29,mobile,Optimize Clicks-And-Mortar Eyeballs
T0002432,A00175,C0099,transfer,536.73,2013-07-14,branch,Expedite 24/7 Deliverables
T0002433,A00176,C0100,DEPOSIT,4210.82,2019-09-23,online,Transform Interactive E-Tailers
T0002434,A00176,C0100,DEPOSIT,7506.91,2024-09-13,online,Transform Collaborative Web-Readiness
T0002435,A00176,C0100,PAYMENT,2226.72,04-16-2023,atm,E-Enable Visionary Interfaces
T0002436,A00176,C0100,deposit,9414.71,11-10-2024,atm,Streamline 24/7 Content
T0002437,A00176,C0100,deposit,8321.6,02-07-2023,online,Strategize Compelling Roi
T0002438,A00176,C0100,withdrawal,4193.13,2018-01-15,branch,Transition Web-Enabled Users
T0002439,A00176,C0100,payment,556.23,2020-04-13,branch,Morph Visionary Web Services
T0002440,A00176,C0100,transfer,3659.41,2019-12-22,online,Re-Intermediate 24/7 E-Commerce
T0002441,A00176,C0100,deposit,4198.27,2024-03-30,branch,Orchestrate Vertical Roi
T0002442,A00176,C0100,payment,406.32,02-15-2018,atm,Orchestrate Web-Enabled Communities
T0002443,A00176,C0100,deposit,3696.91,2018-02-04,mobile,Deliver 24/365 Info-Mediaries
T0002444,A00176,C0100,deposit,13230.53,2022-08-14,online,Syndicate Distributed Technologies
T0002445,A00176,C0100,payment,228.43,2020-12-27,mobile,Repurpose Mission-Critical Applications
T0002446,A00176,C0100,withdrawal,3818.77,09-19-2018,online,Synthesize Out-Of-The-Box Web Services
T0002447,A00176,C0100,TRANSFER,4794.38,2023-06-30,atm,Empower Impactful Architectures
T0002448,A00176,C0100,deposit,6474.85,10-18-2023,online,Scale Sticky Bandwidth
T0002449,A00176,C0100,transfer,1574.49,2022-05-18,mobile,Deploy Cutting-Edge Eyeballs
T0002450,A00177,C0101,transfer,4818.81,2019-06-01,mobile,Utilize Front-End Bandwidth
T0002451,A00178,C0101,withdrawal,3876.57,06-12-2018,atm,Embrace Integrated Synergies
T0002452,A00178,C0101,deposit,,2023-09-14,branch,Benchmark Seamless Paradigms
T0002453,A00178,C0101,DEPOSIT,8440.9,2020-04-16,atm,Visualize Visionary Paradigms
T0002454,A00178,C0101,withdrawal,7818.29,2023-06-26,branch,Redefine Synergistic Channels
T0002455,A00178,C0101,deposit,13405.84,12-07-2021,mobile,Target Ubiquitous Niches
T0002456,A00178,C0101,deposit,1030.11,01-09-2022,mobile,Implement Granular Convergence
T0002457,A00179,C0102,deposit,12937.35,2023-08-26,atm,Deliver Best-Of-Breed Convergence
T0002458,A00179,C0102,transfer,6584.01,08-02-2024,branch,Productize Integrated Mindshare
T0002459,A00179,C0102,deposit,3515.45,2024-12-24,atm,Optimize Virtual Experiences
T0002460,A00179,C0102,WITHDRAWAL,6136.04,2024-03-15,mobile,Orchestrate Synergistic Experiences
T0002461,A00179,C0102,transfer,7421.86,02-01-2023,branch,Drive Cross-Platform Bandwidth
T0002462,A00179,C0102,transfer,2603.65,2024-05-25,branch,Unleash Global Niches
T0002463,A00180,C0102,deposit,2411.25,2024-12-15,branch,Generate Seamless Interfaces
T0002464,A00180,C0102,fee,49.15,2023-09-01,mobile,Optimize Compelling Architectures
T0002465,A00180,C0102,transfer,1845.21,2024-12-09,atm,Syndicate Viral Networks
T0002466,A00180,C0102,payment,2504.97,2024-01-29,atm,Unleash Back-End Channels
T0002467,A00180,C0102,withdrawal,5819.14,2023-02-28,atm,Scale World-Class Applications
T0002468,A00180,C0102,withdrawal,4515.03,01-06-2024,mobile,Benchmark Cross-Media Applications
T0002469,A00180,C0102,transfer,3244.57,2022-10-08,mobile,Re-Intermediate Wireless Partnerships
T0002470,A00180,C0102,TRANSFER,1136.64,09-30-2023,mobile,Integrate Proactive Communities
T0002471,A00180,C0102,deposit,12287.07,2024-11-26,branch,Enhance Mission-Critical Web Services
T0002472,A00180,C0102,transfer,2062.32,2023-05-04,atm,Transform Rich Methodologies
T0002473,A00180,C0102,withdrawal,6331.54,10-27-2022,atm,Syndicate World-Class E-Services
T0002474,A00180,C0102,withdrawal,1611.63,04-26-2024,branch,Revolutionize Web-Enabled Platforms
T0002475,A00180,C0102,withdrawal,6854.1,06-26-2024,online,Productize Virtual Architectures
T0002476,A00180,C0102,deposit,4915.97,2022-12-18,mobile,Engineer Next-Generation Partnerships
T0002477,A00180,C0102,transfer,7617.32,2024-10-10,online,Streamline Dot-Com Initiatives
T0002478,A00180,C0102,transfer,5508.65,2024-12-10,mobile,Integrate Intuitive Systems
T0002479,A00180,C0102,deposit,9120.24,2023-06-15,mobile,Engineer Out-Of-The-Box Metrics
T0002480,A00180,C0102,deposit,9612.45,2022-12-02,atm,Whiteboard Proactive Roi
T0002481,A00180,C0102,withdrawal,7390.38,2024-04-05,online,Harness Sticky Systems
T0002482,A00180,C0102,deposit,11259.9,2024-01-29,atm,Synergize Global Functionalities
T0002483,A00181,C0102,deposit,2298.77,2024-11-03,atm,Maximize 24/365 Solutions
T0002484,A00181,C0102,deposit,1365.68,02-20-2024,branch,Morph Holistic Systems
T0002485,A00181,C0102,withdrawal,,2023-06-13,atm,Innovate Front-End E-Services
T0002486,A00181,C0102,WITHDRAWAL,2345.53,2024-02-03,online,Aggregate Granular E-Commerce
T0002487,A00181,C0102,transfer,562.67,2022-12-03,atm,Transition Dynamic Infrastructures
T0002488,A00181,C0102,withdrawal,6186.17,12-02-2024,branch,Benchmark Proactive Functionalities
T0002489,A00181,C0102,withdrawal,1836.9,01-17-2023,atm,Repurpose Mission-Critical E-Tailers
T0002490,A00181,C0102,deposit,14573.01,2023-06-19,atm,Integrate Global Synergies
T0002491,A00181,C0102,transfer,7462.8,2023-03-31,branch,Disintermediate Transparent Networks
T0002492,A00181,C0102,transfer,3430.1,2022-11-12,mobile,Incubate Intuitive Supply-Chains
T0002493,A00181,C0102,deposit,,2024-10-07,atm,Reinvent Rich Solutions
T0002494,A00181,C0102,withdrawal,7965.32,07-29-2022,atm,E-Enable Best-Of-Breed Networks
T0002495,A00181,C0102,WITHDRAWAL,2275.52,2024-09-29,atm,Transition Collaborative Mindshare
T0002496,A00181,C0102,DEPOSIT,1179.51,2024-04-22,online,Seize Synergistic E-Business
T0002497,A00181,C0102,PAYMENT,1599.97,2024-02-04,online,Productize Global Partnerships
T0002498,A00181,C0102,payment,1833.99,2024-02-20,branch,Grow Cutting-Edge Functionalities
T0002499,A00181,C0102,deposit,10275.1,2024-08-20,atm,Synergize Intuitive Networks
T0002500,A00181,C0102,withdrawal,7046.71,11-01-2023,branch,Evolve End-To-End Deliverables
T0002501,A00181,C0102,withdrawal,1469.76,2024-05-09,atm,Monetize Mission-Critical Initiatives
T0002502,A00181,C0102,withdrawal,5546.84,2023-10-20,mobile,Synthesize Bleeding-Edge Markets
T0002503,A00181,C0102,withdrawal,2364.63,2022-08-03,mobile,Expedite Open-Source Web-Readiness
T0002504,A00182,C0103,deposit,6435.89,2011-08-06,atm,Enhance Distributed Portals
T0002505,A00182,C0103,transfer,6146.88,2016-05-27,mobile,Synergize Synergistic Partnerships
T0002506,A00182,C0103,transfer,4604.02,11-25-2015,atm,Cultivate Granular Technologies
T0002507,A00182,C0103,deposit,11606.23,05-05-2024,branch,Optimize Web-Enabled Deliverables
T0002508,A00182,C0103,deposit,442.06,2018-04-29,online,Re-Contextualize Extensible Interfaces
T0002509,A00182,C0103,withdrawal,7638.19,2014-04-06,atm,Re-Intermediate Leading-Edge Users
T0002510,A00182,C0103,payment,1977.92,2018-06-24,branch,Scale One-To-One Applications
T0002511,A00182,C0103,deposit,14865.5,2018-03-14,branch,Syndicate Back-End Experiences
T0002512,A00183,C0104,withdrawal,1115.75,2024-07-04,mobile,Utilize Robust Supply-Chains
T0002513,A00183,C0104,payment,1131.59,2017-03-24,mobile,Deploy Back-End Solutions
T0002514,A00183,C0104,payment,633.67,03-10-2024,online,Facilitate Leading-Edge Channels
T0002515,A00183,C0104,withdrawal,1605.13,2020-11-09,mobile,Architect Open-Source Web Services
T0002516,A00183,C0104,PAYMENT,287.63,2022-06-19,branch,Redefine Leading-Edge Action-Items
T0002517,A00183,C0104,PAYMENT,2176.31,2021-07-12,online,Synthesize Intuitive Networks
T0002518,A00183,C0104,TRANSFER,980.46,2017-09-03,mobile,Productize Robust Convergence
T0002519,A00183,C0104,TRANSFER,6002.47,2024-02-25,atm,Optimize Next-Generation Metrics
T0002520,A00183,C0104,deposit,14778.02,2020-07-02,atm,Extend Strategic Schemas
T0002521,A00183,C0104,deposit,1724.29,2021-03-16,mobile,Syndicate End-To-End Niches
T0002522,A00183,C0104,deposit,12061.0,2016-01-11,mobile,Drive Revolutionary Platforms
T0002523,A00183,C0104,withdrawal,7566.94,2016-12-19,online,Integrate Rich Mindshare
T0002524,A00183,C0104,payment,1959.49,2020-09-18,branch,Enhance Cross-Media E-Commerce
T0002525,A00183,C0104,DEPOSIT,9671.55,2023-09-17,mobile,Syndicate Seamless E-Services
T0002526,A00184,C0105,fee,17.36,2021-06-08,atm,Utilize Leading-Edge Web-Readiness
T0002527,A00184,C0105,DEPOSIT,3772.52,2021-08-07,online,Revolutionize 24/365 Users
T0002528,A00184,C0105,WITHDRAWAL,1138.96,2022-01-24,mobile,Expedite Enterprise Methodologies
T0002529,A00184,C0105,deposit,12045.59,07-25-2021,atm,Innovate Vertical Schemas
T0002530,A00184,C0105,transfer,6589.54,2023-06-07,mobile,Syndicate Scalable Architectures
T0002531,A00184,C0105,DEPOSIT,7803.07,2022-04-25,branch,Revolutionize Enterprise Channels
T0002532,A00184,C0105,withdrawal,7401.14,2022-05-13,branch,Brand Cutting-Edge Schemas
T0002533,A00184,C0105,withdrawal,2462.4,07-07-2021,atm,Enable One-To-One Systems
T0002534,A00184,C0105,transfer,247.26,2022-11-01,online,Embrace Out-Of-The-Box Convergence
T0002535,A00184,C0105,DEPOSIT,7084.01,2023-03-17,branch,Aggregate Cross-Platform E-Commerce
T0002536,A00184,C0105,deposit,5686.7,2023-08-19,branch,Redefine Leading-Edge Action-Items
T0002537,A00184,C0105,deposit,5262.56,2022-03-26,branch,Enhance E-Business Applications
T0002538,A00184,C0105,withdrawal,549.28,2021-11-11,mobile,Implement Bleeding-Edge E-Markets
T0002539,A00184,C0105,fee,43.53,2023-12-14,mobile,Extend Revolutionary Synergies
T0002540,A00184,C0105,payment,2430.18,02-06-2022,online,Cultivate Interactive Markets
T0002541,A00184,C0105,WITHDRAWAL,7198.4,02-03-2023,atm,Optimize Leading-Edge Channels
T0002542,A00184,C0105,withdrawal,4329.09,2022-01-24,online,Grow Viral Technologies
T0002543,A00184,C0105,withdrawal,6652.09,2024-01-10,branch,Integrate Turn-Key Convergence
T0002544,A00184,C0105,deposit,1990.62,2022-01-19,branch,Expedite Interactive Technologies
T0002545,A00184,C0105,transfer,5950.62,08-11-2022,mobile,Enable Impactful Info-Mediaries
T0002546,A00184,C0105,payment,324.63,2022-12-06,branch,Repurpose 24/7 Web Services
T0002547,A00184,C0105,deposit,9907.57,2022-10-02,atm,Optimize Intuitive Portals
T0002548,A00184,C0105,transfer,4168.94,2023-12-09,atm,Incubate Best-Of-Breed Models
T0002549,A00185,C0106,WITHDRAWAL,5296.39,2017-07-03,online,Unleash Synergistic E-Services
T0002550,A00185,C0106,PAYMENT,1161.24,2022-03-19,online,Grow Seamless Relationships
T0002551,A00185,C0106,deposit,2773.48,09-25-2022,branch,Revolutionize Distributed Experiences
T0002552,A00185,C0106,deposit,11931.84,12-10-2020,branch,Incentivize Real-Time Vortals
T0002553,A00185,C0106,withdrawal,4585.25,04-11-2018,mobile,Scale Sticky Markets
T0002554,A00185,C0106,withdrawal,5037.13,06-12-2023,mobile,Seize Transparent E-Business
T0002555,A00185,C0106,fee,25.39,2018-11-23,atm,Synthesize Efficient Infrastructures
T0002556,A00185,C0106,WITHDRAWAL,5964.78,2019-12-12,atm,Architect Global Deliverables
T0002557,A00185,C0106,fee,13.38,08-10-2017,atm,Enhance Extensible Schemas
T0002558,A00185,C0106,payment,2318.3,2022-11-16,mobile,Architect 24/7 Relationships
T0002559,A00185,C0106,deposit,12850.41,2021-04-06,atm,Drive B2B Paradigms
T0002560,A00185,C0106,payment,1285.28,07-14-2014,online,Incentivize Visionary Experiences
T0002561,A00186,C0107,deposit,14627.56,2020-05-18,online,Engineer Ubiquitous Initiatives
T0002562,A00186,C0107,withdrawal,2379.79,2020-04-23,atm,Utilize Rich Paradigms
T0002563,A00186,C0107,withdrawal,4435.32,2022-05-28,online,Empower Efficient Applications
T0002564,A00186,C0107,deposit,12309.4,2024-08-15,branch,Synergize Seamless Infrastructures
T0002565,A00186,C0107,PAYMENT,673.35,07-20-2020,online,Streamline Efficient E-Business
T0002566,A00186,C0107,TRANSFER,2844.41,03-10-2021,branch,Synergize Rich Web-Readiness
T0002567,A00186,C0107,withdrawal,6406.07,2024-11-29,atm,Cultivate Enterprise Architectures
T0002568,A00186,C0107,TRANSFER,7977.46,07-18-2021,branch,Grow Revolutionary E-Services
T0002569,A00186,C0107,deposit,10221.93,2023-02-28,branch,Architect Enterprise Roi
T0002570,A00186,C0107,withdrawal,7641.94,2020-08-31,mobile,Repurpose User-Centric Users
T0002571,A00186,C0107,deposit,14387.9,2021-03-25,mobile,Streamline Extensible Paradigms
T0002572,A00186,C0107,withdrawal,4183.55,2022-04-15,mobile,Incubate Cross-Media Web-Readiness
T0002573,A00186,C0107,withdrawal,1106.24,04-21-2024,atm,Redefine Cross-Platform Portals
T0002574,A00186,C0107,deposit,10639.7,2018-12-19,atm,Exploit Killer Web-Readiness
T0002575,A00186,C0107,payment,1843.22,2021-04-21,online,Facilitate User-Centric E-Commerce
T0002576,A00186,C0107,transfer,1139.62,2019-08-17,mobile,Generate Leading-Edge Platforms
T0002577,A00186,C0107,transfer,6459.77,2020-10-04,branch,Engage Integrated Methodologies
T0002578,A00186,C0107,payment,1941.79,2023-05-08,mobile,Envisioneer Plug-And-Play E-Commerce
T0002579,A00186,C0107,deposit,5288.59,2021-02-17,branch,Maximize Back-End Communities
T0002580,A00186,C0107,deposit,6051.54,2022-01-22,branch,Synergize Plug-And-Play Action-Items
T0002581,A00186,C0107,withdrawal,,04-09-2021,atm,Enable Value-Added Niches
T0002582,A00186,C0107,transfer,4174.55,2019-01-31,online,Exploit Efficient Infrastructures
T0002583,A00186,C0107,deposit,6602.17,03-30-2024,online,Incentivize Distributed Supply-Chains
T0002584,A00186,C0107,deposit,13209.39,2024-01-22,atm,Maximize Impactful Paradigms
T0002585,A00186,C0107,payment,132.51,2022-01-05,atm,Re-Intermediate Efficient Relationships
T0002586,A00187,C0107,withdrawal,4688.13,2023-03-18,mobile,Empower Dot-Com Experiences
T0002587,A00187,C0107,DEPOSIT,7866.45,12-13-2023,online,Exploit Value-Added Initiatives
T0002588,A00187,C0107,transfer,4800.39,2023-10-19,atm,Monetize World-Class Portals
T0002589,A00187,C0107,PAYMENT,1998.08,01-18-2021,mobile,Iterate Virtual Systems
T0002590,A00187,C0107,DEPOSIT,1622.59,2022-01-22,atm,Target Vertical Systems
T0002591,A00187,C0107,transfer,2221.41,2024-06-02,atm,Implement Plug-And-Play Paradigms
T0002592,A00187,C0107,withdrawal,3368.77,2023-04-15,atm,Seize Compelling Functionalities
T0002593,A00187,C0107,deposit,1561.91,2021-09-11,mobile,Iterate Killer E-Markets
T0002594,A00187,C0107,transfer,1786.68,2021-01-21,mobile,Streamline Strategic Niches
T0002595,A00187,C0107,deposit,14959.67,2023-06-06,mobile,Productize Turn-Key Partnerships
T0002596,A00187,C0107,transfer,4533.65,2022-11-03,mobile,Grow Viral Portals
T0002597,A00188,C0107,DEPOSIT,12581.17,2022-10-12,online,Revolutionize Efficient Portals
T0002598,A00188,C0107,deposit,14502.61,2022-08-19,branch,Cultivate Rich Channels
T0002599,A00188,C0107,transfer,5680.26,2021-06-05,mobile,Enhance Virtual Eyeballs
T0002600,A00188,C0107,withdrawal,5959.59,2023-12-23,atm,Cultivate Scalable E-Services
T0002601,A00188,C0107,PAYMENT,2558.18,01-13-2023,online,Embrace Robust Roi
T0002602,A00188,C0107,withdrawal,6445.66,2024-09-04,mobile,Innovate Visionary Applications
T0002603,A00188,C0107,PAYMENT,655.96,2023-02-27,branch,Harness Revolutionary Schemas
T0002604,A00188,C0107,transfer,2645.12,07-17-2019,atm,Unleash Bleeding-Edge Markets
T0002605,A00188,C0107,withdrawal,246.43,07-26-2024,mobile,Unleash Back-End Portals
T0002606,A00189,C0108,payment,1038.71,2020-12-16,branch,Utilize Synergistic Users
T0002607,A00189,C0108,WITHDRAWAL,401.44,2019-02-14,mobile,Unleash Revolutionary Metrics
T0002608,A00189,C0108,transfer,1301.53,2018-10-26,atm,Incentivize Cross-Media Platforms
T0002609,A00189,C0108,transfer,6252.13,2021-12-01,branch,Optimize Visionary Initiatives
T0002610,A00189,C0108,payment,1007.95,2024-02-16,branch,Deliver Intuitive Action-Items
T0002611,A00189,C0108,payment,312.88,2020-01-07,online,Architect World-Class Networks
T0002612,A00189,C0108,withdrawal,3987.6,01-09-2022,branch,Disintermediate Next-Generation Partnerships
T0002613,A00189,C0108,deposit,12846.84,2021-07-02,mobile,Visualize Cutting-Edge Technologies
T0002614,A00189,C0108,withdrawal,3513.4,10-12-2020,atm,Orchestrate Proactive Vortals
T0002615,A00189,C0108,FEE,19.52,2016-06-27,online,Expedite Bricks-And-Clicks Supply-Chains
T0002616,A00189,C0108,TRANSFER,7272.47,2017-03-04,atm,Deploy Out-Of-The-Box Info-Mediaries
T0002617,A00189,C0108,deposit,9296.14,2024-12-27,online,Envisioneer Proactive Communities
T0002618,A00189,C0108,deposit,10689.4,2017-05-16,mobile,Disintermediate Revolutionary Technologies
T0002619,A00189,C0108,deposit,5135.45,2018-10-28,atm,Re-Contextualize B2C Applications
T0002620,A00189,C0108,deposit,5809.34,2021-10-25,atm,Utilize Sticky Metrics
T0002621,A00189,C0108,withdrawal,1814.1,2014-10-05,online,Architect Turn-Key Mindshare
T0002622,A00190,C0109,deposit,14890.53,2024-11-20,online,Unleash Cross-Media E-Tailers
T0002623,A00190,C0109,deposit,10441.43,2024-04-15,branch,Synergize Robust Web Services
T0002624,A00190,C0109,payment,1326.66,2021-06-29,branch,Drive B2C Architectures
T0002625,A00190,C0109,deposit,3693.02,2020-05-16,online,Engineer Strategic Partnerships
T0002626,A00190,C0109,payment,1249.43,2024-02-29,branch,Re-Contextualize Magnetic Networks
T0002627,A00190,C0109,deposit,7802.64,2023-05-14,mobile,Deliver Next-Generation Users
T0002628,A00190,C0109,transfer,5659.83,2023-01-31,atm,Drive 24/7 Deliverables
T0002629,A00190,C0109,withdrawal,2928.83,2021-09-12,branch,Exploit Scalable Metrics
T0002630,A00190,C0109,withdrawal,634.78,2022-05-02,branch,Syndicate Visionary Vortals
T0002631,A00190,C0109,PAYMENT,,05-08-2022,branch,Empower Dynamic Networks
T0002632,A00190,C0109,withdrawal,791.04,2024-10-11,mobile,Envisioneer Interactive Supply-Chains
T0002633,A00190,C0109,WITHDRAWAL,6461.88,09-29-2024,branch,Incentivize Bricks-And-Clicks E-Services
T0002634,A00190,C0109,TRANSFER,5166.83,08-25-2022,branch,Target Turn-Key Initiatives
T0002635,A00190,C0109,deposit,12557.37,2023-12-17,mobile,Scale Web-Enabled Systems
T0002636,A00190,C0109,withdrawal,3500.75,2023-08-27,branch,Drive Transparent Relationships
T0002637,A00191,C0110,withdrawal,5209.22,06-26-2024,atm,Evolve Synergistic Schemas
T0002638,A00191,C0110,payment,452.16,2023-07-21,atm,Deliver Intuitive Relationships
T0002639,A00191,C0110,fee,17.42,12-09-2018,atm,Visualize Compelling Metrics
T0002640,A00191,C0110,transfer,3936.66,2018-07-07,branch,Enhance Customized E-Markets
T0002641,A00191,C0110,DEPOSIT,6809.07,2022-08-26,atm,Enhance End-To-End Users
T0002642,A00191,C0110,deposit,11986.32,2021-11-29,mobile,Incentivize Transparent Methodologies
T0002643,A00191,C0110,TRANSFER,7841.82,10-28-2019,atm,Benchmark Global Metrics
T0002644,A00191,C0110,fee,7.38,2018-04-13,atm,Morph Front-End Supply-Chains
T0002645,A00192,C0111,transfer,4247.58,2019-03-14,branch,Harness 24/7 Infrastructures
T0002646,A00192,C0111,deposit,9042.81,2020-08-02,branch,Deploy Next-Generation Mindshare
T0002647,A00192,C0111,deposit,13935.95,06-08-2020,online,Orchestrate Rich Functionalities
T0002648,A00192,C0111,deposit,,2022-02-15,mobile,Matrix 24/365 Roi
T0002649,A00192,C0111,withdrawal,3805.77,2022-12-22,atm,Matrix Ubiquitous Synergies
T0002650,A00192,C0111,deposit,5359.6,06-15-2020,mobile,Leverage 24/7 E-Markets
T0002651,A00192,C0111,withdrawal,1492.84,2021-03-25,mobile,Morph Collaborative Platforms
T0002652,A00192,C0111,deposit,14785.26,2020-08-26,online,Enable Robust E-Commerce
T0002653,A00192,C0111,WITHDRAWAL,770.34,2022-03-19,atm,Utilize Frictionless Partnerships
T0002654,A00192,C0111,payment,192.09,2018-08-19,online,Enable Integrated E-Commerce
T0002655,A00192,C0111,deposit,75.85,2022-08-03,online,Seize End-To-End Interfaces
T0002656,A00193,C0111,withdrawal,240.68,2022-05-09,atm,Scale Web-Enabled Technologies
T0002657,A00193,C0111,fee,13.48,06-20-2019,mobile,Embrace Cross-Platform Supply-Chains
T0002658,A00193,C0111,withdrawal,7806.68,2020-09-22,online,Benchmark Sticky Paradigms
T0002659,A00193,C0111,transfer,4600.4,2020-06-03,mobile,Optimize Synergistic Systems
T0002660,A00193,C0111,withdrawal,6518.6,2020-09-05,mobile,Redefine Transparent Functionalities
T0002661,A00193,C0111,transfer,7483.64,01-11-2019,online,Grow User-Centric Technologies
T0002662,A00193,C0111,payment,332.25,2022-03-08,branch,Engineer Compelling Channels
T0002663,A00193,C0111,DEPOSIT,1540.84,2024-07-02,branch,Drive Viral Applications
T0002664,A00194,C0111,payment,2786.53,12-21-2021,mobile,Redefine Strategic Eyeballs
T0002665,A00194,C0111,payment,2009.43,03-19-2023,online,Productize Clicks-And-Mortar Applications
T0002666,A00194,C0111,deposit,2163.65,12-25-2021,mobile,Benchmark Out-Of-The-Box Methodologies
T0002667,A00194,C0111,payment,134.36,2020-04-20,online,Visualize Ubiquitous Architectures
T0002668,A00194,C0111,payment,2729.91,07-30-2023,online,Harness Visionary Roi
T0002669,A00194,C0111,DEPOSIT,9839.32,01-08-2024,mobile,Deliver Efficient Platforms
T0002670,A00194,C0111,TRANSFER,,2024-04-25,branch,Enhance Seamless Models
T0002671,A00194,C0111,transfer,2357.81,2023-03-19,mobile,Facilitate Scalable Networks
T0002672,A00194,C0111,withdrawal,677.46,09-21-2022,online,Mesh Cutting-Edge Technologies
T0002673,A00194,C0111,deposit,8440.73,2023-09-13,mobile,Harness Integrated Vortals
T0002674,A00194,C0111,withdrawal,,2021-08-14,atm,Engineer Virtual Eyeballs
T0002675,A00194,C0111,WITHDRAWAL,352.23,10-22-2018,online,Integrate Best-Of-Breed E-Commerce
T0002676,A00195,C0112,DEPOSIT,4739.12,12-15-2024,online,Mesh Efficient Networks
T0002677,A00195,C0112,deposit,14503.18,11-28-2024,mobile,Matrix Turn-Key Platforms
T0002678,A00195,C0112,withdrawal,4311.35,2022-12-20,mobile,Seize Front-End Communities
T0002679,A00195,C0112,withdrawal,1442.76,10-06-2024,atm,Embrace Front-End Niches
T0002680,A00195,C0112,payment,304.97,2022-03-01,branch,Synthesize Visionary E-Services
T0002681,A00195,C0112,TRANSFER,602.25,2023-02-26,branch,Matrix Frictionless Technologies
T0002682,A00195,C0112,deposit,9624.3,09-09-2024,online,Redefine Back-End Metrics
T0002683,A00195,C0112,payment,626.03,2022-03-02,online,Engineer Sticky E-Services
T0002684,A00195,C0112,deposit,3643.79,07-17-2023,atm,Repurpose Efficient Eyeballs
T0002685,A00195,C0112,fee,42.2,11-27-2022,atm,Transform Best-Of-Breed Schemas
T0002686,A00195,C0112,deposit,2167.96,2024-03-02,branch,E-Enable Frictionless Web-Readiness
T0002687,A00195,C0112,payment,,2023-05-12,atm,Expedite Revolutionary Users
T0002688,A00195,C0112,payment,1963.48,01-23-2023,atm,Incubate Dynamic Synergies
T0002689,A00195,C0112,TRANSFER,3338.78,03-17-2024,mobile,Synthesize Proactive Relationships
T0002690,A00195,C0112,deposit,13521.08,01-11-2024,mobile,Architect Front-End Networks
T0002691,A00195,C0112,transfer,5019.77,05-03-2023,mobile,Brand Visionary Deliverables
T0002692,A00195,C0112,TRANSFER,3604.04,02-23-2022,branch,Enable Ubiquitous Technologies
T0002693,A00196,C0112,deposit,2425.91,03-18-2024,mobile,Redefine One-To-One Initiatives
T0002694,A00196,C0112,DEPOSIT,4944.31,2022-08-12,atm,Grow User-Centric Models
T0002695,A00196,C0112,transfer,5566.25,2024-05-02,atm,Morph E-Business Channels
T0002696,A00196,C0112,deposit,12839.85,2023-12-06,atm,Empower One-To-One Convergence
T0002697,A00196,C0112,transfer,3171.35,2022-09-24,branch,Exploit Strategic E-Services
T0002698,A00196,C0112,withdrawal,3993.78,2022-09-01,branch,Drive Intuitive Vortals
T0002699,A00196,C0112,fee,26.1,2023-11-17,online,Leverage Open-Source Niches
T0002700,A00196,C0112,deposit,12504.77,2022-09-27,branch,Target Intuitive Vortals
T0002701,A00196,C0112,transfer,6455.14,08-29-2022,branch,Productize Robust E-Commerce
T0002702,A00196,C0112,transfer,3516.11,2023-08-25,branch,Transform Turn-Key Solutions
T0002703,A00197,C0113,transfer,5309.76,12-27-2024,branch,E-Enable Robust Functionalities
T0002704,A00197,C0113,transfer,369.19,06-12-2024,online,Whiteboard Value-Added Action-Items
T0002705,A00197,C0113,withdrawal,7604.31,2024-05-14,branch,Enable Enterprise E-Services
T0002706,A00197,C0113,withdrawal,7214.47,2024-08-23,online,Innovate 24/365 Portals
T0002707,A00197,C0113,WITHDRAWAL,7575.63,2024-09-13,online,Syndicate B2C Models
T0002708,A00197,C0113,DEPOSIT,2955.37,2024-06-20,mobile,Transition Viral Models
T0002709,A00197,C0113,payment,217.45,2024-03-09,branch,Envisioneer End-To-End Solutions
T0002710,A00197,C0113,withdrawal,4463.69,12-30-2024,branch,Whiteboard E-Business Deliverables
T0002711,A00197,C0113,fee,7.55,2024-12-02,online,Iterate Killer Synergies
T0002712,A00197,C0113,withdrawal,159.35,09-22-2024,branch,Brand Innovative Models
T0002713,A00197,C0113,WITHDRAWAL,1165.02,2024-08-08,online,Engage Best-Of-Breed Roi
T0002714,A00197,C0113,deposit,101.14,2024-06-24,online,Integrate Next-Generation Portals
T0002715,A00197,C0113,transfer,974.74,09-11-2024,branch,Re-Intermediate Enterprise Functionalities
T0002716,A00197,C0113,WITHDRAWAL,609.91,03-15-2024,mobile,Benchmark Web-Enabled Functionalities
T0002717,A00197,C0113,TRANSFER,2274.1,2024-12-14,mobile,Seize Compelling Deliverables
T0002718,A00197,C0113,PAYMENT,720.63,10-13-2024,mobile,Repurpose Viral Content
T0002719,A00197,C0113,withdrawal,7904.06,2024-07-03,mobile,E-Enable Bleeding-Edge Technologies
T0002720,A00197,C0113,payment,467.88,2024-10-28,atm,Repurpose Holistic Models
T0002721,A00197,C0113,DEPOSIT,9574.54,2024-06-19,branch,Generate Impactful Metrics
T0002722,A00197,C0113,FEE,44.69,2024-09-11,atm,Seize Compelling Technologies
T0002723,A00197,C0113,withdrawal,2412.86,2024-03-07,online,Transform Magnetic Initiatives
T0002724,A00197,C0113,WITHDRAWAL,7040.84,2024-10-18,branch,Matrix Front-End E-Markets
T0002725,A00198,C0113,payment,1065.29,2023-11-20,mobile,Grow World-Class Action-Items
T0002726,A00198,C0113,payment,1387.14,2024-04-19,mobile,Repurpose Cutting-Edge Initiatives
T0002727,A00198,C0113,fee,25.86,2024-05-01,atm,Reinvent Plug-And-Play Vortals
T0002728,A00198,C0113,transfer,,2024-03-01,branch,Repurpose One-To-One Convergence
T0002729,A00198,C0113,DEPOSIT,2904.93,2024-01-20,branch,Scale Impactful Channels
T0002730,A00198,C0113,transfer,6277.32,2024-12-07,atm,Revolutionize Compelling Models
T0002731,A00198,C0113,withdrawal,6902.26,2024-12-20,mobile,Expedite Transparent Methodologies
T0002732,A00198,C0113,transfer,1723.84,2024-03-26,branch,Incentivize Proactive Technologies
T0002733,A00198,C0113,DEPOSIT,9800.95,2024-05-14,atm,Empower Killer E-Markets
T0002734,A00198,C0113,payment,2325.99,2024-12-23,mobile,Streamline World-Class Portals
T0002735,A00198,C0113,deposit,5098.36,2023-10-13,branch,Innovate Turn-Key E-Markets
T0002736,A00198,C0113,withdrawal,4149.66,08-19-2024,branch,Strategize Visionary E-Commerce
T0002737,A00198,C0113,DEPOSIT,3136.48,2024-04-30,branch,Strategize Back-End Markets
T0002738,A00198,C0113,fee,35.63,2024-02-03,branch,Empower Holistic E-Services
T0002739,A00198,C0113,withdrawal,6259.23,2024-08-10,branch,Facilitate Revolutionary Content
T0002740,A00198,C0113,withdrawal,3759.27,2023-12-03,branch,Grow Transparent E-Services
T0002741,A00198,C0113,payment,955.48,10-11-2024,online,Maximize Frictionless Users
T0002742,A00198,C0113,DEPOSIT,1027.12,2024-08-28,online,Architect One-To-One E-Business
T0002743,A00198,C0113,payment,2609.7,2023-09-21,atm,Re-Intermediate Open-Source Channels
T0002744,A00198,C0113,deposit,13976.86,11-26-2024,atm,Expedite Vertical Web-Readiness
T0002745,A00199,C0113,fee,18.84,2024-03-18,online,Exploit Enterprise Infrastructures
T0002746,A00199,C0113,TRANSFER,2537.69,2024-07-04,mobile,Revolutionize Open-Source Convergence
T0002747,A00200,C0114,transfer,2332.13,09-04-2022,online,Revolutionize Innovative Experiences
T0002748,A00200,C0114,deposit,13214.39,12-05-2023,branch,Streamline Best-Of-Breed Relationships
T0002749,A00200,C0114,deposit,13657.96,02-08-2023,mobile,Incubate 24/365 Communities
T0002750,A00200,C0114,withdrawal,,2021-08-31,atm,E-Enable Impactful E-Services
T0002751,A00201,C0114,transfer,,2021-04-06,mobile,Envisioneer Granular Relationships
T0002752,A00201,C0114,transfer,1102.08,2021-03-03,mobile,Facilitate Transparent E-Tailers
T0002753,A00201,C0114,withdrawal,1380.25,04-12-2023,online,Engage Interactive Synergies
T0002754,A00201,C0114,transfer,6547.25,2023-11-30,mobile,Integrate Vertical Deliverables
T0002755,A00201,C0114,withdrawal,3589.72,2023-11-27,online,Transform Impactful Models
T0002756,A00201,C0114,payment,1704.68,2023-05-21,atm,Integrate Granular Technologies
T0002757,A00201,C0114,payment,215.98,2021-02-07,branch,Monetize Proactive E-Services
T0002758,A00201,C0114,WITHDRAWAL,3161.05,2024-02-16,branch,Whiteboard Interactive Paradigms
T0002759,A00201,C0114,fee,40.59,2021-04-01,branch,Empower 24/7 Architectures
T0002760,A00201,C0114,withdrawal,5697.04,03-07-2024,online,Visualize Wireless Channels
T0002761,A00201,C0114,TRANSFER,6398.55,08-13-2022,online,Transition Real-Time Infrastructures
T0002762,A00201,C0114,payment,1259.04,2024-02-11,branch,Optimize Intuitive Mindshare
T0002763,A00201,C0114,payment,584.15,09-03-2022,atm,Drive Next-Generation Web-Readiness
T0002764,A00201,C0114,payment,80.1,2023-07-18,atm,Implement B2C Platforms
T0002765,A00201,C0114,DEPOSIT,3620.12,07-24-2021,atm,Extend Impactful Solutions
T0002766,A00202,C0115,fee,20.19,06-03-2024,atm,E-Enable Extensible Vortals
T0002767,A00202,C0115,transfer,2676.69,06-22-2024,online,Brand Vertical Content
T0002768,A00202,C0115,payment,2780.37,2022-08-21,online,Empower Ubiquitous Solutions
T0002769,A00202,C0115,withdrawal,1613.15,2022-01-05,mobile,Transform Back-End Experiences
T0002770,A00202,C0115,WITHDRAWAL,5568.4,2024-01-14,atm,Maximize Collaborative Architectures
T0002771,A00202,C0115,WITHDRAWAL,6429.11,2024-01-04,mobile,Envisioneer Cutting-Edge Infrastructures
T0002772,A00202,C0115,TRANSFER,1076.07,2024-03-09,atm,Enhance Transparent Schemas
T0002773,A00202,C0115,WITHDRAWAL,3920.87,2023-05-16,atm,Empower Compelling Technologies
T0002774,A00202,C0115,payment,2757.14,2022-05-16,online,Redefine Interactive Architectures
T0002775,A00202,C0115,payment,2688.5,2023-09-10,online,Utilize Rich Interfaces
T0002776,A00202,C0115,payment,330.08,2022-08-17,online,Disintermediate Sticky Systems
T0002777,A00202,C0115,withdrawal,1248.97,2022-11-24,branch,Enhance Proactive Interfaces
T0002778,A00202,C0115,payment,38.84,2022-05-24,online,Revolutionize Bleeding-Edge Systems
T0002779,A00202,C0115,PAYMENT,1856.21,2023-10-26,branch,Disintermediate Compelling Networks
T0002780,A00202,C0115,TRANSFER,2660.59,2024-06-27,online,Transform Extensible Supply-Chains
T0002781,A00202,C0115,deposit,2123.79,2022-08-03,online,Orchestrate Strategic Platforms
T0002782,A00203,C0116,transfer,750.86,2017-09-28,mobile,Engage Frictionless E-Tailers
T0002783,A00203,C0116,DEPOSIT,797.48,2024-05-27,online,Cultivate Holistic Applications
T0002784,A00204,C0116,transfer,1557.26,03-14-2020,branch,Incentivize Strategic Eyeballs
T0002785,A00204,C0116,fee,32.25,07-19-2024,branch,Strategize Collaborative Deliverables
T0002786,A00204,C0116,deposit,10158.58,11-13-2021,online,Drive Bleeding-Edge Markets
T0002787,A00204,C0116,DEPOSIT,144.39,2021-07-27,branch,Revolutionize Rich Portals
T0002788,A00204,C0116,deposit,13178.74,2018-10-28,branch,Deploy Extensible Supply-Chains
T0002789,A00204,C0116,deposit,11436.91,2024-06-16,branch,E-Enable B2C Paradigms
T0002790,A00204,C0116,PAYMENT,2271.3,2018-09-15,branch,Harness Transparent Synergies
T0002791,A00204,C0116,withdrawal,6691.6,2018-06-06,atm,Empower Best-Of-Breed Schemas
T0002792,A00204,C0116,withdrawal,5131.95,2023-05-09,branch,Generate Holistic Users
T0002793,A00204,C0116,deposit,5204.15,2021-05-23,branch,Synthesize Turn-Key Experiences
T0002794,A00204,C0116,deposit,13363.81,2022-07-23,atm,Incentivize World-Class Bandwidth
T0002795,A00204,C0116,transfer,535.93,10-06-2019,online,Unleash Compelling Mindshare
T0002796,A00204,C0116,withdrawal,5868.66,2022-02-23,mobile,Engage Strategic Platforms
T0002797,A00204,C0116,transfer,7191.14,07-03-2017,mobile,Brand Intuitive Architectures
T0002798,A00204,C0116,fee,35.35,2016-09-28,atm,Enable Value-Added Communities
T0002799,A00204,C0116,transfer,7317.52,2023-03-16,online,Mesh 24/7 Communities
T0002800,A00204,C0116,deposit,12603.89,2022-12-28,mobile,Aggregate Visionary Initiatives
T0002801,A00204,C0116,TRANSFER,3853.98,2020-08-15,mobile,Integrate Cutting-Edge Models
T0002802,A00204,C0116,transfer,2521.53,12-22-2019,branch,Leverage Holistic Channels
T0002803,A00204,C0116,transfer,360.74,2019-03-02,atm,Extend Next-Generation Interfaces
T0002804,A00205,C0116,payment,979.86,2021-01-30,mobile,Implement Distributed Initiatives
T0002805,A00205,C0116,payment,1398.53,2021-01-25,branch,Brand Distributed Methodologies
T0002806,A00205,C0116,transfer,3096.8,2017-06-17,online,Empower World-Class E-Business
T0002807,A00205,C0116,payment,1150.56,2017-06-07,branch,Matrix Out-Of-The-Box Networks
T0002808,A00205,C0116,withdrawal,3486.36,05-07-2020,branch,Visualize Frictionless Eyeballs
T0002809,A00205,C0116,transfer,1487.6,2017-07-24,online,Envisioneer Best-Of-Breed E-Business
T0002810,A00205,C0116,withdrawal,1216.2,2016-01-20,atm,Unleash Out-Of-The-Box Deliverables
T0002811,A00205,C0116,DEPOSIT,5913.87,2018-02-01,atm,Expedite Dot-Com Info-Mediaries
T0002812,A00205,C0116,deposit,2889.69,2022-01-11,mobile,Target Best-Of-Breed Supply-Chains
T0002813,A00205,C0116,withdrawal,6815.74,2020-09-20,mobile,Re-Contextualize Global Communities
T0002814,A00205,C0116,deposit,14423.52,2023-05-03,online,Mesh Collaborative Synergies
T0002815,A00205,C0116,transfer,4870.38,2019-06-30,branch,Harness Next-Generation Roi
T0002816,A00205,C0116,withdrawal,3963.97,2018-07-04,branch,Orchestrate Collaborative Partnerships
T0002817,A00205,C0116,withdrawal,7655.72,2020-07-15,branch,Implement Extensible Solutions
T0002818,A00205,C0116,TRANSFER,5478.78,2019-08-31,mobile,Aggregate Mission-Critical Users
T0002819,A00205,C0116,DEPOSIT,1984.95,2022-09-23,atm,Target Open-Source Platforms
T0002820,A00205,C0116,TRANSFER,6460.85,09-11-2019,branch,Streamline Plug-And-Play Metrics
T0002821,A00205,C0116,withdrawal,3798.71,2020-01-05,online,Leverage Innovative Convergence
T0002822,A00205,C0116,withdrawal,1983.96,2020-11-18,atm,Whiteboard Magnetic Convergence
T0002823,A00205,C0116,DEPOSIT,13084.51,08-03-2023,atm,Whiteboard Value-Added Solutions
T0002824,A00205,C0116,PAYMENT,2917.86,2022-12-23,atm,Empower Front-End E-Commerce
T0002825,A00206,C0117,withdrawal,2661.86,2018-08-22,branch,Benchmark Extensible Relationships
T0002826,A00206,C0117,DEPOSIT,4861.4,12-07-2024,branch,Re-Intermediate Wireless Portals
T0002827,A00206,C0117,TRANSFER,1911.4,10-05-2022,branch,Engage 24/365 Partnerships
T0002828,A00206,C0117,withdrawal,,2020-04-19,atm,Benchmark B2C Platforms
T0002829,A00206,C0117,payment,1158.59,2020-07-19,branch,Drive Killer Niches
T0002830,A00206,C0117,withdrawal,4243.3,2021-10-24,mobile,Reinvent Back-End Networks
T0002831,A00206,C0117,payment,2841.96,2021-07-30,atm,Transform End-To-End Deliverables
T0002832,A00206,C0117,withdrawal,6223.92,07-28-2015,atm,Benchmark Integrated Supply-Chains
T0002833,A00206,C0117,DEPOSIT,12724.2,10-20-2022,online,Maximize Efficient E-Business
T0002834,A00206,C0117,deposit,9514.39,02-18-2020,atm,Repurpose Collaborative E-Tailers
T0002835,A00206,C0117,payment,1452.83,10-24-2018,branch,Leverage Clicks-And-Mortar E-Services
T0002836,A00206,C0117,DEPOSIT,4834.53,2023-08-10,atm,Architect E-Business E-Business
T0002837,A00206,C0117,PAYMENT,608.17,08-08-2021,branch,Orchestrate B2B Communities
T0002838,A00206,C0117,transfer,2379.04,2021-07-09,online,Syndicate Clicks-And-Mortar Vortals
T0002839,A00206,C0117,payment,1575.27,2023-01-25,atm,Optimize Scalable Channels
T0002840,A00206,C0117,payment,1274.74,2017-08-08,online,Deliver Visionary E-Commerce
T0002841,A00206,C0117,deposit,2203.69,03-01-2018,online,Repurpose Collaborative Vortals
T0002842,A00206,C0117,transfer,6103.74,2015-02-22,online,Monetize 24/7 Action-Items
T0002843,A00206,C0117,withdrawal,7280.26,12-14-2018,branch,Engage Impactful Architectures
T0002844,A00206,C0117,TRANSFER,4451.01,2019-10-30,mobile,Revolutionize Integrated Info-Mediaries
T0002845,A00206,C0117,withdrawal,7496.49,2023-04-29,mobile,Seize Extensible Deliverables
T0002846,A00206,C0117,deposit,9117.81,2017-11-30,atm,Harness Strategic Metrics
T0002847,A00206,C0117,TRANSFER,2595.97,2016-08-24,online,E-Enable Killer Communities
T0002848,A00206,C0117,DEPOSIT,4931.74,2016-03-17,mobile,Whiteboard Efficient Eyeballs
T0002849,A00206,C0117,deposit,12485.47,2018-12-15,mobile,E-Enable User-Centric Schemas
T0002850,A00207,C0118,transfer,5177.7,2015-12-11,mobile,Grow Holistic Portals
T0002851,A00207,C0118,withdrawal,6691.87,2017-08-27,online,Innovate 24/7 Schemas
T0002852,A00207,C0118,deposit,8505.97,2022-11-16,online,Productize User-Centric Experiences
T0002853,A00207,C0118,deposit,10773.19,05-24-2021,branch,Seize Virtual Web-Readiness
T0002854,A00207,C0118,deposit,1065.03,2021-03-24,branch,Cultivate Bricks-And-Clicks Bandwidth
T0002855,A00207,C0118,withdrawal,7522.18,2016-10-20,branch,Revolutionize Cross-Media E-Commerce
T0002856,A00207,C0118,transfer,7779.11,2016-09-08,atm,Architect Dynamic Architectures
T0002857,A00207,C0118,withdrawal,6011.79,07-26-2016,mobile,Disintermediate Virtual Synergies
T0002858,A00207,C0118,WITHDRAWAL,4206.94,2020-02-24,mobile,Aggregate Visionary Relationships
T0002859,A00207,C0118,deposit,12351.55,2023-06-13,branch,Mesh Dynamic Synergies
T0002860,A00207,C0118,deposit,11453.32,2020-09-08,atm,Benchmark Extensible Supply-Chains
T0002861,A00207,C0118,deposit,9689.14,2018-03-17,online,Transform Out-Of-The-Box Portals
T0002862,A00207,C0118,transfer,5584.36,2016-03-30,mobile,Deliver Value-Added Metrics
T0002863,A00207,C0118,deposit,11389.99,2016-02-18,branch,Empower Robust Experiences
T0002864,A00207,C0118,withdrawal,2597.14,2017-03-14,mobile,Empower Compelling Interfaces
T0002865,A00207,C0118,withdrawal,2331.32,2015-11-15,online,Integrate Dot-Com Niches
T0002866,A00207,C0118,transfer,3331.21,2023-03-02,online,Whiteboard Leading-Edge Networks
T0002867,A00207,C0118,deposit,588.28,2016-02-09,branch,Transition Proactive Info-Mediaries
T0002868,A00207,C0118,withdrawal,2808.06,03-11-2022,online,Expedite Ubiquitous Models
T0002869,A00207,C0118,payment,1532.35,2022-03-07,branch,Reinvent Collaborative Experiences
T0002870,A00207,C0118,deposit,8066.64,2020-02-10,atm,Engineer Sticky Paradigms
T0002871,A00207,C0118,withdrawal,4096.82,08-21-2018,branch,Disintermediate Proactive E-Business
T0002872,A00207,C0118,TRANSFER,2065.1,2017-12-01,branch,Productize B2C Roi
T0002873,A00207,C0118,payment,1183.97,2019-04-29,atm,Cultivate End-To-End Infrastructures
T0002874,A00207,C0118,deposit,9070.35,2020-09-20,mobile,Deploy 24/7 Markets
T0002875,A00208,C0118,deposit,5842.41,11-26-2017,online,Grow Leading-Edge Vortals
T0002876,A00208,C0118,payment,624.69,2024-02-28,atm,Transform Efficient Solutions
T0002877,A00208,C0118,TRANSFER,7095.48,2023-07-26,atm,Visualize Vertical Supply-Chains
T0002878,A00208,C0118,WITHDRAWAL,5189.68,11-17-2019,branch,E-Enable Turn-Key Communities
T0002879,A00208,C0118,payment,2532.25,03-09-2022,branch,Productize Bricks-And-Clicks Deliverables
T0002880,A00208,C0118,DEPOSIT,234.79,2021-07-24,branch,Implement Wireless E-Markets
T0002881,A00208,C0118,deposit,14204.59,2019-07-29,mobile,E-Enable Leading-Edge Partnerships
T0002882,A00208,C0118,withdrawal,7874.15,2023-11-26,branch,Aggregate B2B Niches
T0002883,A00208,C0118,WITHDRAWAL,4781.99,05-05-2021,branch,Evolve Virtual Systems
T0002884,A00208,C0118,transfer,7077.61,2016-09-13,online,Integrate Efficient Metrics
T0002885,A00208,C0118,deposit,217.62,10-10-2022,atm,Aggregate Transparent Roi
T0002886,A00208,C0118,withdrawal,3063.74,2015-10-31,branch,Whiteboard Clicks-And-Mortar Content
T0002887,A00208,C0118,deposit,3268.86,2016-12-02,branch,Empower Cross-Media Initiatives
T0002888,A00208,C0118,TRANSFER,2995.11,2020-07-29,atm,Facilitate Plug-And-Play Networks
T0002889,A00209,C0119,deposit,573.14,2013-04-17,online,E-Enable E-Business Networks
T0002890,A00209,C0119,deposit,6881.07,07-26-2019,branch,Re-Contextualize Plug-And-Play Infrastructures
T0002891,A00209,C0119,payment,2235.34,2015-06-28,online,Embrace E-Business Roi
T0002892,A00209,C0119,deposit,1733.17,2023-06-24,branch,Drive E-Business Roi
T0002893,A00209,C0119,payment,1743.53,2023-01-01,atm,Harness Vertical Communities
T0002894,A00209,C0119,deposit,8470.3,11-06-2018,online,Generate Value-Added E-Tailers
T0002895,A00209,C0119,deposit,5993.21,2016-03-24,mobile,Whiteboard Out-Of-The-Box Bandwidth
T0002896,A00209,C0119,deposit,6515.69,06-17-2013,mobile,Evolve Interactive Content
T0002897,A00209,C0119,deposit,248.37,2022-01-15,online,E-Enable Dynamic Channels
T0002898,A00209,C0119,fee,44.44,2014-03-16,atm,Monetize Scalable Architectures
T0002899,A00209,C0119,DEPOSIT,4045.9,07-16-2023,atm,Unleash Front-End Roi
T0002900,A00209,C0119,deposit,6747.44,2017-01-03,online,Empower Global Networks
T0002901,A00209,C0119,payment,2507.82,2013-10-12,mobile,Harness Transparent E-Services
T0002902,A00209,C0119,payment,2149.55,10-01-2023,online,E-Enable Dynamic Niches
T0002903,A00209,C0119,withdrawal,4792.43,03-21-2019,mobile,Matrix 24/365 Roi
T0002904,A00209,C0119,withdrawal,2998.67,2023-05-22,atm,Envisioneer Back-End Systems
T0002905,A00209,C0119,deposit,11041.16,12-01-2024,atm,Morph E-Business Models
T0002906,A00209,C0119,deposit,6056.6,2021-12-02,mobile,Seize Bricks-And-Clicks Convergence
T0002907,A00209,C0119,TRANSFER,1198.11,08-01-2020,mobile,Revolutionize Customized Functionalities
T0002908,A00209,C0119,withdrawal,7691.86,2024-12-14,online,Innovate Frictionless Paradigms
T0002909,A00209,C0119,payment,1005.08,06-21-2018,atm,E-Enable Integrated Eyeballs
T0002910,A00210,C0119,withdrawal,4322.91,2023-03-20,branch,Incubate Best-Of-Breed E-Commerce
T0002911,A00210,C0119,withdrawal,7348.02,2013-09-16,branch,Seize Front-End E-Tailers
T0002912,A00210,C0119,withdrawal,6659.46,2020-05-30,branch,Facilitate Real-Time Infrastructures
T0002913,A00210,C0119,fee,40.65,11-17-2015,mobile,Deliver Best-Of-Breed Portals
T0002914,A00210,C0119,payment,2643.36,08-01-2014,online,Architect Plug-And-Play Portals
T0002915,A00210,C0119,DEPOSIT,110.41,2024-05-27,branch,Integrate One-To-One Deliverables
T0002916,A00211,C0120,transfer,2692.5,2024-09-24,online,Repurpose Viral Info-Mediaries
T0002917,A00211,C0120,TRANSFER,6379.37,03-24-2024,mobile,Enable Plug-And-Play Applications
T0002918,A00211,C0120,transfer,3154.54,2024-07-03,atm,Harness Out-Of-The-Box Networks
T0002919,A00211,C0120,withdrawal,6017.49,2024-10-27,online,Synergize Robust Vortals
T0002920,A00211,C0120,transfer,3640.16,2024-02-02,branch,Scale Sticky Functionalities
T0002921,A00211,C0120,DEPOSIT,11914.23,2024-10-10,online,Seize Value-Added Communities
T0002922,A00211,C0120,deposit,1129.49,2024-06-19,atm,Deploy Collaborative Supply-Chains
T0002923,A00211,C0120,TRANSFER,2436.8,02-10-2024,branch,Facilitate Mission-Critical Roi
T0002924,A00211,C0120,transfer,7613.37,2024-07-13,branch,Redefine Synergistic Content
T0002925,A00211,C0120,DEPOSIT,4471.97,2023-10-22,branch,Leverage Plug-And-Play Users
T0002926,A00211,C0120,payment,2044.64,2024-01-13,online,Reinvent Vertical Systems
T0002927,A00211,C0120,withdrawal,969.24,2024-02-16,atm,Exploit Ubiquitous Applications
T0002928,A00211,C0120,withdrawal,5588.59,2024-09-12,atm,Maximize User-Centric Interfaces
T0002929,A00211,C0120,WITHDRAWAL,1683.42,2024-04-02,mobile,Syndicate Interactive Portals
T0002930,A00211,C0120,transfer,,08-22-2024,online,Drive Out-Of-The-Box Metrics
T0002931,A00212,C0120,fee,27.5,11-17-2024,atm,Facilitate Compelling Methodologies
T0002932,A00212,C0120,DEPOSIT,7130.28,08-03-2023,mobile,Strategize Seamless Paradigms
T0002933,A00212,C0120,WITHDRAWAL,4705.26,2023-10-11,atm,Re-Contextualize Bleeding-Edge Mindshare
T0002934,A00212,C0120,fee,22.1,11-16-2024,mobile,Transform Next-Generation E-Commerce
T0002935,A00212,C0120,withdrawal,4359.0,2023-09-29,online,Revolutionize Real-Time Networks
T0002936,A00212,C0120,transfer,5730.56,2024-03-10,online,Strategize Proactive Communities
T0002937,A00213,C0121,transfer,1946.2,12-02-2021,mobile,Deliver Frictionless Content
T0002938,A00213,C0121,withdrawal,4429.95,01-17-2018,mobile,Matrix 24/365 Networks
T0002939,A00213,C0121,transfer,777.73,02-03-2020,branch,Engineer Global Channels
T0002940,A00213,C0121,payment,2344.7,04-25-2024,mobile,Repurpose Open-Source Markets
T0002941,A00213,C0121,withdrawal,3716.18,06-09-2018,mobile,Evolve Extensible Eyeballs
T0002942,A00213,C0121,TRANSFER,408.74,2023-09-02,online,Exploit Cross-Media Bandwidth
T0002943,A00213,C0121,WITHDRAWAL,7220.05,2023-06-16,atm,Strategize Frictionless Bandwidth
T0002944,A00213,C0121,deposit,9036.75,2019-06-27,mobile,Implement B2B Solutions
T0002945,A00213,C0121,transfer,7749.15,2018-11-22,online,Matrix Virtual Content
T0002946,A00213,C0121,WITHDRAWAL,2007.36,2019-11-23,mobile,Monetize Strategic Roi
T0002947,A00213,C0121,PAYMENT,2319.66,12-29-2024,online,Incentivize Best-Of-Breed E-Commerce
T0002948,A00213,C0121,DEPOSIT,5134.05,2021-01-19,mobile,Evolve Interactive Eyeballs
T0002949,A00213,C0121,transfer,6471.18,2020-03-23,online,Innovate Out-Of-The-Box Synergies
T0002950,A00213,C0121,deposit,2023.39,2018-10-19,online,Syndicate Granular Convergence
T0002951,A00213,C0121,withdrawal,6358.81,2022-07-29,mobile,Transform Collaborative Schemas
T0002952,A00213,C0121,transfer,7183.56,2017-11-22,atm,Innovate Impactful E-Tailers
T0002953,A00213,C0121,withdrawal,3360.62,2024-10-12,online,Redefine Collaborative Web Services
T0002954,A00213,C0121,withdrawal,5622.34,2020-10-15,online,Synergize Plug-And-Play Action-Items
T0002955,A00213,C0121,deposit,13172.83,2018-05-23,atm,Engineer Mission-Critical Architectures
T0002956,A00213,C0121,WITHDRAWAL,7355.81,2022-12-26,branch,Enable Turn-Key Channels
T0002957,A00213,C0121,deposit,1341.34,01-07-2019,branch,Strategize World-Class Technologies
T0002958,A00213,C0121,WITHDRAWAL,7972.23,11-12-2019,atm,Transition Cutting-Edge Metrics
T0002959,A00214,C0121,withdrawal,7767.51,2021-02-11,branch,Strategize Intuitive Convergence
T0002960,A00214,C0121,withdrawal,4486.14,2024-09-10,branch,Synthesize Proactive E-Services
T0002961,A00214,C0121,deposit,2041.56,06-08-2020,mobile,Matrix Virtual Action-Items
T0002962,A00214,C0121,withdrawal,4091.36,04-16-2018,online,Disintermediate Bricks-And-Clicks Supply-Chains
T0002963,A00214,C0121,withdrawal,2141.78,2019-06-06,online,Deliver Clicks-And-Mortar E-Business
T0002964,A00214,C0121,payment,419.81,2021-07-26,branch,Expedite Impactful Partnerships
T0002965,A00214,C0121,payment,574.11,07-21-2023,mobile,Visualize Bleeding-Edge Channels
T0002966,A00214,C0121,withdrawal,810.4,07-13-2023,mobile,Synthesize Dynamic Paradigms
T0002967,A00214,C0121,transfer,4340.39,05-14-2024,online,Architect Seamless E-Commerce
T0002968,A00214,C0121,transfer,6865.61,10-21-2019,branch,Evolve Cross-Platform Architectures
T0002969,A00214,C0121,withdrawal,7919.14,2018-12-05,online,Visualize Viral E-Commerce
T0002970,A00214,C0121,deposit,9422.77,07-06-2024,mobile,Orchestrate Front-End Content
T0002971,A00214,C0121,payment,2485.65,2022-03-22,mobile,Synergize Compelling Paradigms
T0002972,A00214,C0121,transfer,362.41,2018-11-01,atm,Morph Next-Generation Roi
T0002973,A00214,C0121,deposit,10091.26,2022-08-04,atm,Leverage Impactful Methodologies
T0002974,A00214,C0121,withdrawal,6694.25,2022-07-19,branch,Mesh Sticky Bandwidth
T0002975,A00214,C0121,withdrawal,,2019-08-05,mobile,Exploit Strategic Convergence
T0002976,A00214,C0121,deposit,7842.81,12-06-2019,mobile,Innovate Mission-Critical Experiences
T0002977,A00214,C0121,withdrawal,266.69,01-03-2019,online,Cultivate Wireless Synergies
T0002978,A00214,C0121,deposit,13380.17,2024-06-18,branch,Leverage Turn-Key Channels
T0002979,A00214,C0121,withdrawal,3158.27,2018-08-12,mobile,Maximize Integrated Methodologies
T0002980,A00214,C0121,withdrawal,4291.62,12-29-2021,atm,Target Value-Added Models
T0002981,A00214,C0121,payment,1415.04,08-15-2021,mobile,Visualize Wireless E-Commerce
T0002982,A00214,C0121,transfer,6719.27,2022-06-30,branch,Revolutionize Scalable Content
T0002983,A00214,C0121,WITHDRAWAL,5537.56,2023-06-06,atm,Brand Back-End Functionalities
T0002984,A00215,C0122,transfer,522.22,03-28-2021,atm,Embrace Customized Mindshare
T0002985,A00215,C0122,payment,1787.36,2018-06-26,branch,Disintermediate Collaborative Supply-Chains
T0002986,A00215,C0122,payment,979.25,2018-12-14,branch,Iterate Bricks-And-Clicks Initiatives
T0002987,A00215,C0122,DEPOSIT,14586.49,10-15-2021,branch,Generate Virtual E-Commerce
T0002988,A00215,C0122,withdrawal,5415.28,09-13-2024,atm,Incubate Integrated Methodologies
T0002989,A00216,C0122,WITHDRAWAL,5279.71,2022-04-07,branch,Evolve B2C Synergies
T0002990,A00216,C0122,TRANSFER,2374.22,07-22-2024,atm,Facilitate Back-End Solutions
T0002991,A00216,C0122,withdrawal,2582.72,2023-07-21,mobile,Deliver Ubiquitous E-Commerce
T0002992,A00216,C0122,WITHDRAWAL,955.34,01-31-2022,atm,Streamline Plug-And-Play Technologies
T0002993,A00216,C0122,deposit,8992.06,09-21-2022,atm,Integrate 24/7 Models
T0002994,A00216,C0122,payment,2430.64,2017-08-12,atm,Target Bricks-And-Clicks Markets
T0002995,A00216,C0122,withdrawal,5741.99,2018-04-26,mobile,Matrix Out-Of-The-Box Portals
T0002996,A00216,C0122,withdrawal,2052.71,2021-08-03,online,Brand Cross-Platform Methodologies
T0002997,A00216,C0122,DEPOSIT,5679.6,2018-05-24,mobile,Envisioneer Proactive Users
T0002998,A00216,C0122,deposit,12189.27,2015-08-07,atm,Empower Virtual Technologies
T0002999,A00216,C0122,withdrawal,7927.01,2021-02-10,atm,Seize Next-Generation Web-Readiness
T0003000,A00216,C0122,WITHDRAWAL,1609.54,2021-04-17,online,Grow World-Class Content
T0003001,A00216,C0122,transfer,3926.69,2020-05-10,online,Whiteboard Robust Metrics
T0003002,A00216,C0122,withdrawal,2518.87,11-26-2020,branch,Embrace Synergistic Paradigms
T0003003,A00216,C0122,deposit,11413.86,08-04-2017,online,Incubate Impactful Action-Items
T0003004,A00216,C0122,payment,839.29,01-09-2016,atm,Reinvent Strategic Users
T0003005,A00217,C0123,deposit,11158.2,2023-05-07,mobile,Transform End-To-End Eyeballs
T0003006,A00217,C0123,deposit,9921.44,2016-11-08,online,Whiteboard Rich E-Commerce
T0003007,A00217,C0123,deposit,14653.7,2014-09-01,atm,Productize Efficient Convergence
T0003008,A00217,C0123,withdrawal,1859.3,2017-09-29,atm,Target Interactive Deliverables
T0003009,A00217,C0123,withdrawal,6729.33,2024-12-17,branch,Maximize Ubiquitous Paradigms
T0003010,A00217,C0123,withdrawal,2547.41,2014-10-25,branch,Optimize World-Class Relationships
T0003011,A00217,C0123,payment,2477.11,06-25-2016,branch,Integrate B2B Metrics
T0003012,A00217,C0123,transfer,7636.7,08-18-2020,online,Drive Mission-Critical Architectures
T0003013,A00217,C0123,TRANSFER,7829.81,2020-12-17,atm,Deliver Strategic Supply-Chains
T0003014,A00217,C0123,WITHDRAWAL,783.56,08-20-2023,mobile,Re-Contextualize Seamless E-Commerce
T0003015,A00217,C0123,deposit,9163.63,2017-01-13,branch,Strategize Vertical Roi
T0003016,A00217,C0123,deposit,1655.43,11-05-2024,branch,Extend Dot-Com Experiences
T0003017,A00218,C0124,withdrawal,4805.74,2024-08-31,mobile,Extend Strategic E-Commerce
T0003018,A00218,C0124,DEPOSIT,1550.48,2024-09-06,online,Embrace Dynamic Networks
T0003019,A00218,C0124,transfer,3551.37,2024-08-18,mobile,Morph Seamless E-Business
T0003020,A00218,C0124,transfer,203.75,12-01-2024,atm,Deliver Interactive Markets
T0003021,A00218,C0124,payment,1479.64,2024-05-06,atm,Disintermediate Collaborative E-Tailers
T0003022,A00218,C0124,deposit,7638.01,2024-07-04,mobile,Engineer User-Centric Niches
T0003023,A00218,C0124,transfer,2996.23,2024-09-04,online,Extend Viral Niches
T0003024,A00218,C0124,payment,2053.0,11-24-2024,branch,Deliver Revolutionary Metrics
T0003025,A00218,C0124,deposit,4747.47,2024-08-15,mobile,Strategize Viral Methodologies
T0003026,A00218,C0124,DEPOSIT,4395.65,2024-06-10,branch,Envisioneer Real-Time Synergies
T0003027,A00218,C0124,transfer,3768.31,2024-08-03,online,Deploy Best-Of-Breed Web-Readiness
T0003028,A00218,C0124,deposit,10478.83,2024-11-05,mobile,Generate Next-Generation Web Services
T0003029,A00218,C0124,withdrawal,2774.57,02-02-2024,mobile,Enable Efficient Niches
T0003030,A00218,C0124,WITHDRAWAL,5798.94,02-01-2024,mobile,Target Turn-Key Platforms
T0003031,A00218,C0124,withdrawal,2798.88,2024-03-07,atm,Enhance Magnetic Web-Readiness
T0003032,A00218,C0124,payment,786.98,2024-07-27,branch,Unleash World-Class E-Services
T0003033,A00218,C0124,DEPOSIT,8803.14,2024-04-17,branch,Optimize Front-End Metrics
T0003034,A00219,C0124,WITHDRAWAL,6090.47,2024-04-21,online,Transition Ubiquitous Applications
T0003035,A00219,C0124,PAYMENT,286.21,2024-10-05,online,Deploy Open-Source Users
T0003036,A00219,C0124,deposit,13983.55,2024-02-14,mobile,Synergize Collaborative Schemas
T0003037,A00219,C0124,deposit,12884.58,12-24-2023,atm,Implement Cross-Platform Supply-Chains
T0003038,A00219,C0124,payment,694.98,2024-12-27,atm,Harness Cross-Media Systems
T0003039,A00219,C0124,withdrawal,1869.89,01-02-2024,online,Orchestrate Plug-And-Play Models
T0003040,A00219,C0124,deposit,9836.6,08-21-2024,branch,Architect Frictionless Methodologies
T0003041,A00219,C0124,withdrawal,7537.29,03-04-2024,branch,Synergize Dot-Com Interfaces
T0003042,A00219,C0124,deposit,14422.06,2024-02-06,online,Integrate Strategic Functionalities
T0003043,A00220,C0125,deposit,11758.0,2019-10-15,online,Synthesize Cross-Media Infrastructures
T0003044,A00221,C0125,transfer,5791.2,2024-07-03,branch,Architect Out-Of-The-Box Content
T0003045,A00221,C0125,payment,744.48,2024-04-13,online,Envisioneer Turn-Key Systems
T0003046,A00221,C0125,payment,2301.39,2021-12-13,online,Innovate Plug-And-Play Web-Readiness
T0003047,A00221,C0125,WITHDRAWAL,473.66,2023-12-01,branch,Orchestrate Frictionless E-Business
T0003048,A00221,C0125,deposit,2380.85,2020-03-04,branch,Seize User-Centric E-Markets
T0003049,A00221,C0125,PAYMENT,2504.5,2021-01-04,atm,Engineer Vertical Technologies
T0003050,A00221,C0125,DEPOSIT,2668.42,2023-06-27,online,Engage Holistic Action-Items
T0003051,A00221,C0125,deposit,9109.86,2021-01-30,online,Synergize End-To-End Architectures
T0003052,A00221,C0125,fee,11.12,2019-01-19,atm,Expedite 24/7 Platforms
T0003053,A00221,C0125,withdrawal,3929.85,2023-06-20,mobile,Strategize Killer E-Tailers
T0003054,A00221,C0125,withdrawal,3243.11,2024-06-21,mobile,Embrace Distributed Roi
T0003055,A00221,C0125,withdrawal,4852.03,2024-02-16,mobile,Cultivate Granular Interfaces
T0003056,A00221,C0125,withdrawal,3273.27,2021-02-12,mobile,Engage Transparent Convergence
T0003057,A00221,C0125,PAYMENT,628.61,2019-09-19,atm,Engineer Killer E-Markets
T0003058,A00221,C0125,deposit,13567.27,2021-08-24,mobile,Productize Efficient Vortals
T0003059,A00221,C0125,deposit,406.94,2022-07-07,mobile,Revolutionize Bricks-And-Clicks Functionalities
T0003060,A00221,C0125,transfer,1740.25,2020-07-11,branch,Transform Turn-Key Mindshare
T0003061,A00221,C0125,payment,2373.67,05-06-2023,branch,Incubate Impactful E-Services
T0003062,A00221,C0125,WITHDRAWAL,1155.68,2021-09-07,branch,Iterate Wireless Models
T0003063,A00221,C0125,DEPOSIT,6018.63,03-23-2023,mobile,Engineer Plug-And-Play Technologies
T0003064,A00221,C0125,payment,1395.26,06-19-2022,mobile,Transition Customized Communities
T0003065,A00221,C0125,deposit,2225.79,11-16-2018,online,Re-Contextualize Virtual Interfaces
T0003066,A00222,C0126,deposit,7003.09,2020-11-01,mobile,Envisioneer Clicks-And-Mortar Users
T0003067,A00222,C0126,PAYMENT,243.59,2023-12-20,atm,E-Enable Open-Source Bandwidth
T0003068,A00222,C0126,payment,1659.3,08-14-2020,online,Visualize Virtual Methodologies
T0003069,A00223,C0127,withdrawal,1563.96,2014-02-08,branch,Redefine Mission-Critical Architectures
T0003070,A00223,C0127,fee,11.57,2012-10-31,atm,Benchmark Next-Generation E-Markets
T0003071,A00223,C0127,deposit,3319.47,2013-12-05,atm,Deploy Dynamic Functionalities
T0003072,A00223,C0127,withdrawal,2685.65,2013-02-15,mobile,Utilize Magnetic Channels
T0003073,A00224,C0127,deposit,811.2,2020-01-03,online,Re-Intermediate Strategic Metrics
T0003074,A00224,C0127,TRANSFER,3478.6,2022-07-07,online,Maximize Transparent Web-Readiness
T0003075,A00224,C0127,transfer,4539.48,12-21-2024,online,Harness Interactive Communities
T0003076,A00225,C0128,withdrawal,5719.88,2022-11-11,atm,Maximize Collaborative Methodologies
T0003077,A00225,C0128,deposit,13729.17,07-20-2021,online,Evolve Out-Of-The-Box Web-Readiness
T0003078,A00225,C0128,WITHDRAWAL,3167.31,2024-03-15,online,Extend Integrated Schemas
T0003079,A00225,C0128,withdrawal,7629.41,2020-12-28,branch,Deliver Dynamic Communities
T0003080,A00225,C0128,withdrawal,3352.36,2023-02-02,branch,Target Out-Of-The-Box Action-Items
T0003081,A00225,C0128,withdrawal,2056.08,02-20-2023,branch,Reinvent Collaborative Solutions
T0003082,A00225,C0128,fee,12.35,2020-09-30,online,Harness End-To-End Technologies
T0003083,A00225,C0128,transfer,6300.36,03-26-2022,branch,Optimize Proactive E-Tailers
T0003084,A00225,C0128,payment,505.16,2023-05-16,mobile,Maximize Plug-And-Play Bandwidth
T0003085,A00225,C0128,DEPOSIT,6921.11,05-20-2021,atm,Incentivize Visionary Action-Items
T0003086,A00225,C0128,transfer,2989.49,2024-03-15,mobile,Generate Virtual Bandwidth
T0003087,A00225,C0128,withdrawal,4392.44,2022-03-11,atm,Deliver One-To-One Metrics
T0003088,A00226,C0128,deposit,10245.26,2023-03-03,atm,E-Enable Open-Source Communities
T0003089,A00226,C0128,TRANSFER,7174.79,2024-09-26,branch,Incentivize Plug-And-Play Partnerships
T0003090,A00226,C0128,DEPOSIT,,2024-10-13,atm,Implement Robust Methodologies
T0003091,A00226,C0128,WITHDRAWAL,7782.63,01-26-2023,mobile,Innovate Transparent Deliverables
T0003092,A00226,C0128,fee,18.52,2020-07-03,atm,Syndicate Integrated Partnerships
T0003093,A00226,C0128,payment,1669.49,2020-10-24,branch,Generate Next-Generation Portals
T0003094,A00226,C0128,WITHDRAWAL,1243.0,08-11-2021,online,Matrix 24/7 Metrics
T0003095,A00226,C0128,withdrawal,2916.68,02-16-2024,mobile,Visualize Proactive Systems
T0003096,A00226,C0128,withdrawal,2406.69,07-26-2022,branch,Syndicate Leading-Edge Technologies
T0003097,A00226,C0128,transfer,7588.96,2021-02-15,online,Exploit Impactful Paradigms
T0003098,A00226,C0128,withdrawal,7116.67,2024-07-24,mobile,Disintermediate Wireless Mindshare
T0003099,A00226,C0128,PAYMENT,470.6,2022-06-29,mobile,Whiteboard Visionary E-Commerce
T0003100,A00226,C0128,withdrawal,2975.63,05-21-2020,atm,Generate 24/7 Platforms
T0003101,A00226,C0128,withdrawal,7982.43,2021-07-15,mobile,Orchestrate Back-End Applications
T0003102,A00226,C0128,deposit,6480.08,2023-07-08,branch,Engineer One-To-One Communities
T0003103,A00226,C0128,deposit,12077.72,10-27-2021,atm,Disintermediate Transparent Web Services
T0003104,A00226,C0128,transfer,4755.7,2021-02-09,online,Facilitate B2B Action-Items
T0003105,A00226,C0128,DEPOSIT,11953.1,2020-10-12,online,Generate Compelling E-Tailers
T0003106,A00227,C0129,withdrawal,756.67,2023-01-24,branch,Morph Mission-Critical Supply-Chains
T0003107,A00227,C0129,deposit,2704.72,2014-08-09,branch,Visualize Intuitive Bandwidth
T0003108,A00227,C0129,fee,21.5,2019-12-28,atm,Productize Holistic Action-Items
T0003109,A00227,C0129,deposit,13398.55,06-01-2015,atm,Engineer Back-End Supply-Chains
T0003110,A00227,C0129,deposit,8763.81,09-11-2015,online,Envisioneer Visionary Supply-Chains
T0003111,A00227,C0129,payment,584.82,2013-06-16,branch,Generate Customized Portals
T0003112,A00227,C0129,payment,1476.18,2022-03-21,atm,Maximize Efficient Metrics
T0003113,A00227,C0129,transfer,4218.18,12-28-2019,atm,Integrate Global Eyeballs
T0003114,A00227,C0129,DEPOSIT,9112.21,2016-07-24,atm,Mesh Front-End Web-Readiness
T0003115,A00227,C0129,TRANSFER,5605.54,2016-12-25,online,Enhance Out-Of-The-Box Networks
T0003116,A00227,C0129,transfer,5518.48,2024-08-02,online,Disintermediate Distributed Content
T0003117,A00227,C0129,payment,1998.38,2022-04-11,mobile,Unleash Granular Networks
T0003118,A00228,C0129,fee,18.79,09-29-2020,mobile,Whiteboard Extensible Info-Mediaries
T0003119,A00228,C0129,payment,713.02,2022-01-28,atm,Unleash Visionary Methodologies
T0003120,A00228,C0129,deposit,6946.24,01-10-2020,branch,Envisioneer B2C Channels
T0003121,A00228,C0129,DEPOSIT,8835.86,07-11-2013,online,Orchestrate Distributed Architectures
T0003122,A00228,C0129,deposit,6761.36,01-05-2016,branch,Morph Bleeding-Edge Web-Readiness
T0003123,A00228,C0129,DEPOSIT,5024.29,2014-05-07,atm,Iterate Killer Applications
T0003124,A00228,C0129,TRANSFER,3493.97,2018-01-24,online,Monetize B2B Applications
T0003125,A00228,C0129,payment,637.22,06-27-2019,mobile,Implement Back-End Relationships
T0003126,A00228,C0129,withdrawal,3138.54,06-17-2013,atm,Drive Wireless Info-Mediaries
T0003127,A00228,C0129,deposit,12624.76,2014-03-08,atm,Re-Intermediate Frictionless Convergence
T0003128,A00228,C0129,deposit,7489.37,2021-06-09,mobile,Visualize B2C Applications
T0003129,A00228,C0129,WITHDRAWAL,6529.93,12-16-2019,mobile,Iterate Turn-Key Deliverables
T0003130,A00228,C0129,fee,38.82,2019-10-05,branch,Disintermediate Enterprise Models
T0003131,A00228,C0129,payment,500.9,11-12-2012,atm,Visualize Frictionless Deliverables
T0003132,A00228,C0129,deposit,13139.04,01-10-2022,atm,Syndicate Virtual Info-Mediaries
T0003133,A00228,C0129,deposit,2148.1,2016-01-09,mobile,Productize Enterprise Synergies
T0003134,A00228,C0129,PAYMENT,2165.15,2018-12-07,mobile,Repurpose Innovative Supply-Chains
T0003135,A00228,C0129,transfer,5059.67,07-24-2013,atm,Enhance Extensible E-Tailers
T0003136,A00228,C0129,withdrawal,854.69,01-24-2021,branch,Enhance B2C Niches
T0003137,A00228,C0129,deposit,10221.32,2017-06-08,atm,Expedite 24/7 Experiences
T0003138,A00228,C0129,withdrawal,4239.31,08-09-2024,branch,Aggregate Synergistic Models
T0003139,A00228,C0129,transfer,5855.54,2022-06-16,online,Target Value-Added Deliverables
T0003140,A00229,C0130,WITHDRAWAL,,2019-12-02,online,Productize Bleeding-Edge Solutions
T0003141,A00229,C0130,WITHDRAWAL,3270.54,10-16-2019,online,Disintermediate Robust Interfaces
T0003142,A00229,C0130,payment,1257.56,2024-01-20,mobile,Whiteboard Mission-Critical Supply-Chains
T0003143,A00229,C0130,payment,2506.06,08-03-2018,branch,Deliver Innovative Niches
T0003144,A00230,C0130,withdrawal,5223.4,07-24-2019,online,Engage Strategic Markets
T0003145,A00230,C0130,transfer,4644.92,2018-10-08,mobile,Grow Interactive Action-Items
T0003146,A00230,C0130,deposit,3476.85,2019-07-29,branch,Morph Viral Experiences
T0003147,A00230,C0130,deposit,83.64,2023-09-13,online,Iterate Interactive E-Services
T0003148,A00230,C0130,payment,828.17,2015-05-01,mobile,Scale Ubiquitous Roi
T0003149,A00230,C0130,withdrawal,7621.73,12-27-2013,atm,Integrate Real-Time Schemas
T0003150,A00230,C0130,withdrawal,4649.81,2014-10-09,atm,Empower E-Business Solutions
T0003151,A00230,C0130,payment,2777.63,2016-03-22,mobile,Drive Innovative Channels
T0003152,A00230,C0130,deposit,,2020-12-28,online,Mesh Seamless Markets
T0003153,A00230,C0130,deposit,9720.3,04-04-2023,mobile,Architect Bleeding-Edge Action-Items
T0003154,A00230,C0130,deposit,13969.68,02-01-2014,atm,Benchmark Compelling Bandwidth
T0003155,A00230,C0130,transfer,5381.05,2017-05-31,mobile,Transform Scalable Vortals
T0003156,A00230,C0130,payment,620.24,2017-04-02,branch,Generate Intuitive Solutions
T0003157,A00230,C0130,DEPOSIT,13979.53,2021-09-23,atm,Syndicate One-To-One Systems
T0003158,A00230,C0130,deposit,2375.75,2015-02-28,online,Evolve Collaborative Solutions
T0003159,A00230,C0130,fee,7.97,2013-09-12,atm,Transform Killer Metrics
T0003160,A00230,C0130,DEPOSIT,6796.81,2017-08-21,online,Synthesize Seamless Networks
T0003161,A00230,C0130,transfer,6240.71,2024-11-05,mobile,Implement User-Centric Initiatives
T0003162,A00230,C0130,withdrawal,4922.64,2016-05-12,online,Drive Visionary Experiences
T0003163,A00230,C0130,PAYMENT,1066.19,2021-08-12,mobile,Aggregate Ubiquitous Synergies
T0003164,A00230,C0130,withdrawal,2017.2,11-13-2017,online,Morph Transparent Metrics
T0003165,A00230,C0130,fee,12.3,07-24-2015,atm,Empower Rich Functionalities
T0003166,A00231,C0131,payment,1609.08,08-24-2024,mobile,Reinvent Open-Source Mindshare
T0003167,A00231,C0131,deposit,12809.92,10-26-2020,mobile,Syndicate Front-End Experiences
T0003168,A00231,C0131,PAYMENT,2329.83,2015-04-06,mobile,Monetize Back-End Users
T0003169,A00231,C0131,deposit,9335.07,2017-09-13,mobile,Incentivize Cross-Platform Niches
T0003170,A00231,C0131,fee,38.51,06-10-2014,mobile,Innovate Extensible Functionalities
T0003171,A00231,C0131,WITHDRAWAL,5147.37,2023-03-17,branch,Grow One-To-One Roi
T0003172,A00231,C0131,deposit,2861.8,2013-11-17,atm,Synthesize Clicks-And-Mortar Vortals
T0003173,A00231,C0131,fee,47.03,2013-04-28,atm,Productize Collaborative Models
T0003174,A00231,C0131,transfer,79.35,2022-04-05,atm,Leverage Virtual Partnerships
T0003175,A00231,C0131,deposit,12653.18,2023-05-02,online,Engineer User-Centric Methodologies
T0003176,A00231,C0131,withdrawal,4437.61,2015-12-26,atm,Monetize Mission-Critical Systems
T0003177,A00231,C0131,transfer,279.19,2015-08-17,atm,Facilitate Viral Solutions
T0003178,A00231,C0131,withdrawal,6580.87,2018-06-16,atm,Revolutionize Sticky E-Services
T0003179,A00232,C0131,deposit,4538.07,06-15-2015,branch,Architect Extensible Mindshare
T0003180,A00232,C0131,payment,2997.85,2018-11-08,atm,Monetize Turn-Key Deliverables
T0003181,A00232,C0131,payment,2944.12,2020-09-07,atm,Syndicate Sticky Methodologies
T0003182,A00232,C0131,withdrawal,5914.25,2014-09-30,mobile,Monetize Best-Of-Breed Networks
T0003183,A00232,C0131,DEPOSIT,4313.07,07-28-2013,branch,Innovate B2C Vortals
T0003184,A00232,C0131,payment,2794.92,02-24-2015,online,Leverage Dynamic Interfaces
T0003185,A00232,C0131,deposit,14620.85,2021-03-11,atm,Generate Frictionless Communities
T0003186,A00232,C0131,payment,556.03,03-14-2020,branch,Re-Intermediate Granular Vortals
T0003187,A00232,C0131,deposit,4183.9,2014-10-30,online,Mesh Collaborative Experiences
T0003188,A00233,C0131,payment,1977.12,03-24-2020,online,Expedite Next-Generation Niches
T0003189,A00233,C0131,transfer,345.08,2022-08-13,mobile,Enhance Back-End Info-Mediaries
T0003190,A00233,C0131,transfer,2167.0,2015-08-25,online,Re-Contextualize Seamless Relationships
T0003191,A00233,C0131,DEPOSIT,14237.31,2016-08-19,online,Orchestrate Extensible Supply-Chains
T0003192,A00233,C0131,payment,137.15,2015-12-17,atm,Drive Synergistic Vortals
T0003193,A00233,C0131,withdrawal,2128.97,2022-09-01,branch,Grow Extensible E-Commerce
T0003194,A00233,C0131,withdrawal,1497.33,2015-05-27,online,Maximize Impactful E-Markets
T0003195,A00233,C0131,withdrawal,5835.41,12-09-2013,branch,Implement Wireless Markets
T0003196,A00233,C0131,transfer,6580.96,05-12-2017,branch,Deploy Synergistic Experiences
T0003197,A00233,C0131,deposit,7868.48,2022-09-17,atm,Exploit Global Bandwidth
T0003198,A00233,C0131,WITHDRAWAL,1918.54,10-08-2017,mobile,Revolutionize Efficient Web-Readiness
T0003199,A00233,C0131,transfer,3119.76,04-18-2018,atm,Transition 24/365 E-Tailers
T0003200,A00233,C0131,deposit,14607.14,2021-04-14,mobile,Repurpose Dot-Com Technologies
T0003201,A00233,C0131,deposit,9264.95,2020-01-06,online,E-Enable Out-Of-The-Box Web-Readiness
T0003202,A00233,C0131,deposit,9098.58,2022-12-27,online,Harness Cutting-Edge Architectures
T0003203,A00233,C0131,withdrawal,1545.5,2016-02-18,atm,Harness 24/365 E-Tailers
T0003204,A00233,C0131,withdrawal,6519.28,2016-06-09,online,Re-Intermediate Visionary Niches
T0003205,A00233,C0131,DEPOSIT,651.08,02-22-2019,branch,Transform Intuitive Action-Items
T0003206,A00233,C0131,transfer,5478.86,08-10-2014,branch,Leverage World-Class Info-Mediaries
T0003207,A00233,C0131,deposit,1733.57,2018-06-15,online,Drive Collaborative Paradigms
T0003208,A00233,C0131,transfer,6643.17,2018-04-11,online,Revolutionize Integrated Models
T0003209,A00233,C0131,deposit,3134.69,2022-11-01,branch,Incentivize Efficient Metrics
T0003210,A00233,C0131,transfer,6289.07,2016-11-10,atm,Benchmark Enterprise Markets
T0003211,A00233,C0131,fee,22.04,2020-11-08,atm,Transform Leading-Edge Functionalities
T0003212,A00233,C0131,transfer,6864.89,2023-07-05,branch,Facilitate Efficient Users
T0003213,A00234,C0132,withdrawal,6962.21,2022-11-11,branch,Disintermediate Visionary Technologies
T0003214,A00234,C0132,WITHDRAWAL,2205.7,06-05-2023,online,Embrace Collaborative Channels
T0003215,A00234,C0132,deposit,6980.56,2022-02-03,online,Matrix Intuitive Vortals
T0003216,A00234,C0132,transfer,4203.77,2021-01-05,branch,Revolutionize Transparent Eyeballs
T0003217,A00234,C0132,deposit,4343.79,2022-12-30,atm,Cultivate B2C Applications
T0003218,A00234,C0132,deposit,11547.35,2022-03-31,mobile,Monetize 24/365 Schemas
T0003219,A00234,C0132,WITHDRAWAL,4700.15,2024-12-14,atm,Evolve Visionary Action-Items
T0003220,A00234,C0132,transfer,3605.76,2022-05-18,atm,Harness Back-End Schemas
T0003221,A00234,C0132,fee,17.13,2023-05-09,mobile,Mesh Distributed Web-Readiness
T0003222,A00234,C0132,withdrawal,1085.22,2021-11-30,branch,Enable Innovative Vortals
T0003223,A00234,C0132,WITHDRAWAL,1766.61,2024-04-18,branch,Iterate Bricks-And-Clicks Systems
T0003224,A00234,C0132,deposit,5593.97,2021-04-17,atm,Extend Killer Roi
T0003225,A00234,C0132,deposit,12936.94,2024-07-18,atm,Harness Plug-And-Play E-Services
T0003226,A00234,C0132,withdrawal,522.48,2024-11-11,online,Target Bricks-And-Clicks Supply-Chains
T0003227,A00235,C0132,DEPOSIT,3702.2,07-27-2021,branch,Aggregate Back-End Portals
T0003228,A00235,C0132,withdrawal,4236.06,2023-07-03,branch,Expedite Vertical Channels
T0003229,A00236,C0133,transfer,6162.1,2024-03-08,mobile,Embrace Transparent E-Commerce
T0003230,A00237,C0134,deposit,2941.62,11-19-2019,online,Strategize Holistic Markets
T0003231,A00237,C0134,transfer,3410.29,2019-02-06,atm,E-Enable Leading-Edge Mindshare
T0003232,A00237,C0134,transfer,,09-14-2016,atm,Disintermediate Vertical Networks
T0003233,A00237,C0134,withdrawal,5004.46,2014-05-21,branch,Brand Robust Mindshare
T0003234,A00237,C0134,deposit,5075.41,2019-07-07,mobile,Cultivate World-Class Users
T0003235,A00238,C0134,withdrawal,1836.07,2023-10-12,online,Synthesize Front-End Networks
T0003236,A00238,C0134,deposit,13444.08,07-18-2013,branch,Facilitate Innovative Partnerships
T0003237,A00238,C0134,PAYMENT,622.83,2021-01-17,mobile,Maximize E-Business Schemas
T0003238,A00238,C0134,fee,8.27,11-01-2023,mobile,Revolutionize One-To-One Users
T0003239,A00238,C0134,deposit,3257.28,2014-11-17,atm,Leverage E-Business Networks
T0003240,A00238,C0134,deposit,224.88,2014-01-03,mobile,Re-Contextualize Plug-And-Play E-Business
T0003241,A00238,C0134,fee,33.94,2014-07-14,mobile,Visualize Dynamic Partnerships
T0003242,A00238,C0134,deposit,13857.33,2016-07-10,online,Revolutionize User-Centric Niches
T0003243,A00238,C0134,payment,2375.39,12-07-2013,branch,Target Customized Eyeballs
T0003244,A00238,C0134,withdrawal,2231.11,2012-10-28,branch,Visualize Open-Source Partnerships
T0003245,A00238,C0134,payment,1473.75,2011-12-24,branch,Reinvent Cross-Platform Bandwidth
T0003246,A00238,C0134,payment,309.28,2021-01-26,branch,Mesh User-Centric Web-Readiness
T0003247,A00238,C0134,deposit,6435.23,09-29-2024,atm,Strategize Distributed Synergies
T0003248,A00238,C0134,transfer,4459.17,2019-11-03,branch,Re-Intermediate Integrated Web-Readiness
T0003249,A00238,C0134,transfer,7846.03,2012-06-09,online,Implement Magnetic Vortals
T0003250,A00239,C0135,deposit,12343.59,2016-11-13,branch,Brand B2C Portals
T0003251,A00239,C0135,TRANSFER,1582.93,2011-09-17,branch,Iterate Magnetic Applications
T0003252,A00239,C0135,deposit,6939.78,2015-02-17,mobile,Innovate World-Class Users
T0003253,A00239,C0135,TRANSFER,271.3,2015-10-04,branch,Target 24/365 Networks
T0003254,A00239,C0135,transfer,7043.73,12-02-2018,atm,Re-Contextualize Synergistic Networks
T0003255,A00239,C0135,deposit,995.86,2020-05-19,branch,Orchestrate Dynamic Eyeballs
T0003256,A00240,C0135,deposit,5649.31,2019-04-21,branch,Architect Extensible Roi
T0003257,A00240,C0135,DEPOSIT,11478.04,2020-04-01,branch,Transform Proactive Users
T0003258,A00240,C0135,deposit,1671.17,2012-06-18,branch,Expedite Revolutionary Channels
T0003259,A00240,C0135,deposit,7827.91,2014-07-20,atm,Incubate Cross-Media Partnerships
T0003260,A00240,C0135,DEPOSIT,14958.4,12-25-2020,branch,Harness Turn-Key E-Services
T0003261,A00240,C0135,withdrawal,4895.37,2020-11-22,mobile,Repurpose Best-Of-Breed Solutions
T0003262,A00240,C0135,withdrawal,4858.12,2017-01-31,online,Monetize Granular E-Commerce
T0003263,A00240,C0135,withdrawal,3016.7,2015-03-23,mobile,Empower Bleeding-Edge E-Tailers
T0003264,A00240,C0135,PAYMENT,354.89,11-11-2012,branch,Revolutionize Synergistic Web-Readiness
T0003265,A00240,C0135,DEPOSIT,10519.03,01-11-2012,online,Enable Visionary Initiatives
T0003266,A00240,C0135,WITHDRAWAL,,05-21-2023,branch,E-Enable Enterprise Web-Readiness
T0003267,A00240,C0135,withdrawal,4321.42,2012-01-03,branch,Grow Best-Of-Breed Architectures
T0003268,A00240,C0135,deposit,808.83,2013-08-28,online,Streamline Customized Systems
T0003269,A00240,C0135,withdrawal,,2016-03-28,online,Strategize 24/365 E-Tailers
T0003270,A00240,C0135,deposit,8256.17,2016-08-24,branch,Revolutionize Enterprise Applications
T0003271,A00240,C0135,withdrawal,6804.96,2011-10-23,branch,Transition 24/7 Infrastructures
T0003272,A00240,C0135,payment,669.32,2013-12-15,online,Reinvent 24/7 Communities
T0003273,A00240,C0135,deposit,6663.1,2022-06-10,mobile,Engineer Best-Of-Breed Initiatives
T0003274,A00240,C0135,deposit,11414.09,01-31-2023,mobile,Synthesize Synergistic Vortals
T0003275,A00240,C0135,TRANSFER,7942.16,2014-07-07,atm,Deploy Dynamic E-Tailers
T0003276,A00240,C0135,deposit,222.37,2011-06-30,online,Evolve Bricks-And-Clicks Info-Mediaries
T0003277,A00240,C0135,payment,2172.04,2011-05-14,online,Morph One-To-One Bandwidth
T0003278,A00240,C0135,deposit,11145.86,01-20-2018,online,Utilize Clicks-And-Mortar Architectures
T0003279,A00241,C0136,deposit,14298.68,2023-03-06,online,Exploit Next-Generation Interfaces
T0003280,A00242,C0136,payment,1946.17,06-11-2024,online,Iterate Mission-Critical Convergence
T0003281,A00242,C0136,transfer,7749.78,06-27-2024,online,Disintermediate Extensible Partnerships
T0003282,A00242,C0136,deposit,5332.39,09-21-2023,mobile,Brand Seamless E-Services
T0003283,A00242,C0136,deposit,13718.17,2023-03-13,atm,Scale Strategic Experiences
T0003284,A00242,C0136,DEPOSIT,2431.15,2024-02-05,branch,Visualize Integrated Info-Mediaries
T0003285,A00242,C0136,transfer,4329.31,2022-05-23,atm,Utilize Efficient Experiences
T0003286,A00242,C0136,withdrawal,6148.54,2021-03-01,branch,Productize World-Class Paradigms
T0003287,A00242,C0136,payment,874.04,2017-08-17,online,Orchestrate Interactive Roi
T0003288,A00242,C0136,WITHDRAWAL,342.26,03-07-2019,mobile,Maximize Value-Added Channels
T0003289,A00242,C0136,deposit,9008.21,2020-11-24,online,Mesh B2C Channels
T0003290,A00242,C0136,deposit,3721.91,01-30-2023,atm,Scale Collaborative Paradigms
T0003291,A00242,C0136,withdrawal,,2022-10-18,atm,Streamline Best-Of-Breed Web Services
T0003292,A00242,C0136,DEPOSIT,5696.93,2021-08-08,online,Envisioneer Out-Of-The-Box E-Business
T0003293,A00242,C0136,WITHDRAWAL,,2018-04-20,branch,Deploy Granular E-Markets
T0003294,A00242,C0136,WITHDRAWAL,411.0,04-07-2019,atm,Reinvent Virtual Deliverables
T0003295,A00242,C0136,deposit,8673.54,11-14-2024,online,Orchestrate Viral Relationships
T0003296,A00242,C0136,transfer,5007.63,2021-11-08,online,Matrix One-To-One Communities
T0003297,A00242,C0136,deposit,6182.24,2020-03-20,mobile,Utilize Rich E-Tailers
T0003298,A00242,C0136,WITHDRAWAL,7989.95,2022-08-03,branch,Monetize Wireless Functionalities
T0003299,A00242,C0136,deposit,4053.77,01-25-2017,online,Disintermediate Back-End E-Business
T0003300,A00242,C0136,PAYMENT,765.92,2017-01-11,online,Harness Proactive Web-Readiness
T0003301,A00242,C0136,payment,2218.13,2021-11-21,atm,Facilitate Proactive Info-Mediaries
T0003302,A00243,C0136,deposit,14229.26,01-20-2023,mobile,Integrate B2B E-Markets
T0003303,A00243,C0136,withdrawal,3037.14,2018-08-17,branch,Integrate Enterprise Metrics
T0003304,A00243,C0136,TRANSFER,3209.68,2021-10-05,branch,Drive Frictionless Communities
T0003305,A00243,C0136,transfer,1149.18,2017-07-28,mobile,Transform Value-Added Convergence
T0003306,A00243,C0136,transfer,5813.4,10-11-2022,atm,Productize Magnetic Infrastructures
T0003307,A00243,C0136,deposit,359.61,2020-05-28,mobile,Deploy Innovative Initiatives
T0003308,A00243,C0136,transfer,2958.69,2024-04-26,mobile,Syndicate Plug-And-Play E-Markets
T0003309,A00243,C0136,deposit,14413.57,2018-03-27,atm,Iterate Visionary Channels
T0003310,A00243,C0136,withdrawal,345.42,2016-10-03,mobile,Iterate Clicks-And-Mortar Content
T0003311,A00243,C0136,payment,1898.58,02-08-2019,branch,Syndicate Collaborative Portals
T0003312,A00243,C0136,payment,1127.26,2019-10-24,atm,Enable World-Class Web Services
T0003313,A00243,C0136,deposit,11840.45,2016-04-23,atm,Incubate Bricks-And-Clicks E-Business
T0003314,A00243,C0136,withdrawal,1511.9,2019-08-25,branch,Repurpose Mission-Critical Info-Mediaries
T0003315,A00243,C0136,deposit,1314.87,01-05-2024,mobile,Synthesize 24/365 Channels
T0003316,A00243,C0136,withdrawal,2252.71,04-15-2019,atm,Enhance End-To-End Eyeballs
T0003317,A00243,C0136,withdrawal,6521.48,2021-08-03,online,Enhance Strategic Platforms
T0003318,A00244,C0137,DEPOSIT,3659.58,2024-07-18,branch,Unleash Wireless Technologies
T0003319,A00244,C0137,withdrawal,7780.36,06-10-2019,mobile,Matrix Sticky Action-Items
T0003320,A00244,C0137,payment,193.97,03-11-2023,atm,Enhance Dot-Com Roi
T0003321,A00244,C0137,deposit,,10-08-2016,atm,Drive Seamless Supply-Chains
T0003322,A00244,C0137,deposit,3281.2,2019-01-11,atm,Unleash Plug-And-Play Web Services
T0003323,A00244,C0137,payment,780.57,2018-07-12,atm,Benchmark Real-Time Channels
T0003324,A00244,C0137,deposit,10940.34,2024-04-19,branch,Harness Cutting-Edge Relationships
T0003325,A00244,C0137,deposit,10684.02,2017-06-30,mobile,Repurpose B2B Applications
T0003326,A00244,C0137,withdrawal,7031.2,04-02-2022,online,Extend Robust Architectures
T0003327,A00244,C0137,deposit,14635.07,2022-06-15,branch,Whiteboard Scalable Solutions
T0003328,A00244,C0137,deposit,10197.81,01-02-2023,mobile,Reinvent Value-Added Eyeballs
T0003329,A00244,C0137,deposit,9678.22,10-12-2018,branch,Whiteboard Robust Action-Items
T0003330,A00244,C0137,PAYMENT,2565.89,2016-10-15,online,Leverage Impactful Vortals
T0003331,A00244,C0137,payment,1839.51,04-16-2017,mobile,Implement Compelling Info-Mediaries
T0003332,A00244,C0137,fee,49.61,11-08-2024,online,Iterate Cross-Media Solutions
T0003333,A00245,C0137,payment,2338.95,10-26-2021,online,Whiteboard Wireless Systems
T0003334,A00245,C0137,PAYMENT,634.02,2016-04-28,online,Architect Ubiquitous E-Business
T0003335,A00245,C0137,transfer,2690.02,2016-07-14,mobile,Morph Visionary Initiatives
T0003336,A00245,C0137,WITHDRAWAL,6704.02,2017-06-17,online,Extend Efficient Experiences
T0003337,A00245,C0137,TRANSFER,2684.14,12-12-2018,mobile,Revolutionize Cross-Platform Supply-Chains
T0003338,A00245,C0137,transfer,6587.87,03-01-2019,online,Productize Viral Portals
T0003339,A00245,C0137,payment,2750.85,05-01-2024,branch,Facilitate Holistic Schemas
T0003340,A00245,C0137,withdrawal,6340.82,08-06-2020,branch,Target Mission-Critical Web Services
T0003341,A00245,C0137,deposit,9075.19,2016-11-08,online,Iterate Cross-Platform Deliverables
T0003342,A00245,C0137,transfer,4608.73,2022-02-07,online,Morph Innovative Relationships
T0003343,A00245,C0137,deposit,3508.68,2022-04-02,mobile,Brand Proactive Users
T0003344,A00245,C0137,payment,1763.81,01-19-2020,mobile,Enable Mission-Critical E-Services
T0003345,A00245,C0137,deposit,10858.16,2018-05-22,branch,Target One-To-One Initiatives
T0003346,A00245,C0137,TRANSFER,1200.1,2023-01-03,branch,Engage Distributed Channels
T0003347,A00245,C0137,deposit,5098.54,2021-04-07,online,Cultivate Cross-Media Content
T0003348,A00245,C0137,DEPOSIT,595.42,2017-03-28,atm,Grow User-Centric Schemas
T0003349,A00245,C0137,withdrawal,3269.84,08-30-2017,online,Evolve Viral Interfaces
T0003350,A00245,C0137,TRANSFER,6228.59,2020-04-26,atm,Transition Dynamic Eyeballs
T0003351,A00245,C0137,withdrawal,3176.06,2018-11-14,mobile,E-Enable Magnetic Web-Readiness
T0003352,A00245,C0137,DEPOSIT,10420.61,2024-07-18,online,Aggregate Synergistic Deliverables
T0003353,A00245,C0137,deposit,11715.59,2024-07-29,online,Expedite B2C Networks
T0003354,A00245,C0137,payment,2625.74,2016-09-04,online,Cultivate Scalable Users
T0003355,A00246,C0138,withdrawal,3194.69,2023-03-31,online,Disintermediate Bleeding-Edge Deliverables
T0003356,A00246,C0138,payment,91.54,12-19-2024,branch,Leverage Out-Of-The-Box Communities
T0003357,A00246,C0138,withdrawal,2576.62,2024-08-05,branch,Transform Frictionless Functionalities
T0003358,A00246,C0138,FEE,39.54,12-15-2022,atm,Whiteboard Magnetic Eyeballs
T0003359,A00246,C0138,withdrawal,6542.83,08-18-2023,branch,Incubate Cutting-Edge Solutions
T0003360,A00246,C0138,withdrawal,3893.38,11-24-2023,mobile,Empower Scalable Interfaces
T0003361,A00246,C0138,transfer,5160.32,11-12-2023,branch,Envisioneer Integrated Deliverables
T0003362,A00246,C0138,DEPOSIT,7891.16,2024-06-01,atm,Deploy Collaborative Bandwidth
T0003363,A00246,C0138,transfer,341.93,2023-06-28,branch,Harness Global Content
T0003364,A00246,C0138,payment,24.83,2023-07-12,mobile,Implement Intuitive Portals
T0003365,A00246,C0138,deposit,4511.68,2024-11-10,mobile,Unleash Extensible E-Tailers
T0003366,A00246,C0138,payment,2212.61,2024-07-18,branch,Re-Contextualize Innovative Markets
T0003367,A00246,C0138,DEPOSIT,3544.52,2023-10-26,atm,Engineer Transparent Channels
T0003368,A00246,C0138,TRANSFER,446.13,2024-05-25,atm,Orchestrate Compelling Communities
T0003369,A00246,C0138,transfer,164.07,2023-12-10,online,Engineer Interactive Interfaces
T0003370,A00246,C0138,WITHDRAWAL,4524.41,2024-02-05,online,Generate Granular Experiences
T0003371,A00246,C0138,DEPOSIT,8632.61,2024-12-04,online,Deploy Impactful Applications
T0003372,A00246,C0138,fee,49.64,2024-09-04,branch,Aggregate Interactive Convergence
T0003373,A00246,C0138,transfer,5655.17,10-21-2023,mobile,Optimize Magnetic Niches
T0003374,A00246,C0138,transfer,6468.4,10-28-2024,atm,Enable Wireless Initiatives
T0003375,A00246,C0138,TRANSFER,6080.77,2024-03-22,mobile,Drive B2C E-Tailers
T0003376,A00246,C0138,payment,893.69,2022-12-04,atm,Grow B2B Methodologies
T0003377,A00246,C0138,withdrawal,7616.44,2024-04-19,branch,Empower World-Class Synergies
T0003378,A00246,C0138,withdrawal,841.49,02-01-2023,online,Whiteboard 24/7 Deliverables
T0003379,A00247,C0138,WITHDRAWAL,6342.54,01-09-2024,branch,Monetize Sticky Functionalities
T0003380,A00247,C0138,PAYMENT,333.98,08-24-2023,branch,Expedite Collaborative E-Services
T0003381,A00247,C0138,PAYMENT,2331.04,2023-12-24,mobile,Repurpose Visionary Content
T0003382,A00247,C0138,withdrawal,,2024-04-14,online,Transition 24/7 Users
T0003383,A00247,C0138,transfer,203.23,04-18-2024,mobile,Extend Ubiquitous Eyeballs
T0003384,A00247,C0138,withdrawal,959.38,2023-08-03,mobile,Optimize Cross-Platform Niches
T0003385,A00247,C0138,transfer,1407.84,03-29-2023,branch,Integrate Enterprise Portals
T0003386,A00247,C0138,withdrawal,7957.64,2024-01-08,branch,Embrace Plug-And-Play E-Commerce
T0003387,A00247,C0138,TRANSFER,2619.71,2024-08-11,atm,Benchmark Frictionless Models
T0003388,A00247,C0138,DEPOSIT,14253.48,12-22-2024,branch,Engineer Distributed E-Services
T0003389,A00247,C0138,payment,2273.47,12-30-2024,atm,Mesh Sticky Infrastructures
T0003390,A00247,C0138,payment,2880.46,03-01-2023,online,Drive Bricks-And-Clicks Action-Items
T0003391,A00247,C0138,payment,1703.14,07-21-2023,mobile,Cultivate Rich E-Commerce
T0003392,A00247,C0138,deposit,12078.55,02-10-2024,branch,Deploy Leading-Edge Functionalities
T0003393,A00247,C0138,transfer,2882.6,2024-04-16,branch,Transform Efficient Niches
T0003394,A00247,C0138,transfer,766.11,2024-05-15,mobile,Productize Dot-Com Functionalities
T0003395,A00247,C0138,withdrawal,3267.26,2024-10-04,online,Deliver Open-Source E-Markets
T0003396,A00247,C0138,deposit,7254.84,10-05-2023,mobile,Repurpose Dot-Com Convergence
T0003397,A00247,C0138,transfer,5491.66,2023-06-06,branch,Evolve Value-Added Platforms
T0003398,A00247,C0138,payment,947.95,2023-09-08,atm,Unleash Holistic Action-Items
T0003399,A00247,C0138,deposit,2921.01,06-29-2023,atm,Benchmark Rich E-Services
T0003400,A00247,C0138,WITHDRAWAL,1939.99,2024-04-09,atm,Benchmark User-Centric Web Services
T0003401,A00247,C0138,deposit,13489.96,2024-07-31,online,Empower Sticky Models
T0003402,A00247,C0138,WITHDRAWAL,1805.4,08-13-2023,online,Engage Enterprise Metrics
T0003403,A00248,C0138,transfer,7260.57,08-18-2023,mobile,Mesh Enterprise Paradigms
T0003404,A00248,C0138,FEE,10.26,08-03-2022,mobile,Expedite Sticky Applications
T0003405,A00248,C0138,deposit,1264.15,2023-10-28,branch,E-Enable Mission-Critical Networks
T0003406,A00248,C0138,transfer,6592.01,09-10-2024,online,Transform 24/7 Action-Items
T0003407,A00248,C0138,payment,1131.82,2022-07-19,online,Disintermediate Next-Generation Interfaces
T0003408,A00248,C0138,transfer,659.23,02-16-2024,online,Unleash Revolutionary Convergence
T0003409,A00248,C0138,transfer,453.5,10-25-2024,mobile,Visualize Visionary Bandwidth
T0003410,A00248,C0138,deposit,9461.58,2024-07-31,branch,Maximize Robust Interfaces
T0003411,A00248,C0138,transfer,3557.64,2024-11-08,mobile,Transition User-Centric Web Services
T0003412,A00248,C0138,deposit,10963.15,2024-03-03,branch,Redefine Proactive E-Tailers
T0003413,A00248,C0138,deposit,301.43,2024-03-13,mobile,Maximize Viral Web-Readiness
T0003414,A00248,C0138,withdrawal,2266.38,2023-08-25,branch,Whiteboard Open-Source Platforms
T0003415,A00248,C0138,transfer,3603.22,2022-07-29,branch,Envisioneer Transparent Web-Readiness
T0003416,A00248,C0138,withdrawal,6906.87,2024-06-12,branch,Drive Ubiquitous Portals
T0003417,A00248,C0138,deposit,340.96,01-31-2024,online,Seize Cross-Media Convergence
T0003418,A00248,C0138,payment,2177.71,2024-07-02,mobile,Incentivize Efficient Systems
T0003419,A00248,C0138,withdrawal,400.61,2024-12-30,branch,Generate Scalable Vortals
T0003420,A00248,C0138,transfer,4822.35,2023-12-30,atm,Target Back-End Communities
T0003421,A00248,C0138,withdrawal,4201.37,06-23-2022,atm,Architect World-Class Interfaces
T0003422,A00248,C0138,FEE,13.93,2022-08-07,mobile,Engineer Cross-Media Roi
T0003423,A00248,C0138,deposit,2033.35,2023-01-23,atm,Iterate Rich Infrastructures
T0003424,A00248,C0138,transfer,1386.56,2023-06-01,atm,Facilitate Synergistic E-Business
T0003425,A00248,C0138,fee,9.89,12-23-2024,online,Incubate Bleeding-Edge Vortals
T0003426,A00248,C0138,deposit,12750.71,09-18-2023,branch,E-Enable Extensible Platforms
T0003427,A00249,C0139,transfer,23.71,06-06-2013,online,Redefine E-Business Functionalities
T0003428,A00249,C0139,transfer,1919.02,2016-07-29,atm,Strategize Turn-Key E-Business
T0003429,A00249,C0139,withdrawal,4377.98,2014-08-21,atm,Synthesize Viral Architectures
T0003430,A00249,C0139,deposit,3312.89,02-07-2020,online,Aggregate Back-End Models
T0003431,A00249,C0139,DEPOSIT,4005.75,2023-11-24,online,Seize Cross-Platform Systems
T0003432,A00249,C0139,PAYMENT,975.84,06-14-2015,branch,Productize Bricks-And-Clicks Communities
T0003433,A00249,C0139,DEPOSIT,692.87,2020-07-16,online,Leverage World-Class Web-Readiness
T0003434,A00249,C0139,deposit,14924.19,2021-05-04,branch,Embrace Dynamic Applications
T0003435,A00249,C0139,deposit,3789.38,2021-10-19,online,Monetize Distributed Schemas
T0003436,A00249,C0139,withdrawal,884.1,2020-08-08,branch,Incubate Virtual Interfaces
T0003437,A00249,C0139,transfer,4007.27,2022-01-21,branch,Re-Intermediate Intuitive Solutions
T0003438,A00250,C0139,deposit,2464.08,2013-05-25,online,Evolve E-Business Metrics
T0003439,A00250,C0139,payment,1771.09,2022-09-26,branch,Redefine Wireless Portals
T0003440,A00251,C0139,deposit,13962.25,2016-02-06,mobile,Orchestrate Cross-Platform Users
T0003441,A00251,C0139,withdrawal,2734.3,2015-08-11,mobile,Seize Impactful Channels
T0003442,A00251,C0139,deposit,6419.01,08-01-2021,branch,Redefine Integrated Platforms
T0003443,A00251,C0139,DEPOSIT,1769.03,2023-11-10,branch,Iterate Distributed E-Business
T0003444,A00251,C0139,transfer,2561.16,12-14-2023,online,Maximize Strategic Vortals
T0003445,A00251,C0139,deposit,11266.55,05-09-2019,online,Enhance Visionary Paradigms
T0003446,A00251,C0139,payment,1769.95,10-25-2022,mobile,Incentivize B2C Web Services
T0003447,A00251,C0139,transfer,7955.85,2020-10-17,mobile,Empower Proactive Models
T0003448,A00251,C0139,TRANSFER,3233.22,2022-06-28,mobile,Enhance Magnetic Action-Items
T0003449,A00251,C0139,payment,1559.65,2017-01-19,branch,Matrix Magnetic Systems
T0003450,A00251,C0139,withdrawal,37.97,2012-02-09,branch,Visualize Killer Eyeballs
T0003451,A00252,C0140,DEPOSIT,9456.17,06-11-2022,atm,Implement Distributed Action-Items
T0003452,A00252,C0140,deposit,5930.68,2022-05-18,atm,Utilize Compelling Systems
T0003453,A00252,C0140,transfer,4321.81,2021-07-26,mobile,Deploy Dynamic E-Markets
T0003454,A00252,C0140,transfer,3251.38,2022-01-26,branch,Reinvent Wireless Functionalities
T0003455,A00252,C0140,withdrawal,,2021-11-22,branch,Maximize Integrated Portals
T0003456,A00252,C0140,fee,11.24,2021-11-21,mobile,Unleash Bricks-And-Clicks Portals
T0003457,A00252,C0140,transfer,7640.03,2024-01-17,atm,Brand Out-Of-The-Box Relationships
T0003458,A00252,C0140,withdrawal,4879.51,2022-10-20,atm,Productize Web-Enabled Vortals
T0003459,A00252,C0140,payment,2859.73,2024-07-19,branch,Incubate Synergistic Partnerships
T0003460,A00252,C0140,payment,2397.17,09-11-2021,branch,Scale Global Vortals
T0003461,A00253,C0140,fee,31.92,2023-11-17,atm,Cultivate Interactive Users
T0003462,A00253,C0140,fee,34.18,2024-04-17,atm,Benchmark End-To-End Platforms
T0003463,A00253,C0140,withdrawal,5888.69,2024-11-04,online,Redefine Collaborative Users
T0003464,A00253,C0140,deposit,6805.36,12-02-2021,mobile,Harness Sticky Metrics
T0003465,A00253,C0140,transfer,3542.42,2021-08-25,atm,Enhance Cross-Media Experiences
T0003466,A00253,C0140,deposit,8182.34,06-14-2022,mobile,Engage Magnetic Bandwidth
T0003467,A00253,C0140,withdrawal,4323.38,08-21-2023,branch,Empower Scalable Bandwidth
T0003468,A00253,C0140,payment,1361.5,2021-08-05,mobile,Re-Intermediate Visionary Models
T0003469,A00253,C0140,fee,7.86,11-19-2021,mobile,Benchmark User-Centric Partnerships
T0003470,A00253,C0140,TRANSFER,3949.92,2024-03-22,branch,Leverage Vertical Schemas
T0003471,A00253,C0140,withdrawal,3502.99,12-11-2024,mobile,Grow Leading-Edge Convergence
T0003472,A00253,C0140,payment,397.17,04-24-2022,branch,Syndicate B2B Partnerships
T0003473,A00253,C0140,FEE,6.72,2024-03-20,atm,Innovate Synergistic Partnerships
T0003474,A00253,C0140,DEPOSIT,9671.06,2024-05-21,branch,Drive Efficient Networks
T0003475,A00253,C0140,deposit,4076.44,2023-07-08,online,Morph Proactive Metrics
T0003476,A00253,C0140,transfer,3133.43,2023-06-21,atm,Synthesize User-Centric Channels
T0003477,A00253,C0140,withdrawal,264.46,01-04-2024,online,Strategize Killer Web Services
T0003478,A00253,C0140,deposit,8149.46,05-22-2022,atm,Grow Extensible Users
T0003479,A00253,C0140,deposit,2779.21,2023-07-20,mobile,Scale Seamless Supply-Chains
T0003480,A00253,C0140,TRANSFER,1584.94,01-12-2024,atm,Enhance Transparent Eyeballs
T0003481,A00253,C0140,deposit,9592.6,2024-11-16,branch,Revolutionize Turn-Key Synergies
T0003482,A00253,C0140,transfer,6777.01,06-07-2024,mobile,Re-Intermediate Scalable Convergence
T0003483,A00253,C0140,payment,591.76,2022-09-11,online,Benchmark 24/7 Partnerships
T0003484,A00253,C0140,withdrawal,2100.61,2023-05-10,atm,Re-Intermediate Innovative Deliverables
T0003485,A00253,C0140,withdrawal,2716.35,2022-06-30,mobile,Deploy Granular Solutions
T0003486,A00254,C0141,withdrawal,7749.65,2024-01-14,branch,Incentivize Virtual Roi
T0003487,A00254,C0141,payment,672.74,2024-03-16,branch,Utilize Rich Initiatives
T0003488,A00254,C0141,withdrawal,6257.83,2024-01-14,atm,Facilitate E-Business Platforms
T0003489,A00254,C0141,deposit,14871.87,2023-05-12,online,Strategize Integrated E-Markets
T0003490,A00254,C0141,transfer,2966.47,2024-08-23,online,Synergize Collaborative Channels
T0003491,A00254,C0141,withdrawal,2117.54,2024-11-19,mobile,Iterate Cross-Platform Roi
T0003492,A00254,C0141,withdrawal,4886.87,08-22-2024,mobile,Transform Extensible Convergence
T0003493,A00254,C0141,deposit,3962.52,2024-12-24,online,Reinvent User-Centric Portals
T0003494,A00254,C0141,withdrawal,4992.98,2023-08-14,online,Synthesize E-Business Roi
T0003495,A00254,C0141,PAYMENT,1801.01,2023-05-23,branch,Morph Wireless Solutions
T0003496,A00254,C0141,DEPOSIT,12503.72,2023-03-17,atm,Enhance Cross-Media Experiences
T0003497,A00254,C0141,deposit,11912.1,2024-09-14,online,Whiteboard Strategic Supply-Chains
T0003498,A00254,C0141,DEPOSIT,4648.33,2024-02-04,atm,Grow Mission-Critical Deliverables
T0003499,A00255,C0142,DEPOSIT,12422.61,2022-08-26,branch,Morph Vertical Metrics
T0003500,A00255,C0142,deposit,2643.97,09-15-2020,branch,Streamline Leading-Edge Methodologies
T0003501,A00255,C0142,withdrawal,5828.18,2024-09-09,online,Disintermediate Mission-Critical Communities
T0003502,A00255,C0142,payment,1347.51,06-10-2021,atm,Implement Value-Added Synergies
T0003503,A00255,C0142,DEPOSIT,9330.52,05-12-2020,branch,Harness Integrated Content
T0003504,A00255,C0142,payment,2409.12,01-06-2024,atm,Utilize Out-Of-The-Box Partnerships
T0003505,A00255,C0142,PAYMENT,,2024-06-03,atm,Reinvent Dynamic Functionalities
T0003506,A00255,C0142,withdrawal,4933.44,2021-02-06,online,Re-Intermediate Rich Roi
T0003507,A00255,C0142,transfer,3793.64,2024-01-04,online,Incubate Killer Convergence
T0003508,A00255,C0142,transfer,1070.44,2023-07-02,mobile,Transform B2C Metrics
T0003509,A00255,C0142,deposit,1990.15,02-22-2020,atm,Disintermediate Virtual Systems
T0003510,A00255,C0142,deposit,2095.9,2022-05-12,atm,Unleash Virtual Mindshare
T0003511,A00255,C0142,PAYMENT,2430.08,03-26-2023,mobile,Orchestrate Visionary Web-Readiness
T0003512,A00255,C0142,deposit,4900.6,2022-06-10,mobile,Re-Intermediate Robust Users
T0003513,A00255,C0142,transfer,4320.54,2024-07-19,atm,Matrix 24/7 Content
T0003514,A00255,C0142,PAYMENT,423.27,2021-10-12,atm,Re-Contextualize Distributed Platforms
T0003515,A00255,C0142,withdrawal,5931.6,2022-12-19,atm,Seize Viral Applications
T0003516,A00256,C0142,withdrawal,4714.8,07-19-2023,atm,Mesh Frictionless Platforms
T0003517,A00256,C0142,PAYMENT,,2024-06-20,atm,Synthesize Dynamic Metrics
T0003518,A00256,C0142,withdrawal,2450.24,2020-12-31,online,Orchestrate Cross-Platform Bandwidth
T0003519,A00256,C0142,payment,1290.04,2020-06-19,atm,Re-Contextualize Integrated Systems
T0003520,A00256,C0142,DEPOSIT,12772.65,02-23-2020,online,Embrace Innovative Supply-Chains
T0003521,A00256,C0142,deposit,4637.28,03-29-2020,branch,Incentivize Bricks-And-Clicks Eyeballs
T0003522,A00256,C0142,transfer,1872.07,2023-04-16,branch,Incentivize Holistic Solutions
T0003523,A00256,C0142,transfer,6610.02,2020-09-26,online,Generate Wireless Paradigms
T0003524,A00256,C0142,withdrawal,2552.67,2024-06-25,branch,Seize Leading-Edge Info-Mediaries
T0003525,A00256,C0142,withdrawal,3854.62,2020-01-13,branch,Exploit Mission-Critical Deliverables
T0003526,A00256,C0142,transfer,4453.26,07-22-2023,branch,Evolve World-Class Deliverables
T0003527,A00256,C0142,deposit,4583.77,2023-10-29,mobile,Maximize Impactful Users
T0003528,A00256,C0142,transfer,7960.9,2022-03-02,mobile,Visualize 24/365 Technologies
T0003529,A00256,C0142,withdrawal,6805.73,2020-10-23,branch,Harness Global Systems
T0003530,A00256,C0142,withdrawal,5105.83,05-17-2022,mobile,Engineer 24/365 Technologies
T0003531,A00256,C0142,payment,1933.01,01-14-2024,branch,Whiteboard Cutting-Edge Interfaces
T0003532,A00256,C0142,deposit,5526.1,2024-03-10,branch,Brand Enterprise Infrastructures
T0003533,A00256,C0142,deposit,14248.06,01-26-2022,online,Synthesize Proactive Models
T0003534,A00256,C0142,deposit,12212.83,2022-12-13,online,Transform World-Class Schemas
T0003535,A00256,C0142,deposit,12553.26,2024-02-19,branch,Syndicate Integrated Content
T0003536,A00256,C0142,transfer,7031.74,2021-02-14,online,Synthesize Front-End Methodologies
T0003537,A00256,C0142,withdrawal,758.98,07-08-2023,mobile,Scale Leading-Edge Deliverables
T0003538,A00256,C0142,deposit,1393.27,02-22-2024,branch,E-Enable Revolutionary Solutions
T0003539,A00256,C0142,deposit,2444.25,2022-05-01,mobile,Evolve Extensible Applications
T0003540,A00256,C0142,DEPOSIT,2517.63,2021-12-08,mobile,Extend Virtual Experiences
T0003541,A00257,C0142,transfer,5327.96,2022-10-15,branch,Harness Scalable Users
T0003542,A00257,C0142,deposit,5283.81,04-16-2024,mobile,Utilize Scalable Content
T0003543,A00257,C0142,deposit,14600.78,09-05-2021,atm,Synergize Dynamic Convergence
T0003544,A00257,C0142,deposit,2363.59,2022-08-04,online,Incubate Scalable Methodologies
T0003545,A00257,C0142,deposit,1399.0,2021-09-14,mobile,Cultivate User-Centric Mindshare
T0003546,A00257,C0142,payment,1665.86,2022-01-09,online,Mesh Virtual Mindshare
T0003547,A00257,C0142,deposit,13042.0,2022-01-29,mobile,Disintermediate Revolutionary E-Tailers
T0003548,A00257,C0142,transfer,1420.88,07-22-2020,mobile,Transform Ubiquitous Roi
T0003549,A00257,C0142,deposit,6671.33,2023-09-25,branch,Productize Magnetic Vortals
T0003550,A00257,C0142,transfer,7733.63,01-17-2023,online,Optimize Best-Of-Breed Models
T0003551,A00257,C0142,deposit,2370.12,2021-09-15,branch,Architect Value-Added Paradigms
T0003552,A00257,C0142,withdrawal,1386.12,01-13-2024,online,Re-Contextualize Enterprise E-Tailers
T0003553,A00257,C0142,withdrawal,2629.1,2023-12-27,online,Productize One-To-One Technologies
T0003554,A00257,C0142,withdrawal,4434.03,2023-06-21,branch,Implement Web-Enabled Web Services
T0003555,A00257,C0142,payment,982.06,2021-03-16,atm,Transition Open-Source Roi
T0003556,A00257,C0142,fee,40.52,10-26-2023,branch,Synergize Bleeding-Edge Relationships
T0003557,A00257,C0142,WITHDRAWAL,2478.33,2021-09-03,mobile,Redefine Wireless Paradigms
T0003558,A00257,C0142,withdrawal,5163.96,2020-07-25,mobile,Orchestrate B2B Metrics
T0003559,A00257,C0142,deposit,5926.57,02-08-2021,branch,Incentivize Back-End E-Commerce
T0003560,A00257,C0142,withdrawal,2103.08,2019-12-28,atm,Innovate Extensible E-Tailers
T0003561,A00258,C0143,transfer,949.5,07-28-2022,mobile,Matrix Real-Time E-Markets
T0003562,A00258,C0143,payment,2583.24,2022-06-27,mobile,Scale Value-Added E-Markets
T0003563,A00258,C0143,deposit,2656.24,2015-10-01,online,Transition Transparent Architectures
T0003564,A00258,C0143,deposit,3735.02,2017-07-14,mobile,Empower Dynamic Models
T0003565,A00258,C0143,withdrawal,3991.65,2024-03-27,online,Morph Value-Added Functionalities
T0003566,A00258,C0143,WITHDRAWAL,7165.15,2018-02-13,atm,Scale Impactful Paradigms
T0003567,A00258,C0143,withdrawal,4475.33,04-08-2017,branch,Scale Customized Channels
T0003568,A00258,C0143,deposit,12194.2,2017-03-08,online,Repurpose Magnetic Partnerships
T0003569,A00258,C0143,payment,1197.42,2017-03-24,online,Whiteboard One-To-One Initiatives
T0003570,A00258,C0143,deposit,612.97,2021-11-11,online,Leverage Holistic Partnerships
T0003571,A00258,C0143,TRANSFER,3921.78,2018-09-10,mobile,Reinvent World-Class Communities
T0003572,A00258,C0143,withdrawal,6911.71,07-14-2021,mobile,Extend Dot-Com Methodologies
T0003573,A00258,C0143,transfer,5552.69,2019-08-20,atm,Unleash Impactful Technologies
T0003574,A00258,C0143,withdrawal,1493.56,2023-03-15,mobile,Incubate Front-End Technologies
T0003575,A00258,C0143,payment,2768.42,05-26-2016,online,Iterate Back-End Platforms
T0003576,A00258,C0143,DEPOSIT,14670.95,12-25-2017,branch,Engineer 24/7 Interfaces
T0003577,A00258,C0143,transfer,6521.09,2020-01-25,atm,Transition 24/365 Infrastructures
T0003578,A00258,C0143,withdrawal,2788.16,2016-12-11,branch,Engage Rich Solutions
T0003579,A00258,C0143,payment,1715.84,01-27-2018,online,Enable Robust Info-Mediaries
T0003580,A00258,C0143,transfer,5150.44,12-22-2015,branch,Syndicate Sticky Initiatives
T0003581,A00258,C0143,PAYMENT,2826.06,2024-06-15,atm,Enhance Robust Architectures
T0003582,A00258,C0143,deposit,4576.72,03-01-2023,mobile,Reinvent Strategic Partnerships
T0003583,A00258,C0143,transfer,5884.68,2018-10-29,branch,Incentivize User-Centric E-Business
T0003584,A00259,C0143,payment,2735.85,08-30-2022,mobile,Disintermediate Visionary Eyeballs
T0003585,A00259,C0143,deposit,10317.26,2021-01-25,mobile,Grow Revolutionary Web Services
T0003586,A00259,C0143,transfer,939.06,2016-11-02,mobile,Re-Contextualize Dynamic E-Tailers
T0003587,A00259,C0143,transfer,5859.41,05-04-2016,online,Drive Turn-Key Paradigms
T0003588,A00259,C0143,DEPOSIT,13007.63,02-13-2018,mobile,Maximize Value-Added Eyeballs
T0003589,A00259,C0143,withdrawal,5288.26,05-24-2020,online,Facilitate Dot-Com Roi
T0003590,A00259,C0143,transfer,5973.25,2017-02-01,online,Seize Plug-And-Play Solutions
T0003591,A00259,C0143,DEPOSIT,6070.31,2017-02-04,branch,Productize Leading-Edge Interfaces
T0003592,A00259,C0143,DEPOSIT,9281.74,10-28-2017,online,Synergize B2C Technologies
T0003593,A00260,C0144,TRANSFER,5300.51,2016-04-17,mobile,Deliver Innovative E-Services
T0003594,A00260,C0144,DEPOSIT,9363.46,2017-07-22,branch,Reinvent Dynamic Supply-Chains
T0003595,A00260,C0144,DEPOSIT,2927.05,2015-03-08,mobile,Repurpose Visionary Web-Readiness
T0003596,A00260,C0144,deposit,250.47,2018-07-20,branch,Cultivate Visionary Partnerships
T0003597,A00261,C0144,PAYMENT,2435.67,2021-05-04,online,E-Enable Interactive Metrics
T0003598,A00261,C0144,transfer,2270.72,09-21-2015,online,Mesh Front-End Schemas
T0003599,A00261,C0144,DEPOSIT,11858.06,2015-01-21,mobile,Leverage B2B Schemas
T0003600,A00261,C0144,withdrawal,7376.99,2021-01-21,online,Harness Leading-Edge Initiatives
T0003601,A00261,C0144,transfer,7856.23,2020-07-05,branch,Innovate Innovative E-Markets
T0003602,A00261,C0144,deposit,1975.67,2020-09-24,branch,Mesh Vertical E-Business
T0003603,A00261,C0144,payment,2983.76,2021-11-25,atm,Drive Frictionless Vortals
T0003604,A00261,C0144,withdrawal,6331.99,02-19-2022,online,Disintermediate Robust Eyeballs
T0003605,A00261,C0144,payment,2149.86,2023-01-28,atm,Productize Sticky Methodologies
T0003606,A00261,C0144,transfer,4676.0,06-26-2015,online,Enhance Clicks-And-Mortar Architectures
T0003607,A00261,C0144,deposit,14534.84,2022-10-01,online,Implement Leading-Edge Architectures
T0003608,A00261,C0144,deposit,6386.74,2015-08-21,atm,Revolutionize 24/7 E-Services
T0003609,A00261,C0144,withdrawal,2946.19,2020-03-17,atm,Engineer Robust Networks
T0003610,A00261,C0144,payment,643.92,08-06-2022,online,Incubate Intuitive Web-Readiness
T0003611,A00261,C0144,payment,2665.43,2016-12-14,branch,Visualize Collaborative Networks
T0003612,A00261,C0144,deposit,7253.69,2014-05-02,online,Visualize Integrated Technologies
T0003613,A00261,C0144,deposit,9233.05,2018-10-13,mobile,Innovate Integrated Systems
T0003614,A00261,C0144,withdrawal,2237.89,2016-08-19,branch,Redefine Web-Enabled Methodologies
T0003615,A00261,C0144,transfer,3556.05,2020-10-05,online,Synthesize Dot-Com Convergence
T0003616,A00261,C0144,withdrawal,4734.69,2018-11-18,mobile,Whiteboard Ubiquitous Info-Mediaries
T0003617,A00261,C0144,deposit,12907.16,2016-08-08,online,Redefine B2C Bandwidth
T0003618,A00261,C0144,withdrawal,7624.26,11-19-2017,branch,Incubate Bricks-And-Clicks E-Services
T0003619,A00262,C0144,transfer,6934.31,2017-02-27,online,Orchestrate Front-End Functionalities
T0003620,A00262,C0144,deposit,302.06,06-21-2017,atm,Drive Virtual Architectures
T0003621,A00262,C0144,payment,2870.2,11-08-2024,mobile,Morph Granular Relationships
T0003622,A00262,C0144,withdrawal,6298.98,10-21-2018,online,Extend Vertical E-Commerce
T0003623,A00262,C0144,WITHDRAWAL,5423.01,2018-10-31,atm,Exploit Seamless Eyeballs
T0003624,A00262,C0144,deposit,12660.4,2018-11-04,branch,Integrate Ubiquitous E-Markets
T0003625,A00262,C0144,withdrawal,869.27,2017-06-28,atm,Unleash Bleeding-Edge Interfaces
T0003626,A00262,C0144,withdrawal,902.27,11-07-2019,online,Enable Synergistic E-Tailers
T0003627,A00263,C0145,deposit,3147.93,2024-09-23,mobile,Strategize Next-Generation E-Markets
T0003628,A00263,C0145,deposit,6767.42,11-03-2024,atm,Target Customized Systems
T0003629,A00263,C0145,WITHDRAWAL,3401.97,2023-07-17,online,Synergize Plug-And-Play Relationships
T0003630,A00263,C0145,deposit,1506.55,10-24-2024,atm,Facilitate World-Class Web Services
T0003631,A00263,C0145,DEPOSIT,8911.57,2024-07-17,online,Strategize Global Deliverables
T0003632,A00263,C0145,TRANSFER,3718.37,2024-03-31,branch,Architect Interactive E-Tailers
T0003633,A00263,C0145,deposit,6821.8,09-17-2024,branch,Unleash Dynamic Networks
T0003634,A00263,C0145,withdrawal,1848.93,2023-06-10,online,Aggregate Bricks-And-Clicks Bandwidth
T0003635,A00263,C0145,payment,870.3,06-03-2023,atm,Engage Transparent Relationships
T0003636,A00263,C0145,WITHDRAWAL,6412.19,2024-08-31,branch,Visualize Extensible E-Tailers
T0003637,A00263,C0145,TRANSFER,217.83,08-10-2023,mobile,Strategize B2B Info-Mediaries
T0003638,A00264,C0146,withdrawal,4234.42,2021-12-02,atm,Transform Customized Content
T0003639,A00264,C0146,withdrawal,3447.29,2022-06-21,atm,Productize Transparent Markets
T0003640,A00264,C0146,deposit,1851.42,09-30-2022,online,Aggregate Killer Supply-Chains
T0003641,A00264,C0146,deposit,10082.21,11-01-2021,branch,Engage Granular Web Services
T0003642,A00264,C0146,withdrawal,6584.23,05-15-2023,mobile,Synergize User-Centric Roi
T0003643,A00264,C0146,payment,2670.01,05-22-2021,mobile,Grow Proactive E-Tailers
T0003644,A00264,C0146,deposit,5330.84,2024-07-30,online,Synergize Virtual Niches
T0003645,A00264,C0146,deposit,2116.42,2022-11-27,mobile,Extend B2C Experiences
T0003646,A00264,C0146,deposit,14698.35,01-26-2020,mobile,Strategize 24/365 Eyeballs
T0003647,A00264,C0146,withdrawal,2498.6,2022-04-16,atm,Deploy Turn-Key Bandwidth
T0003648,A00264,C0146,transfer,6045.67,2023-06-24,online,Incentivize End-To-End Models
T0003649,A00264,C0146,WITHDRAWAL,3895.52,2020-03-31,mobile,Harness Robust Methodologies
T0003650,A00264,C0146,payment,121.68,2020-08-29,atm,Transform Innovative Infrastructures
T0003651,A00265,C0146,payment,1693.13,2020-02-26,atm,Utilize Value-Added Markets
T0003652,A00265,C0146,WITHDRAWAL,5348.32,2019-06-05,online,Facilitate E-Business Vortals
T0003653,A00265,C0146,PAYMENT,136.47,2022-12-11,online,Re-Contextualize Synergistic Solutions
T0003654,A00265,C0146,TRANSFER,4791.51,09-24-2022,mobile,Extend B2C E-Tailers
T0003655,A00265,C0146,payment,1592.27,2023-10-27,mobile,Monetize Innovative Relationships
T0003656,A00265,C0146,transfer,1605.34,2021-11-25,mobile,Re-Intermediate Turn-Key Applications
T0003657,A00265,C0146,PAYMENT,1152.84,2020-09-27,atm,Productize Customized Info-Mediaries
T0003658,A00265,C0146,withdrawal,3068.39,2020-07-15,online,Facilitate Virtual Technologies
T0003659,A00265,C0146,DEPOSIT,4335.49,2021-01-21,online,Monetize Mission-Critical Schemas
T0003660,A00265,C0146,withdrawal,2144.07,10-30-2024,branch,Leverage B2C Communities
T0003661,A00265,C0146,transfer,3506.41,2021-05-06,branch,Deploy 24/7 Users
T0003662,A00265,C0146,TRANSFER,7297.52,2022-08-20,mobile,Redefine Transparent Communities
T0003663,A00265,C0146,deposit,12347.06,07-23-2019,atm,Engage Collaborative Niches
T0003664,A00265,C0146,payment,2545.88,2021-03-30,branch,Scale Interactive Initiatives
T0003665,A00265,C0146,deposit,812.16,2019-09-08,mobile,Repurpose B2B Systems
T0003666,A00266,C0147,deposit,1380.89,2024-10-14,online,Transform Revolutionary Channels
T0003667,A00266,C0147,deposit,9997.1,2024-10-07,online,Matrix Enterprise Info-Mediaries
T0003668,A00266,C0147,PAYMENT,1887.03,2023-08-03,online,Synergize Compelling Communities
T0003669,A00266,C0147,PAYMENT,2810.17,10-25-2024,online,Revolutionize Vertical Applications
T0003670,A00266,C0147,withdrawal,5620.5,2021-05-15,mobile,Scale Bricks-And-Clicks Systems
T0003671,A00266,C0147,PAYMENT,,2020-11-15,mobile,Benchmark Viral Systems
T0003672,A00266,C0147,transfer,4309.26,2020-03-05,atm,Productize Vertical Models
T0003673,A00266,C0147,withdrawal,6526.24,2023-10-05,online,Repurpose Cross-Media Supply-Chains
T0003674,A00266,C0147,payment,,2023-02-12,atm,Evolve Out-Of-The-Box Partnerships
T0003675,A00266,C0147,deposit,11379.6,2023-01-19,mobile,Reinvent Global E-Business
T0003676,A00266,C0147,PAYMENT,1570.62,12-26-2024,branch,Monetize Impactful Eyeballs
T0003677,A00266,C0147,fee,48.76,2023-04-03,atm,Embrace 24/365 Functionalities
T0003678,A00266,C0147,PAYMENT,1621.91,2022-07-04,online,Harness Distributed Infrastructures
T0003679,A00266,C0147,deposit,8124.42,08-08-2024,mobile,Seize Rich Web-Readiness
T0003680,A00266,C0147,withdrawal,5339.34,2022-09-17,branch,Re-Intermediate Next-Generation Communities
T0003681,A00266,C0147,deposit,8473.26,2024-10-09,atm,Disintermediate Dot-Com Solutions
T0003682,A00266,C0147,withdrawal,6121.58,05-23-2023,online,Deliver Efficient Deliverables
T0003683,A00266,C0147,withdrawal,4007.48,2020-12-08,atm,Productize Proactive Models
T0003684,A00266,C0147,deposit,10072.66,2024-06-27,branch,Harness Frictionless Markets
T0003685,A00266,C0147,transfer,3148.99,2022-08-25,mobile,Visualize Web-Enabled Content
T0003686,A00266,C0147,transfer,2151.73,2023-10-12,atm,Morph Customized E-Commerce
T0003687,A00266,C0147,transfer,2084.04,2021-05-03,online,Facilitate Revolutionary Niches
T0003688,A00266,C0147,TRANSFER,917.69,2024-06-25,mobile,Extend Ubiquitous Web Services
T0003689,A00266,C0147,WITHDRAWAL,4423.75,2020-04-19,branch,Evolve Open-Source Schemas
T0003690,A00266,C0147,WITHDRAWAL,5400.06,2021-01-16,branch,Integrate End-To-End E-Business
T0003691,A00267,C0147,WITHDRAWAL,873.93,2024-01-02,mobile,Implement Vertical Content
T0003692,A00267,C0147,payment,2416.39,03-17-2023,mobile,Synergize 24/365 Info-Mediaries
T0003693,A00267,C0147,deposit,725.26,12-20-2020,mobile,Synergize Integrated Paradigms
T0003694,A00267,C0147,transfer,6683.99,11-20-2023,mobile,Scale Real-Time Architectures
T0003695,A00267,C0147,withdrawal,5768.43,2022-02-06,mobile,Facilitate Bricks-And-Clicks Mindshare
T0003696,A00267,C0147,DEPOSIT,7699.92,2020-02-04,branch,Iterate Cutting-Edge E-Markets
T0003697,A00267,C0147,withdrawal,1240.54,04-24-2020,atm,Unleash Cross-Platform Channels
T0003698,A00267,C0147,withdrawal,1295.26,07-10-2020,atm,Seize Back-End Schemas
T0003699,A00267,C0147,transfer,6607.65,03-15-2023,mobile,Aggregate Holistic Technologies
T0003700,A00267,C0147,WITHDRAWAL,1017.96,2021-06-29,branch,Empower Strategic Systems
T0003701,A00267,C0147,withdrawal,4270.97,2021-06-10,branch,Redefine Strategic Web Services
T0003702,A00267,C0147,deposit,6566.83,2023-05-24,atm,Redefine Turn-Key Mindshare
T0003703,A00267,C0147,withdrawal,7924.95,2022-03-02,mobile,Productize One-To-One Web-Readiness
T0003704,A00267,C0147,withdrawal,3410.82,04-29-2023,online,Exploit End-To-End Platforms
T0003705,A00267,C0147,DEPOSIT,3256.05,2020-06-13,online,Incentivize Intuitive Roi
T0003706,A00267,C0147,payment,2982.72,2023-03-29,branch,Disintermediate Innovative Eyeballs
T0003707,A00267,C0147,TRANSFER,7897.34,2021-12-15,branch,Maximize Web-Enabled Infrastructures
T0003708,A00267,C0147,payment,2147.06,2024-07-20,online,Cultivate Intuitive Synergies
T0003709,A00268,C0148,withdrawal,3272.91,2016-04-29,online,Drive Value-Added Supply-Chains
T0003710,A00268,C0148,deposit,3766.95,2019-03-17,atm,Cultivate Intuitive Eyeballs
T0003711,A00268,C0148,withdrawal,773.28,2018-09-30,atm,Benchmark Ubiquitous Functionalities
T0003712,A00268,C0148,payment,1087.35,2012-01-13,atm,Cultivate Open-Source Web Services
T0003713,A00268,C0148,withdrawal,2112.22,04-26-2018,online,Transform 24/7 Markets
T0003714,A00268,C0148,WITHDRAWAL,271.9,2021-02-28,branch,Unleash Global Solutions
T0003715,A00268,C0148,deposit,11826.08,01-10-2018,mobile,Redefine Strategic Roi
T0003716,A00268,C0148,payment,1415.44,2020-07-23,mobile,Evolve E-Business Synergies
T0003717,A00268,C0148,TRANSFER,1031.68,2013-01-03,atm,Brand Bleeding-Edge E-Tailers
T0003718,A00268,C0148,WITHDRAWAL,6029.01,2024-11-16,online,Streamline Strategic Architectures
T0003719,A00268,C0148,WITHDRAWAL,,10-21-2023,online,Harness Dynamic Info-Mediaries
T0003720,A00268,C0148,withdrawal,4418.2,2020-07-12,online,Transition 24/365 Models
T0003721,A00268,C0148,deposit,4099.51,2017-08-19,online,Expedite Viral Info-Mediaries
T0003722,A00268,C0148,PAYMENT,1871.42,08-15-2016,mobile,Envisioneer Leading-Edge Systems
T0003723,A00268,C0148,payment,1642.29,2019-12-27,branch,Reinvent Clicks-And-Mortar Infrastructures
T0003724,A00269,C0149,TRANSFER,4405.43,2022-06-03,atm,Reinvent 24/365 Portals
T0003725,A00269,C0149,withdrawal,2512.56,2024-11-28,online,Orchestrate Dynamic Initiatives
T0003726,A00269,C0149,withdrawal,2104.53,2020-11-19,atm,Scale Intuitive Solutions
T0003727,A00269,C0149,deposit,9224.77,2014-08-25,branch,Reinvent World-Class E-Services
T0003728,A00269,C0149,PAYMENT,2345.33,2014-11-09,atm,Leverage Impactful Functionalities
T0003729,A00269,C0149,transfer,3064.29,2019-01-26,online,E-Enable Distributed Metrics
T0003730,A00270,C0149,deposit,1225.16,03-05-2015,online,Deploy Front-End E-Tailers
T0003731,A00270,C0149,PAYMENT,1618.07,2017-09-22,mobile,Brand Dot-Com Convergence
T0003732,A00270,C0149,withdrawal,2003.45,2017-04-11,branch,Extend Web-Enabled Deliverables
T0003733,A00270,C0149,WITHDRAWAL,2094.04,2014-11-16,atm,Implement Dot-Com Technologies
T0003734,A00270,C0149,withdrawal,81.27,2013-11-19,online,Engineer Granular Partnerships
T0003735,A00270,C0149,payment,903.15,05-21-2019,atm,Streamline Innovative Models
T0003736,A00270,C0149,deposit,13811.6,2016-08-23,mobile,Seize Leading-Edge E-Business
T0003737,A00270,C0149,payment,2224.27,2018-10-11,mobile,Engineer User-Centric Infrastructures
T0003738,A00270,C0149,withdrawal,419.02,2022-04-22,mobile,Innovate Customized Synergies
T0003739,A00270,C0149,deposit,12311.86,2018-07-06,atm,Extend E-Business Vortals
T0003740,A00270,C0149,withdrawal,2926.22,2019-09-10,mobile,Benchmark Bricks-And-Clicks Methodologies
T0003741,A00270,C0149,withdrawal,252.89,04-03-2020,mobile,Expedite Innovative Networks
T0003742,A00270,C0149,transfer,7718.77,2019-07-21,branch,Morph Turn-Key Systems
T0003743,A00270,C0149,payment,96.39,2023-12-28,branch,Seize Compelling Relationships
T0003744,A00270,C0149,payment,1114.89,01-26-2018,mobile,Synthesize Seamless Models
T0003745,A00270,C0149,payment,2564.32,2021-03-08,branch,Harness Dynamic E-Services
T0003746,A00270,C0149,WITHDRAWAL,2327.74,2022-01-09,online,Benchmark Frictionless Paradigms
T0003747,A00270,C0149,transfer,4837.13,2021-07-11,atm,Scale Synergistic E-Markets
T0003748,A00270,C0149,payment,37.38,2017-10-07,mobile,Target Plug-And-Play Vortals
T0003749,A00271,C0150,deposit,2664.87,2024-08-29,atm,Re-Contextualize Wireless Bandwidth
T0003750,A00271,C0150,fee,40.92,2020-11-16,mobile,Cultivate Plug-And-Play Systems
T0003751,A00271,C0150,withdrawal,5260.02,2024-10-21,atm,Orchestrate B2B Architectures
T0003752,A00271,C0150,deposit,4774.28,02-10-2022,online,Deploy Proactive Channels
T0003753,A00271,C0150,deposit,1232.02,2022-01-19,atm,Generate Turn-Key Architectures
T0003754,A00271,C0150,fee,9.15,2023-11-03,atm,Cultivate B2C Interfaces
T0003755,A00271,C0150,PAYMENT,1921.86,2022-11-08,online,Disintermediate Value-Added E-Commerce
T0003756,A00271,C0150,TRANSFER,7835.84,2019-11-24,online,Generate Virtual Eyeballs
T0003757,A00271,C0150,withdrawal,4139.84,06-20-2020,mobile,Benchmark Viral E-Tailers
T0003758,A00271,C0150,transfer,7933.26,2022-07-24,branch,Transform Vertical Interfaces
T0003759,A00271,C0150,payment,526.94,12-17-2020,atm,Syndicate B2C Niches
T0003760,A00271,C0150,PAYMENT,2692.82,2022-05-09,atm,Facilitate 24/365 Web-Readiness
T0003761,A00271,C0150,deposit,10788.26,2022-05-13,atm,Synthesize Impactful Communities
T0003762,A00272,C0150,DEPOSIT,10970.18,2024-02-15,branch,Monetize Efficient E-Services
T0003763,A00272,C0150,deposit,3805.87,12-17-2019,mobile,Aggregate Holistic Metrics
T0003764,A00272,C0150,deposit,5218.5,2023-03-13,mobile,Drive Rich E-Commerce
T0003765,A00272,C0150,withdrawal,2815.83,11-24-2019,branch,Brand Granular Models
T0003766,A00272,C0150,fee,47.66,2023-06-29,branch,Repurpose Leading-Edge Convergence
T0003767,A00272,C0150,deposit,10092.65,2022-10-31,branch,Transform Innovative Vortals
T0003768,A00272,C0150,payment,,12-30-2022,atm,Unleash Compelling Metrics
T0003769,A00272,C0150,DEPOSIT,14171.36,2019-11-21,atm,Envisioneer B2B Action-Items
T0003770,A00272,C0150,transfer,2295.95,2022-10-14,mobile,Mesh Rich E-Tailers
T0003771,A00272,C0150,transfer,6961.57,2023-02-26,online,Deploy Holistic Synergies
T0003772,A00272,C0150,deposit,2943.56,2020-08-10,mobile,Monetize Granular Supply-Chains
T0003773,A00272,C0150,TRANSFER,4925.92,07-24-2022,mobile,Whiteboard Extensible Methodologies
T0003774,A00272,C0150,withdrawal,7211.34,2020-04-23,mobile,Re-Intermediate Cutting-Edge E-Business
T0003775,A00273,C0150,transfer,5167.62,2022-01-28,branch,Embrace End-To-End Deliverables
T0003776,A00273,C0150,DEPOSIT,2914.84,11-03-2024,mobile,Envisioneer Cross-Platform Relationships
T0003777,A00274,C0151,payment,1067.35,2012-11-01,online,Exploit End-To-End Relationships
T0003778,A00274,C0151,deposit,12709.58,2023-05-19,mobile,Maximize Collaborative Partnerships
T0003779,A00274,C0151,payment,772.24,2016-09-27,branch,Utilize Customized Relationships
T0003780,A00274,C0151,withdrawal,7954.75,2011-12-12,branch,Deploy Interactive E-Tailers
T0003781,A00274,C0151,TRANSFER,4034.27,2018-06-29,branch,Harness Bleeding-Edge Vortals
T0003782,A00274,C0151,transfer,1850.91,2017-03-09,branch,Whiteboard Collaborative Niches
T0003783,A00274,C0151,deposit,12874.69,2018-01-21,online,Engage Cross-Platform Networks
T0003784,A00274,C0151,deposit,13095.18,2022-09-30,mobile,Generate Open-Source Solutions
T0003785,A00274,C0151,withdrawal,4123.22,2021-11-02,online,Productize End-To-End Vortals
T0003786,A00274,C0151,withdrawal,1394.55,09-25-2020,atm,Generate Bleeding-Edge Applications
T0003787,A00274,C0151,payment,2866.98,11-27-2016,atm,Re-Intermediate Web-Enabled Action-Items
T0003788,A00274,C0151,withdrawal,6610.3,2017-01-28,branch,Synthesize Collaborative Web-Readiness
T0003789,A00274,C0151,payment,2068.42,2023-03-16,mobile,Harness Mission-Critical Architectures
T0003790,A00275,C0152,withdrawal,6278.54,2022-12-28,online,Engineer B2B E-Business
T0003791,A00275,C0152,transfer,5214.27,11-09-2021,atm,Harness Strategic Deliverables
T0003792,A00275,C0152,transfer,1004.2,2023-02-14,mobile,Synthesize Plug-And-Play Metrics
T0003793,A00275,C0152,withdrawal,2058.55,2024-08-02,mobile,Productize Real-Time Partnerships
T0003794,A00275,C0152,withdrawal,,12-15-2024,branch,Grow Integrated Solutions
T0003795,A00276,C0153,fee,19.15,2023-10-01,branch,Generate Efficient Eyeballs
T0003796,A00276,C0153,deposit,12604.2,2024-03-26,branch,Disintermediate Leading-Edge Info-Mediaries
T0003797,A00276,C0153,withdrawal,310.7,2023-08-08,online,Incentivize Magnetic Functionalities
T0003798,A00276,C0153,fee,29.32,2024-12-07,mobile,Implement World-Class Convergence
T0003799,A00276,C0153,deposit,4053.6,2024-11-18,branch,Transition Compelling Schemas
T0003800,A00276,C0153,transfer,4747.3,06-14-2024,branch,Orchestrate Real-Time Vortals
T0003801,A00276,C0153,deposit,8541.8,2024-05-08,online,Synthesize Turn-Key Metrics
T0003802,A00276,C0153,FEE,49.34,2023-04-25,mobile,Matrix 24/365 Experiences
T0003803,A00276,C0153,withdrawal,6538.95,2022-12-22,branch,Aggregate 24/7 Technologies
T0003804,A00277,C0153,payment,2773.22,2024-05-02,branch,Drive Leading-Edge Solutions
T0003805,A00277,C0153,deposit,719.49,2023-05-10,online,Mesh Front-End Action-Items
T0003806,A00277,C0153,deposit,2677.15,2022-12-05,online,Generate Enterprise E-Commerce
T0003807,A00277,C0153,deposit,7854.22,12-06-2022,mobile,Scale Value-Added Content
T0003808,A00277,C0153,withdrawal,381.57,2024-02-07,online,Morph Best-Of-Breed Eyeballs
T0003809,A00277,C0153,PAYMENT,1794.63,04-23-2024,mobile,Envisioneer Proactive Web-Readiness
T0003810,A00277,C0153,withdrawal,109.41,11-21-2024,online,Visualize Next-Generation Infrastructures
T0003811,A00277,C0153,deposit,5786.55,2023-09-18,online,Disintermediate Plug-And-Play Eyeballs
T0003812,A00277,C0153,deposit,10881.36,2023-09-11,atm,Grow Enterprise Schemas
T0003813,A00277,C0153,transfer,5136.4,10-12-2023,online,Leverage Visionary Vortals
T0003814,A00277,C0153,withdrawal,397.97,2024-07-15,mobile,Transform Efficient Bandwidth
T0003815,A00277,C0153,withdrawal,6013.58,2023-08-29,branch,Empower 24/365 Metrics
T0003816,A00277,C0153,withdrawal,3281.17,06-07-2023,atm,Target Front-End Communities
T0003817,A00278,C0154,DEPOSIT,3018.41,08-27-2015,online,Benchmark End-To-End Vortals
T0003818,A00278,C0154,PAYMENT,1218.79,09-18-2023,branch,Utilize 24/7 Markets
T0003819,A00278,C0154,withdrawal,6528.33,2013-07-16,atm,Cultivate World-Class Schemas
T0003820,A00278,C0154,withdrawal,614.77,2021-12-19,online,Syndicate Out-Of-The-Box Eyeballs
T0003821,A00278,C0154,WITHDRAWAL,7780.1,2014-06-30,mobile,Harness Enterprise Schemas
T0003822,A00278,C0154,deposit,1153.69,2022-12-05,mobile,Utilize User-Centric Experiences
T0003823,A00279,C0154,payment,2129.79,2019-06-03,branch,Harness Impactful Roi
T0003824,A00279,C0154,deposit,6732.96,2019-01-15,atm,Harness Robust Experiences
T0003825,A00279,C0154,withdrawal,6547.2,12-19-2014,atm,Envisioneer World-Class Networks
T0003826,A00279,C0154,DEPOSIT,9246.87,03-29-2023,atm,Engineer Revolutionary Mindshare
T0003827,A00279,C0154,withdrawal,4394.91,2017-01-28,atm,Streamline End-To-End Models
T0003828,A00279,C0154,withdrawal,5810.41,2015-11-14,mobile,Optimize Innovative Channels
T0003829,A00279,C0154,withdrawal,3683.72,2016-04-14,online,Orchestrate Sticky Deliverables
T0003830,A00279,C0154,deposit,6530.06,2024-07-21,online,Leverage Web-Enabled Infrastructures
T0003831,A00279,C0154,WITHDRAWAL,5463.38,2023-04-23,mobile,Engineer Bricks-And-Clicks Convergence
T0003832,A00279,C0154,withdrawal,2980.55,05-05-2014,mobile,Facilitate Strategic E-Markets
T0003833,A00279,C0154,withdrawal,6754.27,2016-10-05,mobile,Facilitate Innovative Models
T0003834,A00279,C0154,deposit,8940.79,2021-03-02,branch,Strategize Leading-Edge Deliverables
T0003835,A00279,C0154,payment,,2013-03-18,atm,Deploy Impactful Eyeballs
T0003836,A00279,C0154,payment,1896.87,2022-11-27,branch,Engage E-Business E-Tailers
T0003837,A00279,C0154,DEPOSIT,14667.78,2021-03-28,online,Grow Granular Initiatives
T0003838,A00279,C0154,payment,2822.83,12-23-2020,mobile,Engineer Back-End E-Services
T0003839,A00279,C0154,withdrawal,2528.55,2020-10-24,online,Incentivize Leading-Edge Experiences
T0003840,A00279,C0154,withdrawal,2340.48,2023-01-15,online,Innovate Proactive Markets
T0003841,A00279,C0154,withdrawal,3093.07,10-22-2015,branch,Visualize Magnetic Info-Mediaries
T0003842,A00280,C0155,withdrawal,6381.93,04-08-2022,branch,Integrate Revolutionary E-Services
T0003843,A00281,C0155,transfer,4745.92,2021-12-17,branch,Engineer Bleeding-Edge Eyeballs
T0003844,A00281,C0155,deposit,2482.65,2023-11-21,mobile,Cultivate Global Mindshare
T0003845,A00281,C0155,WITHDRAWAL,614.1,2023-04-27,online,Harness World-Class Architectures
T0003846,A00282,C0156,TRANSFER,2145.88,04-19-2024,branch,Engineer Impactful Web-Readiness
T0003847,A00282,C0156,payment,1046.37,2017-05-24,atm,Deliver Distributed Models
T0003848,A00282,C0156,withdrawal,6683.37,2020-05-24,atm,Utilize Next-Generation Schemas
T0003849,A00282,C0156,transfer,1028.82,2021-02-03,branch,Optimize Revolutionary Solutions
T0003850,A00282,C0156,payment,1107.83,08-18-2017,online,Benchmark Robust E-Tailers
T0003851,A00282,C0156,withdrawal,7506.01,2024-03-06,online,Enhance Holistic Synergies
T0003852,A00282,C0156,TRANSFER,1772.07,2016-12-03,atm,Seize Strategic Applications
T0003853,A00282,C0156,deposit,839.98,10-23-2020,branch,Matrix Out-Of-The-Box Mindshare
T0003854,A00282,C0156,payment,842.55,2018-08-01,mobile,Productize Frictionless Interfaces
T0003855,A00282,C0156,withdrawal,7357.95,2018-03-16,atm,Architect B2C Users
T0003856,A00282,C0156,PAYMENT,847.2,2024-04-19,online,Implement Front-End Niches
T0003857,A00282,C0156,withdrawal,5222.56,2017-03-18,branch,Engage Out-Of-The-Box Mindshare
T0003858,A00282,C0156,transfer,5742.27,2018-01-07,branch,Synergize Granular Solutions
T0003859,A00282,C0156,deposit,6324.3,03-23-2017,mobile,Engineer Dot-Com Supply-Chains
T0003860,A00282,C0156,payment,2386.58,2022-04-18,atm,Aggregate World-Class Portals
T0003861,A00282,C0156,WITHDRAWAL,490.16,2016-04-13,atm,Strategize 24/7 Experiences
T0003862,A00283,C0156,transfer,7591.36,2022-12-25,online,Envisioneer Customized Web-Readiness
T0003863,A00283,C0156,WITHDRAWAL,7798.3,2017-02-02,branch,Grow Wireless E-Tailers
T0003864,A00283,C0156,payment,336.53,2020-12-27,online,Reinvent One-To-One Paradigms
T0003865,A00283,C0156,deposit,1259.02,2019-04-28,online,Synergize Sticky E-Tailers
T0003866,A00283,C0156,withdrawal,7577.09,2024-02-17,mobile,Aggregate Seamless Methodologies
T0003867,A00283,C0156,payment,417.13,05-21-2016,online,Architect Seamless Relationships
T0003868,A00283,C0156,withdrawal,6481.1,2016-02-27,atm,Target Scalable Experiences
T0003869,A00283,C0156,DEPOSIT,14356.87,2023-06-03,atm,Whiteboard Bleeding-Edge Networks
T0003870,A00283,C0156,payment,1964.4,2023-08-24,atm,Matrix Dot-Com E-Tailers
T0003871,A00283,C0156,transfer,5599.03,2022-02-02,branch,Deliver Proactive Content
T0003872,A00283,C0156,TRANSFER,6383.64,11-17-2024,mobile,Implement Killer Roi
T0003873,A00283,C0156,transfer,4593.21,2020-06-03,mobile,Cultivate Open-Source E-Tailers
T0003874,A00283,C0156,deposit,3893.51,2019-08-27,mobile,Synthesize Integrated Vortals
T0003875,A00283,C0156,DEPOSIT,12553.17,2024-05-18,online,Target Impactful Metrics
T0003876,A00283,C0156,payment,1548.86,2022-10-16,branch,Engineer Frictionless Models
T0003877,A00283,C0156,deposit,4697.28,2021-02-08,online,Syndicate Front-End Web Services
T0003878,A00283,C0156,PAYMENT,2178.81,2018-03-07,online,Iterate Interactive Partnerships
T0003879,A00283,C0156,deposit,728.79,2016-03-09,atm,Re-Intermediate Sticky Synergies
T0003880,A00283,C0156,withdrawal,4893.98,06-23-2024,branch,Iterate Proactive E-Business
T0003881,A00283,C0156,deposit,7050.67,2023-06-20,atm,Streamline Value-Added Niches
T0003882,A00283,C0156,fee,40.27,2018-03-07,atm,Re-Contextualize Clicks-And-Mortar Content
T0003883,A00283,C0156,deposit,11470.92,09-12-2020,branch,Grow Enterprise Networks
T0003884,A00283,C0156,PAYMENT,462.64,2019-07-28,online,Leverage Mission-Critical Markets
T0003885,A00283,C0156,payment,2937.25,2020-05-03,mobile,Disintermediate Killer Experiences
T0003886,A00283,C0156,TRANSFER,3593.48,2016-03-23,branch,Aggregate Cutting-Edge Relationships
T0003887,A00284,C0157,payment,2793.54,01-23-2024,branch,Optimize Efficient E-Markets
T0003888,A00284,C0157,withdrawal,1431.48,2024-06-23,branch,Visualize Vertical Content
T0003889,A00284,C0157,payment,2395.4,2024-03-30,atm,Revolutionize Robust Initiatives
T0003890,A00284,C0157,payment,1625.17,04-11-2024,atm,Monetize B2B Portals
T0003891,A00284,C0157,deposit,12253.75,2024-03-06,atm,Target Best-Of-Breed Initiatives
T0003892,A00284,C0157,deposit,5433.59,2024-09-11,atm,Redefine Proactive Info-Mediaries
T0003893,A00285,C0158,withdrawal,3188.59,06-13-2019,branch,Reinvent Value-Added Initiatives
T0003894,A00285,C0158,DEPOSIT,12378.55,2024-11-18,online,Evolve Web-Enabled Bandwidth
T0003895,A00285,C0158,payment,2707.92,08-13-2024,atm,Cultivate Real-Time Niches
T0003896,A00285,C0158,deposit,9452.71,2019-10-02,atm,Utilize Compelling Partnerships
T0003897,A00285,C0158,transfer,4808.71,11-10-2018,branch,Drive B2C E-Tailers
T0003898,A00285,C0158,fee,49.86,09-02-2019,mobile,Optimize Impactful Methodologies
T0003899,A00285,C0158,payment,293.32,2024-03-29,online,Synergize Proactive Paradigms
T0003900,A00285,C0158,withdrawal,2373.56,2020-02-23,mobile,Synthesize User-Centric Bandwidth
T0003901,A00285,C0158,deposit,10555.32,11-30-2022,branch,Deploy Virtual Synergies
T0003902,A00285,C0158,withdrawal,4975.44,2018-10-26,branch,Maximize Revolutionary Web Services
T0003903,A00285,C0158,payment,2797.18,2022-01-31,online,Optimize Efficient Technologies
T0003904,A00285,C0158,fee,45.18,2020-07-15,branch,Drive Compelling Solutions
T0003905,A00285,C0158,WITHDRAWAL,,2020-08-05,atm,Exploit Real-Time Web-Readiness
T0003906,A00285,C0158,deposit,12905.98,2019-03-21,online,Repurpose Real-Time Solutions
T0003907,A00285,C0158,WITHDRAWAL,2711.34,2019-06-09,branch,Incentivize Customized Synergies
T0003908,A00285,C0158,FEE,34.46,2022-06-11,atm,Visualize Revolutionary Networks
T0003909,A00285,C0158,transfer,4948.73,2023-06-27,online,E-Enable User-Centric Schemas
T0003910,A00285,C0158,deposit,14340.13,06-19-2023,mobile,Scale Holistic E-Services
T0003911,A00285,C0158,TRANSFER,5639.39,2019-09-03,branch,Unleash Scalable Technologies
T0003912,A00286,C0158,withdrawal,7447.39,2024-04-26,atm,Disintermediate E-Business Metrics
T0003913,A00286,C0158,deposit,3497.46,2024-11-13,online,Disintermediate Ubiquitous Info-Mediaries
T0003914,A00286,C0158,deposit,5920.42,2018-03-10,branch,Incubate Granular Relationships
T0003915,A00286,C0158,TRANSFER,117.39,2021-01-21,online,Repurpose Out-Of-The-Box Schemas
T0003916,A00286,C0158,DEPOSIT,1934.54,09-06-2017,online,Incubate B2B Vortals
T0003917,A00286,C0158,withdrawal,4061.73,2020-01-20,atm,Extend Cross-Media E-Markets
T0003918,A00286,C0158,deposit,4533.38,2018-05-15,online,Reinvent Wireless Relationships
T0003919,A00286,C0158,fee,20.16,2020-02-17,branch,Target Cross-Media Technologies
T0003920,A00286,C0158,withdrawal,6084.52,2023-10-07,branch,Orchestrate Rich Methodologies
T0003921,A00286,C0158,transfer,2736.93,11-03-2021,online,Incubate Transparent Relationships
T0003922,A00286,C0158,withdrawal,285.4,2021-09-13,mobile,Brand E-Business Metrics
T0003923,A00286,C0158,withdrawal,4629.32,02-09-2023,online,Morph Global Supply-Chains
T0003924,A00286,C0158,withdrawal,7544.38,2022-02-09,online,Re-Contextualize Synergistic Experiences
T0003925,A00286,C0158,withdrawal,5742.69,06-22-2018,mobile,Target Customized Users
T0003926,A00286,C0158,deposit,10447.01,08-05-2020,branch,Cultivate Frictionless Paradigms
T0003927,A00286,C0158,withdrawal,5561.22,01-07-2023,branch,Facilitate B2B Metrics
T0003928,A00286,C0158,transfer,4570.8,02-03-2020,atm,Facilitate Granular Networks
T0003929,A00286,C0158,transfer,,2021-02-01,atm,Enable Best-Of-Breed Interfaces
T0003930,A00286,C0158,deposit,5919.83,03-03-2020,mobile,Evolve Next-Generation Initiatives
T0003931,A00286,C0158,transfer,6775.16,2021-11-16,atm,Deliver Revolutionary Deliverables
T0003932,A00286,C0158,deposit,2452.17,2021-04-29,atm,Transform Clicks-And-Mortar Portals
T0003933,A00286,C0158,deposit,3227.12,10-09-2017,mobile,Re-Contextualize Frictionless E-Services
T0003934,A00287,C0159,deposit,5897.89,12-06-2023,atm,Innovate Open-Source Models
T0003935,A00287,C0159,withdrawal,,2023-07-06,online,Embrace World-Class Relationships
T0003936,A00287,C0159,deposit,14208.02,2024-12-21,branch,Engage Impactful Deliverables
T0003937,A00287,C0159,payment,930.07,2023-10-30,online,Repurpose Impactful E-Services
T0003938,A00287,C0159,deposit,11822.45,2023-05-30,online,Maximize Cross-Media E-Markets
T0003939,A00287,C0159,payment,148.72,05-24-2024,branch,Scale Sticky E-Services
T0003940,A00287,C0159,transfer,7673.42,2023-03-25,mobile,Whiteboard Ubiquitous Eyeballs
T0003941,A00287,C0159,deposit,258.47,08-23-2024,online,E-Enable Dynamic Synergies
T0003942,A00287,C0159,withdrawal,3563.69,2023-06-18,branch,Productize Sticky Models
T0003943,A00287,C0159,payment,851.95,2024-12-10,atm,Orchestrate Intuitive Content
T0003944,A00287,C0159,withdrawal,7014.13,06-29-2024,mobile,Incentivize Wireless Content
T0003945,A00287,C0159,payment,2583.5,2024-02-14,online,Transition Best-Of-Breed Users
T0003946,A00287,C0159,transfer,4756.9,2023-09-11,mobile,Whiteboard Mission-Critical Solutions
T0003947,A00287,C0159,deposit,744.07,2024-02-02,branch,Utilize Vertical Web-Readiness
T0003948,A00287,C0159,TRANSFER,7060.8,2024-05-22,online,Envisioneer 24/7 E-Tailers
T0003949,A00287,C0159,WITHDRAWAL,2842.71,2023-08-11,branch,Reinvent Intuitive Partnerships
T0003950,A00287,C0159,deposit,14750.39,2023-06-07,online,Morph Customized Initiatives
T0003951,A00287,C0159,deposit,13614.6,2024-11-19,online,Brand Synergistic Web Services
T0003952,A00288,C0160,payment,684.69,11-09-2022,online,Strategize Value-Added Metrics
T0003953,A00288,C0160,deposit,10521.34,12-09-2021,branch,Monetize Cross-Platform Architectures
T0003954,A00288,C0160,transfer,4871.8,2021-06-24,branch,Disintermediate Best-Of-Breed Content
T0003955,A00288,C0160,withdrawal,7284.88,04-21-2021,online,Brand Compelling Functionalities
T0003956,A00288,C0160,withdrawal,3920.89,2023-11-08,online,Re-Intermediate Revolutionary Methodologies
T0003957,A00288,C0160,WITHDRAWAL,773.82,10-09-2024,online,Synthesize Robust Models
T0003958,A00288,C0160,withdrawal,1707.26,2021-07-21,atm,Harness Cross-Media Web-Readiness
T0003959,A00288,C0160,withdrawal,670.79,2022-10-15,atm,Morph Collaborative Architectures
T0003960,A00288,C0160,transfer,5528.33,2024-02-12,mobile,Engineer Mission-Critical E-Commerce
T0003961,A00288,C0160,TRANSFER,771.69,2021-11-11,online,Scale Cross-Media Methodologies
T0003962,A00289,C0160,PAYMENT,1441.46,2023-02-04,branch,Synthesize Proactive Architectures
T0003963,A00289,C0160,withdrawal,3015.99,2021-07-26,branch,Integrate Holistic Infrastructures
T0003964,A00289,C0160,payment,,2024-01-16,branch,Syndicate Dot-Com Users
T0003965,A00289,C0160,deposit,14423.6,2024-01-17,atm,Evolve Strategic Action-Items
T0003966,A00289,C0160,transfer,7963.52,2021-06-28,branch,Drive Mission-Critical Bandwidth
T0003967,A00289,C0160,transfer,3824.64,02-18-2022,online,Synergize Cross-Platform Action-Items
T0003968,A00289,C0160,deposit,3245.58,06-29-2021,atm,Expedite Collaborative Paradigms
T0003969,A00289,C0160,deposit,13902.99,2024-03-14,branch,Harness Extensible Schemas
T0003970,A00289,C0160,TRANSFER,1260.79,2021-12-13,atm,Revolutionize Customized E-Tailers
T0003971,A00290,C0161,deposit,14811.67,2018-01-18,branch,Re-Intermediate Transparent Platforms
T0003972,A00291,C0161,PAYMENT,2582.16,2016-01-14,online,Implement End-To-End Applications
T0003973,A00291,C0161,withdrawal,,2015-04-20,atm,Cultivate Proactive Mindshare
T0003974,A00291,C0161,transfer,1586.34,01-12-2021,online,Grow Innovative Mindshare
T0003975,A00291,C0161,deposit,9428.18,2022-02-09,online,Reinvent Plug-And-Play Niches
T0003976,A00291,C0161,deposit,3157.47,2015-12-28,online,Scale Integrated Users
T0003977,A00291,C0161,payment,2090.68,08-31-2017,branch,Visualize Scalable Portals
T0003978,A00292,C0162,TRANSFER,3994.26,03-29-2014,branch,Benchmark 24/7 Deliverables
T0003979,A00292,C0162,deposit,10781.89,08-17-2013,online,Synthesize Virtual Systems
T0003980,A00292,C0162,withdrawal,3355.07,2014-03-30,online,Envisioneer Granular Paradigms
T0003981,A00292,C0162,deposit,2995.77,2020-06-11,online,Envisioneer Open-Source E-Commerce
T0003982,A00292,C0162,transfer,4767.07,2019-01-14,mobile,Embrace B2C Partnerships
T0003983,A00292,C0162,withdrawal,3195.11,2021-07-24,online,Aggregate Compelling Models
T0003984,A00292,C0162,deposit,11530.18,05-13-2023,online,Incentivize Clicks-And-Mortar Architectures
T0003985,A00292,C0162,fee,9.03,2014-12-11,online,Revolutionize Virtual Architectures
T0003986,A00292,C0162,deposit,12984.58,2021-11-05,online,Integrate Seamless Roi
T0003987,A00292,C0162,transfer,7647.18,2014-11-18,branch,Enhance Cross-Platform Methodologies
T0003988,A00292,C0162,payment,97.22,2013-12-27,branch,Benchmark Rich E-Services
T0003989,A00292,C0162,payment,209.97,2023-06-14,mobile,Unleash Visionary Initiatives
T0003990,A00293,C0162,deposit,1263.34,2014-10-26,branch,Transform Frictionless Channels
T0003991,A00293,C0162,withdrawal,131.66,2013-11-02,online,Enable Proactive Systems
T0003992,A00293,C0162,withdrawal,7080.69,2019-05-30,mobile,Synthesize Bricks-And-Clicks E-Commerce
T0003993,A00293,C0162,withdrawal,6030.08,2020-01-01,online,Utilize Out-Of-The-Box Functionalities
T0003994,A00294,C0163,transfer,7440.3,10-21-2022,online,Incubate Sticky E-Markets
T0003995,A00294,C0163,withdrawal,3161.86,09-10-2024,atm,Syndicate Robust Niches
T0003996,A00294,C0163,withdrawal,2309.78,2021-10-31,atm,Brand Cutting-Edge Partnerships
T0003997,A00294,C0163,TRANSFER,3538.98,2023-03-07,mobile,Optimize E-Business Portals
T0003998,A00294,C0163,FEE,35.82,2023-09-09,branch,Matrix Synergistic Info-Mediaries
T0003999,A00294,C0163,withdrawal,2763.44,2022-10-03,atm,Strategize Interactive Channels
T0004000,A00294,C0163,withdrawal,3639.85,11-19-2024,branch,Embrace Proactive Communities
T0004001,A00294,C0163,withdrawal,3482.04,2022-06-10,online,Evolve Viral Web Services
T0004002,A00294,C0163,deposit,2245.53,12-28-2021,branch,Aggregate Customized Web Services
T0004003,A00294,C0163,transfer,7358.69,2023-10-19,atm,Incubate Out-Of-The-Box Schemas
T0004004,A00294,C0163,transfer,2147.11,2024-08-09,branch,Morph Compelling Partnerships
T0004005,A00294,C0163,transfer,6804.2,2022-01-23,online,Generate Viral Applications
T0004006,A00294,C0163,transfer,7594.17,2024-06-27,online,Deploy One-To-One Schemas
T0004007,A00294,C0163,payment,451.08,2024-12-26,branch,Integrate Bleeding-Edge Solutions
T0004008,A00294,C0163,payment,2136.54,2023-03-29,mobile,Orchestrate Seamless Channels
T0004009,A00294,C0163,deposit,8417.6,2022-12-21,branch,Extend Impactful Synergies
T0004010,A00294,C0163,transfer,7700.0,03-31-2022,atm,Disintermediate Leading-Edge Mindshare
T0004011,A00294,C0163,fee,13.4,2024-01-29,atm,Generate Value-Added Initiatives
T0004012,A00294,C0163,withdrawal,1902.08,2021-10-25,branch,Mesh Real-Time Applications
T0004013,A00294,C0163,payment,2848.6,2022-12-15,online,Mesh Value-Added Content
T0004014,A00295,C0163,deposit,10610.77,04-16-2023,atm,Matrix Global Vortals
T0004015,A00295,C0163,withdrawal,243.36,2024-11-26,atm,Redefine Interactive Info-Mediaries
T0004016,A00295,C0163,PAYMENT,2337.3,01-05-2024,mobile,Exploit Killer Solutions
T0004017,A00295,C0163,withdrawal,6372.61,2023-06-12,mobile,Repurpose Collaborative Info-Mediaries
T0004018,A00295,C0163,transfer,7543.08,2023-06-11,atm,Syndicate Killer Platforms
T0004019,A00295,C0163,withdrawal,1934.63,2023-01-21,atm,Reinvent Integrated Schemas
T0004020,A00296,C0164,fee,17.19,04-24-2023,mobile,Whiteboard Intuitive Eyeballs
T0004021,A00296,C0164,withdrawal,6459.01,12-30-2023,mobile,Repurpose End-To-End Mindshare
T0004022,A00296,C0164,payment,388.15,2017-05-26,branch,Orchestrate Innovative Info-Mediaries
T0004023,A00296,C0164,deposit,380.78,06-01-2020,online,Deliver Intuitive Networks
T0004024,A00296,C0164,payment,,2020-03-02,atm,Leverage Interactive Functionalities
T0004025,A00297,C0164,PAYMENT,564.24,2015-02-21,mobile,Engineer Transparent Functionalities
T0004026,A00297,C0164,withdrawal,7520.81,05-17-2016,mobile,Disintermediate Magnetic Portals
T0004027,A00297,C0164,withdrawal,3584.54,2022-01-30,online,Deploy Leading-Edge E-Commerce
T0004028,A00297,C0164,deposit,13058.23,2018-07-20,atm,Integrate World-Class Interfaces
T0004029,A00297,C0164,deposit,11664.95,2016-03-29,online,Utilize Dynamic Web Services
T0004030,A00297,C0164,deposit,1881.97,02-19-2019,atm,Drive Out-Of-The-Box Interfaces
T0004031,A00297,C0164,fee,47.91,05-11-2014,branch,Grow Magnetic Channels
T0004032,A00297,C0164,payment,480.67,2018-09-26,mobile,Syndicate Transparent Experiences
T0004033,A00297,C0164,withdrawal,2547.54,10-15-2015,atm,Cultivate Granular Action-Items
T0004034,A00297,C0164,transfer,465.58,2017-12-18,mobile,Expedite Front-End Models
T0004035,A00297,C0164,transfer,3674.02,02-10-2018,online,Revolutionize Intuitive E-Commerce
T0004036,A00297,C0164,deposit,9701.97,2013-08-01,online,Expedite Proactive E-Markets
T0004037,A00297,C0164,PAYMENT,2467.64,2024-04-17,branch,Optimize Strategic Eyeballs
T0004038,A00297,C0164,payment,247.41,05-12-2016,mobile,Revolutionize Revolutionary Relationships
T0004039,A00297,C0164,payment,1675.37,04-01-2015,atm,Empower Impactful Niches
T0004040,A00297,C0164,deposit,12243.9,09-07-2016,atm,Target Cross-Platform Content
T0004041,A00297,C0164,withdrawal,7248.63,02-16-2017,mobile,E-Enable World-Class Content
T0004042,A00297,C0164,deposit,10220.13,2019-01-01,mobile,Iterate Collaborative Mindshare
T0004043,A00297,C0164,deposit,2950.23,2014-04-08,branch,Synthesize Integrated Applications
T0004044,A00297,C0164,transfer,3299.16,2013-09-29,atm,Scale Global Info-Mediaries
T0004045,A00297,C0164,deposit,6698.41,2016-06-27,mobile,Facilitate E-Business Models
T0004046,A00297,C0164,withdrawal,3214.43,2016-02-20,atm,Facilitate Innovative Portals
T0004047,A00297,C0164,deposit,7047.06,2022-04-19,online,Whiteboard Real-Time Niches
T0004048,A00297,C0164,payment,1940.66,2019-06-05,online,Cultivate Front-End Metrics
T0004049,A00298,C0164,payment,2797.96,2016-05-23,online,Deliver Bleeding-Edge Vortals
T0004050,A00298,C0164,payment,1108.79,07-10-2013,online,Re-Contextualize World-Class Action-Items
T0004051,A00298,C0164,DEPOSIT,2322.15,2013-10-14,branch,Maximize Dynamic Convergence
T0004052,A00298,C0164,deposit,2835.31,2015-11-04,mobile,Monetize Dynamic Supply-Chains
T0004053,A00298,C0164,DEPOSIT,445.72,2017-05-05,atm,Mesh Transparent Niches
T0004054,A00298,C0164,fee,36.15,01-21-2018,online,Morph Cutting-Edge Web Services
T0004055,A00298,C0164,transfer,4242.11,2017-11-07,online,Repurpose Dynamic E-Business
T0004056,A00298,C0164,fee,45.88,01-22-2024,branch,Matrix Global Technologies
T0004057,A00298,C0164,DEPOSIT,9355.39,2015-09-13,atm,Aggregate Bricks-And-Clicks Users
T0004058,A00298,C0164,WITHDRAWAL,3138.31,06-05-2016,online,Engage World-Class E-Tailers
T0004059,A00298,C0164,withdrawal,5056.72,2017-02-25,mobile,Exploit Plug-And-Play Applications
T0004060,A00298,C0164,withdrawal,5758.71,06-29-2018,atm,Mesh Virtual Initiatives
T0004061,A00298,C0164,PAYMENT,453.59,10-02-2017,branch,Drive Distributed Functionalities
T0004062,A00298,C0164,DEPOSIT,9258.43,2022-11-25,branch,Incentivize Best-Of-Breed Metrics
T0004063,A00298,C0164,deposit,12800.32,2013-01-01,branch,Generate Cross-Platform Roi
T0004064,A00298,C0164,deposit,3438.23,2020-11-29,mobile,Matrix Rich Relationships
T0004065,A00298,C0164,withdrawal,7776.5,2014-12-04,mobile,Incentivize Impactful Info-Mediaries
T0004066,A00298,C0164,deposit,781.88,2021-11-17,mobile,Unleash Real-Time Networks
T0004067,A00298,C0164,withdrawal,3124.94,12-29-2013,mobile,Target Cross-Platform Eyeballs
T0004068,A00299,C0165,withdrawal,1283.99,2022-07-25,branch,Morph Intuitive Portals
T0004069,A00299,C0165,DEPOSIT,261.68,04-07-2018,online,Embrace Enterprise Schemas
T0004070,A00299,C0165,WITHDRAWAL,2846.68,09-27-2015,branch,Strategize Clicks-And-Mortar Partnerships
T0004071,A00299,C0165,fee,35.5,2024-01-02,branch,Aggregate Dot-Com Models
T0004072,A00299,C0165,deposit,12892.5,2021-11-28,mobile,Target Efficient Mindshare
T0004073,A00299,C0165,TRANSFER,2111.86,2024-05-04,atm,Maximize Next-Generation Solutions
T0004074,A00299,C0165,withdrawal,1618.43,2022-09-24,mobile,Empower Scalable E-Commerce
T0004075,A00299,C0165,deposit,2219.97,2022-06-11,branch,Whiteboard Holistic Metrics
T0004076,A00299,C0165,fee,11.37,2021-09-26,branch,Transform Collaborative E-Commerce
T0004077,A00299,C0165,transfer,154.76,2024-04-20,online,Synergize Turn-Key Initiatives
T0004078,A00299,C0165,transfer,2044.98,06-13-2022,branch,Enable Viral Initiatives
T0004079,A00300,C0165,FEE,43.61,07-01-2020,branch,Disintermediate Scalable Paradigms
T0004080,A00300,C0165,payment,2972.53,04-06-2022,branch,Iterate Innovative Niches
T0004081,A00300,C0165,TRANSFER,2842.84,2016-03-21,online,Transform Real-Time Channels
T0004082,A00300,C0165,deposit,13332.0,2018-06-12,atm,Generate Mission-Critical Methodologies
T0004083,A00300,C0165,withdrawal,413.49,2016-08-01,mobile,Brand Best-Of-Breed Paradigms
T0004084,A00300,C0165,payment,1909.94,12-07-2016,mobile,Productize Leading-Edge Synergies
T0004085,A00300,C0165,payment,209.34,11-29-2023,online,Embrace Cross-Platform E-Business
T0004086,A00300,C0165,deposit,5982.46,2020-03-06,mobile,Drive Efficient Technologies
T0004087,A00300,C0165,deposit,,2017-04-23,mobile,Brand Web-Enabled E-Services
T0004088,A00300,C0165,withdrawal,6857.04,2021-09-20,atm,Enhance Real-Time Schemas
T0004089,A00300,C0165,deposit,8447.19,11-16-2022,branch,Seize Web-Enabled Eyeballs
T0004090,A00300,C0165,payment,224.49,05-15-2014,mobile,Utilize Turn-Key E-Services
T0004091,A00300,C0165,WITHDRAWAL,477.51,2016-03-04,atm,Leverage Integrated E-Tailers
T0004092,A00300,C0165,withdrawal,,2021-08-30,mobile,Incubate Vertical Communities
T0004093,A00300,C0165,withdrawal,524.8,2021-08-01,atm,Evolve Real-Time Models
T0004094,A00300,C0165,withdrawal,2905.03,2023-01-31,atm,Embrace Mission-Critical Action-Items
T0004095,A00300,C0165,deposit,2655.48,2020-08-05,online,Iterate Transparent E-Services
T0004096,A00300,C0165,deposit,14661.44,05-07-2018,atm,Incentivize Ubiquitous E-Business
T0004097,A00300,C0165,deposit,,2015-01-09,atm,Leverage Virtual E-Services
T0004098,A00301,C0166,deposit,8565.15,2021-06-27,online,Empower Sticky Synergies
T0004099,A00301,C0166,transfer,4747.55,2024-10-21,branch,Incentivize Extensible E-Commerce
T0004100,A00301,C0166,withdrawal,3983.28,2019-01-30,branch,Benchmark Integrated Systems
T0004101,A00301,C0166,withdrawal,24.21,03-26-2013,branch,Architect Bleeding-Edge Platforms
T0004102,A00301,C0166,deposit,6547.22,2012-04-15,branch,Iterate Strategic E-Markets
T0004103,A00301,C0166,deposit,13009.81,2012-03-20,mobile,Unleash Visionary Systems
T0004104,A00301,C0166,deposit,9941.4,01-14-2014,branch,Orchestrate Integrated E-Business
T0004105,A00301,C0166,deposit,3066.69,10-11-2018,branch,Engineer Enterprise Web-Readiness
T0004106,A00301,C0166,payment,1864.71,2021-07-11,mobile,Incubate Real-Time E-Tailers
T0004107,A00301,C0166,withdrawal,3642.15,2023-10-24,online,Matrix Holistic E-Commerce
T0004108,A00301,C0166,fee,26.36,2024-08-01,online,Generate Cross-Platform Vortals
T0004109,A00301,C0166,withdrawal,,08-01-2015,branch,Utilize Rich Mindshare
T0004110,A00301,C0166,payment,2955.42,2013-09-03,branch,Re-Intermediate Integrated Systems
T0004111,A00301,C0166,withdrawal,3127.44,2014-11-03,online,Expedite Best-Of-Breed Relationships
T0004112,A00301,C0166,fee,36.3,2022-03-17,mobile,Orchestrate Intuitive Metrics
T0004113,A00301,C0166,withdrawal,1913.11,02-06-2024,branch,E-Enable Enterprise Communities
T0004114,A00301,C0166,payment,2097.87,2024-09-14,atm,Generate Wireless E-Tailers
T0004115,A00301,C0166,deposit,1420.85,2016-06-08,mobile,Architect Turn-Key Convergence
T0004116,A00302,C0166,DEPOSIT,14309.5,04-24-2019,atm,Strategize Efficient Action-Items
T0004117,A00302,C0166,deposit,2213.74,2016-06-17,branch,Unleash Distributed E-Services
T0004118,A00302,C0166,transfer,2828.74,2015-02-06,online,Synergize Collaborative Web-Readiness
T0004119,A00302,C0166,WITHDRAWAL,3037.52,2020-03-19,atm,Innovate Interactive Experiences
T0004120,A00302,C0166,PAYMENT,859.44,08-13-2022,online,Scale Innovative Systems
T0004121,A00302,C0166,deposit,6341.93,2013-07-04,mobile,Unleash Vertical Architectures
T0004122,A00302,C0166,withdrawal,4367.15,2021-04-05,mobile,Maximize Cross-Media Relationships
T0004123,A00302,C0166,WITHDRAWAL,4587.72,2023-07-09,mobile,Synergize Vertical Models
T0004124,A00302,C0166,payment,276.19,04-30-2019,branch,Brand Customized E-Commerce
T0004125,A00302,C0166,payment,1285.62,2021-01-13,online,Evolve User-Centric Portals
T0004126,A00302,C0166,PAYMENT,108.75,02-23-2018,mobile,Seize Bleeding-Edge Niches
T0004127,A00302,C0166,withdrawal,5598.27,2017-11-12,mobile,Disintermediate Back-End Info-Mediaries
T0004128,A00302,C0166,deposit,11099.77,2016-11-07,atm,Leverage Frictionless E-Services
T0004129,A00302,C0166,transfer,7703.83,2021-12-14,mobile,Iterate 24/365 Paradigms
T0004130,A00302,C0166,deposit,9543.1,2014-02-27,atm,Synergize Bricks-And-Clicks Markets
T0004131,A00302,C0166,withdrawal,3053.65,2015-06-20,atm,Engineer Bleeding-Edge Infrastructures
T0004132,A00302,C0166,DEPOSIT,5595.88,01-01-2017,mobile,Unleash Granular Infrastructures
T0004133,A00302,C0166,DEPOSIT,5278.98,2012-07-25,branch,Re-Intermediate Scalable Portals
T0004134,A00303,C0166,withdrawal,5401.88,2015-08-08,mobile,Evolve Dot-Com Systems
T0004135,A00303,C0166,deposit,1221.53,09-17-2018,atm,Orchestrate Distributed Eyeballs
T0004136,A00303,C0166,payment,1866.09,2018-06-29,atm,Iterate User-Centric Niches
T0004137,A00303,C0166,WITHDRAWAL,2267.91,10-24-2020,mobile,Cultivate Viral E-Services
T0004138,A00303,C0166,deposit,4989.59,2017-07-20,atm,Deploy Extensible Communities
T0004139,A00303,C0166,transfer,2472.98,2018-07-17,atm,Mesh Innovative E-Services
T0004140,A00303,C0166,PAYMENT,923.0,2013-08-16,online,Cultivate E-Business E-Business
T0004141,A00303,C0166,withdrawal,4835.78,2020-11-10,branch,Streamline Virtual Technologies
T0004142,A00303,C0166,payment,2834.8,06-05-2017,atm,Engage Collaborative E-Commerce
T0004143,A00303,C0166,withdrawal,2295.01,2018-03-05,atm,Productize Frictionless Action-Items
T0004144,A00303,C0166,deposit,7911.08,03-08-2021,branch,Utilize 24/365 Metrics
T0004145,A00303,C0166,deposit,8920.15,04-07-2015,mobile,Unleash Intuitive Partnerships
T0004146,A00303,C0166,transfer,3826.68,2014-11-13,branch,Revolutionize Mission-Critical Niches
T0004147,A00303,C0166,TRANSFER,4274.77,2024-11-24,atm,Transition Virtual Users
T0004148,A00303,C0166,deposit,1598.99,2014-03-24,online,Embrace Plug-And-Play Schemas
T0004149,A00303,C0166,WITHDRAWAL,508.41,10-17-2024,branch,Engineer Out-Of-The-Box Roi
T0004150,A00303,C0166,payment,2287.43,2014-07-28,mobile,Orchestrate Viral Action-Items
T0004151,A00303,C0166,withdrawal,6815.97,2019-04-27,atm,Generate Value-Added Vortals
T0004152,A00303,C0166,deposit,10660.84,2016-04-23,mobile,Iterate Frictionless Niches
T0004153,A00303,C0166,withdrawal,6406.82,04-19-2020,branch,Deliver Vertical Mindshare
T0004154,A00303,C0166,deposit,201.9,10-22-2014,atm,Deliver Leading-Edge Interfaces
T0004155,A00303,C0166,WITHDRAWAL,6789.09,2018-03-24,mobile,Enable Frictionless Markets
T0004156,A00303,C0166,deposit,9183.53,2013-06-05,online,Syndicate B2C Channels
T0004157,A00303,C0166,deposit,11072.59,2012-08-08,atm,Incentivize Out-Of-The-Box Networks
T0004158,A00304,C0167,transfer,1648.24,2023-06-05,mobile,Generate Efficient Bandwidth
T0004159,A00304,C0167,payment,2594.31,2023-12-24,mobile,Incentivize Ubiquitous Roi
T0004160,A00304,C0167,withdrawal,2712.31,2023-07-30,mobile,Unleash One-To-One Action-Items
T0004161,A00304,C0167,withdrawal,3453.35,2023-01-19,online,Leverage Revolutionary Partnerships
T0004162,A00304,C0167,TRANSFER,7556.17,2024-08-26,atm,Synergize Global Synergies
T0004163,A00304,C0167,withdrawal,1529.44,01-21-2024,atm,Envisioneer Ubiquitous Deliverables
T0004164,A00304,C0167,withdrawal,,2024-02-27,branch,Exploit Holistic Methodologies
T0004165,A00304,C0167,WITHDRAWAL,403.5,07-25-2024,branch,Engineer Impactful Schemas
T0004166,A00304,C0167,PAYMENT,579.58,11-16-2023,mobile,Incubate Wireless Deliverables
T0004167,A00304,C0167,payment,2225.18,06-27-2023,online,Target Synergistic Metrics
T0004168,A00304,C0167,deposit,6889.91,2023-09-28,branch,Maximize Wireless Portals
T0004169,A00305,C0168,deposit,1661.33,05-31-2020,atm,Mesh Transparent Communities
T0004170,A00305,C0168,transfer,5719.36,2018-06-16,mobile,Deliver Rich Channels
T0004171,A00305,C0168,transfer,5404.88,2021-07-06,mobile,Exploit Robust E-Tailers
T0004172,A00305,C0168,payment,2495.27,2024-08-13,online,Optimize Out-Of-The-Box Content
T0004173,A00305,C0168,payment,2965.84,2022-01-17,atm,Embrace Transparent Architectures
T0004174,A00305,C0168,transfer,1144.13,10-29-2023,atm,Synergize Seamless Relationships
T0004175,A00305,C0168,transfer,7674.92,2020-02-18,branch,Utilize Turn-Key Models
T0004176,A00305,C0168,transfer,5180.13,2024-11-17,mobile,Aggregate Vertical E-Tailers
T0004177,A00305,C0168,payment,202.59,10-07-2020,atm,Brand B2B Systems
T0004178,A00305,C0168,fee,18.59,2017-12-19,atm,Cultivate Global Experiences
T0004179,A00305,C0168,DEPOSIT,8071.59,2016-07-05,atm,Generate Seamless Interfaces
T0004180,A00305,C0168,DEPOSIT,12235.25,2016-05-19,atm,Incentivize B2B Web-Readiness
T0004181,A00305,C0168,withdrawal,1465.77,08-03-2020,atm,Productize Bleeding-Edge Systems
T0004182,A00305,C0168,payment,2767.62,01-15-2024,branch,Morph Holistic Interfaces
T0004183,A00305,C0168,deposit,7828.69,2018-01-31,branch,Target Plug-And-Play Relationships
T0004184,A00305,C0168,payment,37.86,2022-11-06,online,Matrix Best-Of-Breed Bandwidth
T0004185,A00306,C0168,withdrawal,7932.22,01-27-2019,branch,Enable Next-Generation Markets
T0004186,A00306,C0168,payment,696.87,08-30-2017,branch,Incentivize B2B Functionalities
T0004187,A00306,C0168,deposit,7053.27,2017-08-01,online,Re-Contextualize Mission-Critical Technologies
T0004188,A00306,C0168,transfer,5369.21,2023-08-08,mobile,Disintermediate Scalable Convergence
T0004189,A00306,C0168,withdrawal,7463.86,2024-02-26,online,Target Integrated Experiences
T0004190,A00306,C0168,payment,434.56,2020-04-11,mobile,Cultivate User-Centric Partnerships
T0004191,A00306,C0168,transfer,6012.21,03-17-2022,atm,Expedite Distributed Convergence
T0004192,A00306,C0168,payment,179.43,03-01-2018,atm,Transition Compelling Paradigms
T0004193,A00306,C0168,withdrawal,467.28,2022-07-26,branch,Re-Contextualize Compelling Partnerships
T0004194,A00306,C0168,TRANSFER,4457.91,2017-12-16,atm,Seize Open-Source Solutions
T0004195,A00306,C0168,withdrawal,1895.2,2024-07-09,branch,Monetize Frictionless Synergies
T0004196,A00306,C0168,transfer,7607.08,05-29-2018,branch,Transform B2B Schemas
T0004197,A00307,C0169,withdrawal,3678.45,2020-10-07,online,Empower Leading-Edge Web-Readiness
T0004198,A00307,C0169,withdrawal,1321.09,07-25-2020,branch,Deliver Killer Functionalities
T0004199,A00307,C0169,payment,,10-07-2023,atm,Mesh Out-Of-The-Box Web-Readiness
T0004200,A00307,C0169,withdrawal,7031.82,2020-05-19,mobile,Grow Wireless Supply-Chains
T0004201,A00307,C0169,deposit,13252.31,2024-09-18,mobile,Exploit Ubiquitous Convergence
T0004202,A00307,C0169,transfer,830.69,2024-02-23,mobile,Re-Intermediate World-Class Technologies
T0004203,A00307,C0169,transfer,3971.63,2023-08-28,atm,Disintermediate Scalable Deliverables
T0004204,A00307,C0169,deposit,11810.56,2022-05-17,branch,Benchmark 24/7 Systems
T0004205,A00307,C0169,DEPOSIT,5428.42,2021-07-14,branch,Engineer Holistic E-Commerce
T0004206,A00308,C0169,deposit,10180.69,2023-03-31,branch,Engineer Robust Web Services
T0004207,A00308,C0169,withdrawal,7450.45,09-05-2022,branch,Revolutionize Innovative Eyeballs
T0004208,A00308,C0169,WITHDRAWAL,340.02,08-24-2021,atm,Re-Contextualize Enterprise Supply-Chains
T0004209,A00308,C0169,withdrawal,4279.54,12-08-2022,atm,Repurpose Visionary Functionalities
T0004210,A00308,C0169,TRANSFER,1196.51,2023-08-14,branch,Empower B2B Eyeballs
T0004211,A00308,C0169,deposit,2855.02,07-01-2023,online,Engineer 24/365 Infrastructures
T0004212,A00308,C0169,DEPOSIT,1313.82,2021-10-26,online,Re-Intermediate Integrated Niches
T0004213,A00308,C0169,withdrawal,7728.76,2021-06-11,online,Strategize Magnetic Paradigms
T0004214,A00308,C0169,transfer,7860.51,02-04-2022,mobile,Integrate Seamless Synergies
T0004215,A00308,C0169,transfer,5363.48,2024-12-09,online,Enable Dynamic E-Markets
T0004216,A00308,C0169,payment,2590.23,04-28-2023,mobile,Maximize Dynamic E-Markets
T0004217,A00308,C0169,TRANSFER,6387.54,05-29-2022,branch,Exploit B2C E-Commerce
T0004218,A00308,C0169,DEPOSIT,1598.36,2024-02-17,atm,Engage Dot-Com E-Tailers
T0004219,A00308,C0169,withdrawal,4793.46,2024-09-01,online,Implement Innovative Communities
T0004220,A00308,C0169,deposit,2673.77,2023-07-18,mobile,Iterate Robust Portals
T0004221,A00308,C0169,transfer,2013.19,12-13-2022,mobile,Drive Compelling Partnerships
T0004222,A00308,C0169,deposit,5442.71,10-17-2021,atm,Enhance Plug-And-Play Communities
T0004223,A00308,C0169,DEPOSIT,5666.42,2021-08-12,mobile,Re-Contextualize Rich Initiatives
T0004224,A00308,C0169,withdrawal,6491.05,07-31-2024,mobile,Evolve Ubiquitous Supply-Chains
T0004225,A00308,C0169,PAYMENT,2222.71,2021-11-07,online,Re-Intermediate Out-Of-The-Box Info-Mediaries
T0004226,A00308,C0169,withdrawal,1580.11,2024-08-27,atm,Morph Open-Source Functionalities
T0004227,A00308,C0169,withdrawal,7020.13,2022-06-04,online,Repurpose World-Class Deliverables
T0004228,A00308,C0169,WITHDRAWAL,4158.15,06-26-2022,atm,Orchestrate Efficient Metrics
T0004229,A00308,C0169,deposit,361.1,2020-11-03,branch,Revolutionize Interactive E-Services
T0004230,A00308,C0169,payment,1845.41,10-31-2020,mobile,Transition Vertical E-Commerce
T0004231,A00309,C0170,DEPOSIT,11503.03,07-24-2019,atm,Syndicate Real-Time Supply-Chains
T0004232,A00309,C0170,payment,1350.1,2015-12-23,atm,Deliver Seamless Models
T0004233,A00309,C0170,withdrawal,5084.59,10-20-2015,branch,Drive Wireless Markets
T0004234,A00309,C0170,payment,1797.22,2015-04-25,atm,Benchmark Seamless Portals
T0004235,A00309,C0170,deposit,2815.55,2021-01-05,mobile,Transform B2B Schemas
T0004236,A00309,C0170,withdrawal,1380.56,2022-05-12,atm,Enhance Magnetic Action-Items
T0004237,A00309,C0170,DEPOSIT,6304.49,2024-06-12,mobile,Target B2C Platforms
T0004238,A00309,C0170,withdrawal,1151.24,2019-07-24,branch,Scale Bricks-And-Clicks E-Markets
T0004239,A00309,C0170,transfer,4590.18,2012-05-07,branch,Extend Wireless E-Markets
T0004240,A00309,C0170,transfer,953.86,2015-02-10,atm,Maximize Open-Source Content
T0004241,A00309,C0170,deposit,2316.94,2020-12-06,atm,Evolve Interactive Communities
T0004242,A00309,C0170,transfer,5615.03,2018-10-23,mobile,Re-Intermediate Compelling Web Services
T0004243,A00309,C0170,withdrawal,3716.91,2016-12-10,branch,Optimize Turn-Key Markets
T0004244,A00309,C0170,deposit,9355.22,11-21-2020,atm,Brand Wireless E-Commerce
T0004245,A00309,C0170,deposit,5685.9,2015-10-05,atm,Orchestrate Next-Generation Info-Mediaries
T0004246,A00309,C0170,transfer,236.0,2017-07-16,atm,Utilize Open-Source Relationships
T0004247,A00309,C0170,deposit,10871.58,2013-11-26,branch,Embrace Extensible Action-Items
T0004248,A00309,C0170,transfer,342.77,2023-10-19,atm,Synthesize Holistic Interfaces
T0004249,A00309,C0170,withdrawal,6810.91,2024-08-06,branch,Benchmark Killer Interfaces
T0004250,A00309,C0170,payment,260.29,03-02-2013,branch,Brand Web-Enabled Technologies
T0004251,A00309,C0170,PAYMENT,526.96,2013-11-04,online,Incentivize Frictionless Supply-Chains
T0004252,A00309,C0170,transfer,4100.67,2020-01-27,online,Leverage World-Class Applications
T0004253,A00309,C0170,WITHDRAWAL,6960.45,2020-01-30,mobile,Synergize Strategic Platforms
T0004254,A00309,C0170,withdrawal,3223.68,2023-09-29,online,Evolve Strategic Synergies
T0004255,A00310,C0170,deposit,4934.41,2024-05-08,online,Orchestrate Cutting-Edge Models
T0004256,A00310,C0170,WITHDRAWAL,2458.65,2020-01-06,branch,Productize E-Business Experiences
T0004257,A00310,C0170,deposit,5854.59,2011-04-20,mobile,Orchestrate Scalable Synergies
T0004258,A00310,C0170,transfer,3853.92,03-13-2021,atm,Syndicate Virtual Paradigms
T0004259,A00310,C0170,withdrawal,5899.26,12-17-2022,mobile,Enable Distributed Relationships
T0004260,A00310,C0170,deposit,13059.73,2020-04-15,atm,Innovate Synergistic Web Services
T0004261,A00310,C0170,transfer,,12-10-2013,branch,Maximize E-Business Paradigms
T0004262,A00310,C0170,TRANSFER,912.11,2017-12-03,branch,Leverage Extensible Supply-Chains
T0004263,A00310,C0170,payment,545.35,01-22-2021,branch,Transform Robust Applications
T0004264,A00310,C0170,deposit,10368.15,05-21-2015,online,Evolve Revolutionary E-Business
T0004265,A00310,C0170,DEPOSIT,3831.39,2017-08-28,branch,Implement Dynamic Communities
T0004266,A00311,C0171,TRANSFER,7502.53,2019-04-22,online,Productize Impactful Models
T0004267,A00312,C0172,PAYMENT,1345.08,2022-09-02,mobile,Transform Real-Time Applications
T0004268,A00312,C0172,WITHDRAWAL,4224.23,05-02-2018,branch,Envisioneer Intuitive E-Business
T0004269,A00312,C0172,transfer,904.93,2023-08-18,online,Envisioneer Global Partnerships
T0004270,A00312,C0172,deposit,6508.27,05-21-2013,mobile,Target Back-End Communities
T0004271,A00312,C0172,transfer,5966.11,2012-07-29,online,Visualize Mission-Critical Models
T0004272,A00312,C0172,deposit,14046.88,2013-07-04,branch,Expedite Magnetic Technologies
T0004273,A00312,C0172,withdrawal,4360.9,2024-03-14,branch,Integrate Impactful Supply-Chains
T0004274,A00312,C0172,deposit,9495.53,04-08-2014,atm,Repurpose Granular Info-Mediaries
T0004275,A00312,C0172,deposit,13300.12,2016-02-18,branch,Exploit Customized Convergence
T0004276,A00312,C0172,transfer,7483.83,2024-06-09,branch,Deliver Extensible Technologies
T0004277,A00313,C0172,transfer,4525.15,2016-01-01,online,Visualize Wireless E-Markets
T0004278,A00313,C0172,withdrawal,4281.18,2013-07-03,mobile,Exploit Web-Enabled Content
T0004279,A00313,C0172,payment,2271.3,2015-11-05,branch,Repurpose World-Class E-Tailers
T0004280,A00313,C0172,deposit,8359.36,2017-04-05,branch,Incentivize Plug-And-Play Eyeballs
T0004281,A00313,C0172,transfer,3095.21,2023-06-02,branch,Unleash B2C Paradigms
T0004282,A00313,C0172,payment,1228.45,2016-12-23,online,Evolve Leading-Edge Applications
T0004283,A00313,C0172,withdrawal,930.08,2023-07-05,mobile,Matrix 24/7 Eyeballs
T0004284,A00313,C0172,withdrawal,855.94,2016-02-20,mobile,Transform Customized Channels
T0004285,A00313,C0172,withdrawal,6220.23,2024-07-20,online,Orchestrate Intuitive Technologies
T0004286,A00313,C0172,deposit,9974.17,11-01-2013,branch,Revolutionize Open-Source Vortals
T0004287,A00313,C0172,payment,2153.52,2016-09-04,branch,Benchmark Web-Enabled Info-Mediaries
T0004288,A00313,C0172,transfer,6796.21,2014-05-23,branch,Brand Transparent Initiatives
T0004289,A00313,C0172,payment,1388.65,2020-01-01,online,Re-Contextualize Seamless E-Tailers
T0004290,A00313,C0172,withdrawal,5671.81,2024-01-07,online,Productize Collaborative Experiences
T0004291,A00313,C0172,FEE,26.7,2021-04-10,mobile,Integrate Bricks-And-Clicks Communities
T0004292,A00313,C0172,transfer,3391.49,2014-04-19,atm,Strategize Dynamic Convergence
T0004293,A00313,C0172,DEPOSIT,13487.87,11-30-2015,online,Optimize Scalable Paradigms
T0004294,A00313,C0172,deposit,1172.15,2018-02-21,branch,E-Enable Dot-Com Architectures
T0004295,A00313,C0172,TRANSFER,7653.05,08-23-2022,online,Reinvent Rich Bandwidth
T0004296,A00313,C0172,payment,2087.43,2022-07-01,atm,Repurpose Impactful Vortals
T0004297,A00313,C0172,withdrawal,4275.26,2021-07-25,branch,Grow Global Vortals
T0004298,A00314,C0173,deposit,9928.08,05-06-2023,branch,Extend Cutting-Edge Web Services
T0004299,A00314,C0173,transfer,7925.59,10-24-2023,branch,Harness Viral Synergies
T0004300,A00314,C0173,withdrawal,2961.74,2023-06-11,mobile,Cultivate Frictionless Portals
T0004301,A00314,C0173,withdrawal,1383.1,2021-07-24,atm,Deploy E-Business Models
T0004302,A00314,C0173,PAYMENT,423.71,01-08-2022,mobile,Matrix Open-Source Eyeballs
T0004303,A00314,C0173,withdrawal,4067.69,2017-11-12,branch,Integrate Global Action-Items
T0004304,A00314,C0173,WITHDRAWAL,4826.7,2019-06-05,mobile,Deliver Rich Niches
T0004305,A00314,C0173,transfer,6116.69,2022-08-15,atm,Redefine 24/365 Roi
T0004306,A00314,C0173,WITHDRAWAL,4870.48,02-08-2017,mobile,Deploy Robust Synergies
T0004307,A00314,C0173,transfer,1158.9,08-01-2018,mobile,Whiteboard Bricks-And-Clicks Supply-Chains
T0004308,A00314,C0173,TRANSFER,7976.19,2020-04-26,online,Exploit Out-Of-The-Box Supply-Chains
T0004309,A00314,C0173,WITHDRAWAL,4957.51,02-24-2024,mobile,Implement Sticky Info-Mediaries
T0004310,A00314,C0173,withdrawal,4434.9,2015-10-26,mobile,Revolutionize 24/365 E-Tailers
T0004311,A00314,C0173,transfer,,2019-01-07,atm,Orchestrate Open-Source Methodologies
T0004312,A00314,C0173,transfer,4576.41,2023-04-07,mobile,Repurpose Efficient Deliverables
T0004313,A00314,C0173,deposit,7660.43,2018-09-01,atm,Strategize 24/365 E-Commerce
T0004314,A00314,C0173,withdrawal,1955.4,11-01-2016,mobile,Revolutionize Revolutionary Bandwidth
T0004315,A00314,C0173,PAYMENT,1036.65,2021-05-24,mobile,Drive Distributed Users
T0004316,A00314,C0173,TRANSFER,6471.25,10-18-2023,online,Engineer Ubiquitous Paradigms
T0004317,A00314,C0173,deposit,8784.98,11-05-2019,online,Envisioneer Open-Source Web-Readiness
T0004318,A00314,C0173,deposit,197.65,2018-07-20,branch,Deploy Innovative Info-Mediaries
T0004319,A00314,C0173,transfer,6453.5,2023-01-04,online,E-Enable Next-Generation Bandwidth
T0004320,A00314,C0173,fee,10.32,03-29-2019,online,Redefine Bleeding-Edge Vortals
T0004321,A00314,C0173,withdrawal,7690.21,05-31-2017,online,E-Enable Magnetic Systems
T0004322,A00314,C0173,withdrawal,4431.96,2020-01-09,online,Morph Seamless Experiences
T0004323,A00315,C0173,deposit,8042.89,01-04-2022,atm,Iterate Robust E-Services
T0004324,A00315,C0173,WITHDRAWAL,6165.98,2019-12-05,online,Repurpose Dot-Com Interfaces
T0004325,A00315,C0173,payment,1723.67,2022-02-22,branch,Morph Clicks-And-Mortar Deliverables
T0004326,A00315,C0173,payment,996.34,2023-05-16,atm,Enhance Revolutionary E-Services
T0004327,A00315,C0173,payment,1657.69,05-21-2023,mobile,Transition Customized Action-Items
T0004328,A00315,C0173,PAYMENT,2233.1,2018-11-04,online,Strategize Clicks-And-Mortar E-Commerce
T0004329,A00315,C0173,WITHDRAWAL,,2022-02-10,branch,Streamline Intuitive Niches
T0004330,A00315,C0173,deposit,14403.96,2016-01-26,atm,Incubate Next-Generation Web-Readiness
T0004331,A00316,C0174,deposit,736.57,2021-03-21,atm,Deliver Extensible Metrics
T0004332,A00316,C0174,withdrawal,5437.02,2024-12-28,online,Repurpose Scalable Models
T0004333,A00316,C0174,payment,2337.88,2024-04-10,atm,Benchmark Killer Users
T0004334,A00316,C0174,deposit,13671.85,2024-07-28,atm,Repurpose Front-End Initiatives
T0004335,A00316,C0174,DEPOSIT,8391.47,02-16-2023,branch,Iterate Web-Enabled Architectures
T0004336,A00316,C0174,fee,34.92,05-31-2023,atm,Engage Open-Source Roi
T0004337,A00316,C0174,withdrawal,433.25,05-18-2023,mobile,Incubate 24/365 Synergies
T0004338,A00316,C0174,payment,1964.35,2024-12-30,mobile,Innovate Cutting-Edge Infrastructures
T0004339,A00317,C0174,payment,2412.9,2022-10-28,online,Facilitate Interactive Info-Mediaries
T0004340,A00317,C0174,transfer,1648.28,2021-02-18,atm,Utilize Mission-Critical Channels
T0004341,A00317,C0174,deposit,3502.35,05-10-2024,atm,Re-Contextualize Back-End Communities
T0004342,A00317,C0174,PAYMENT,763.67,2022-03-14,online,Repurpose Distributed Web Services
T0004343,A00317,C0174,withdrawal,5328.82,2022-09-15,mobile,Morph Next-Generation Communities
T0004344,A00317,C0174,payment,1208.6,2023-08-20,atm,Productize Cutting-Edge E-Tailers
T0004345,A00317,C0174,withdrawal,328.18,2021-06-04,branch,Drive Granular Relationships
T0004346,A00317,C0174,transfer,952.3,2024-11-30,atm,Transform Front-End Content
T0004347,A00317,C0174,transfer,6980.5,2023-12-05,branch,Incubate Innovative Partnerships
T0004348,A00317,C0174,payment,2306.67,04-08-2022,branch,Orchestrate 24/7 Synergies
T0004349,A00317,C0174,DEPOSIT,168.32,2021-07-07,branch,Incentivize Innovative Niches
T0004350,A00317,C0174,payment,,2021-09-16,atm,Reinvent One-To-One Systems
T0004351,A00317,C0174,PAYMENT,783.27,12-19-2022,atm,Facilitate 24/7 Mindshare
T0004352,A00318,C0174,withdrawal,2322.82,2022-12-05,atm,Revolutionize Plug-And-Play Mindshare
T0004353,A00318,C0174,transfer,4814.24,11-01-2022,atm,Embrace Compelling Web Services
T0004354,A00318,C0174,DEPOSIT,12370.14,2021-09-14,branch,Re-Intermediate Efficient Infrastructures
T0004355,A00318,C0174,deposit,141.29,2023-09-29,online,Seize E-Business Convergence
T0004356,A00318,C0174,deposit,10943.38,2021-07-07,branch,Reinvent Integrated Solutions
T0004357,A00318,C0174,deposit,12442.05,2021-04-26,online,Incubate Dot-Com Web-Readiness
T0004358,A00318,C0174,transfer,3167.2,10-06-2020,branch,Redefine E-Business Partnerships
T0004359,A00318,C0174,payment,213.29,2021-04-05,mobile,Leverage B2B Supply-Chains
T0004360,A00318,C0174,payment,1923.88,01-28-2022,mobile,Leverage Dynamic Info-Mediaries
T0004361,A00318,C0174,deposit,11597.39,2023-07-10,branch,Re-Contextualize Cross-Media Web-Readiness
T0004362,A00318,C0174,withdrawal,2581.46,2024-03-17,atm,Facilitate Integrated E-Commerce
T0004363,A00318,C0174,withdrawal,1463.94,2023-11-08,atm,Transform Wireless E-Tailers
T0004364,A00318,C0174,transfer,2783.28,2021-09-13,atm,Leverage Dynamic E-Business
T0004365,A00318,C0174,withdrawal,7820.44,2021-04-25,atm,Whiteboard Compelling Applications
T0004366,A00318,C0174,withdrawal,690.59,2023-06-28,online,Extend Innovative E-Services
T0004367,A00318,C0174,withdrawal,436.76,2021-01-20,online,E-Enable Rich Schemas
T0004368,A00318,C0174,withdrawal,760.11,2022-10-13,mobile,Revolutionize Ubiquitous Architectures
T0004369,A00318,C0174,withdrawal,3783.5,04-18-2023,atm,Harness Out-Of-The-Box Solutions
T0004370,A00318,C0174,deposit,11597.04,04-29-2024,atm,Productize Revolutionary Paradigms
T0004371,A00318,C0174,payment,2198.08,2023-03-16,atm,Grow Dynamic Synergies
T0004372,A00318,C0174,payment,2533.87,05-17-2021,online,Maximize Synergistic Web-Readiness
T0004373,A00318,C0174,TRANSFER,5624.58,2022-09-29,mobile,Repurpose Out-Of-The-Box Experiences
T0004374,A00318,C0174,deposit,12718.71,11-12-2021,branch,Facilitate Next-Generation Synergies
T0004375,A00319,C0175,deposit,7682.65,2022-04-23,online,Harness Plug-And-Play Infrastructures
T0004376,A00319,C0175,deposit,7971.27,01-23-2021,mobile,Enable Mission-Critical Metrics
T0004377,A00319,C0175,payment,215.26,2019-07-03,branch,Mesh One-To-One Applications
T0004378,A00319,C0175,payment,1568.29,04-04-2021,branch,Enable Collaborative Models
T0004379,A00319,C0175,payment,1543.81,05-12-2023,branch,Engage Cross-Platform Initiatives
T0004380,A00319,C0175,deposit,11926.34,10-24-2024,mobile,Re-Intermediate Robust Functionalities
T0004381,A00319,C0175,withdrawal,96.95,2024-08-30,mobile,Harness Interactive Content
T0004382,A00319,C0175,withdrawal,519.51,08-19-2020,branch,Incubate Cutting-Edge Technologies
T0004383,A00319,C0175,withdrawal,2459.72,2019-12-10,atm,Integrate Sticky Markets
T0004384,A00320,C0176,transfer,3871.39,2020-11-28,online,Monetize Global Portals
T0004385,A00320,C0176,withdrawal,6910.55,2018-05-17,atm,Transition Enterprise Eyeballs
T0004386,A00320,C0176,transfer,1520.17,2022-01-01,atm,Empower Cross-Platform E-Markets
T0004387,A00320,C0176,WITHDRAWAL,5887.06,2021-07-07,mobile,Optimize Bricks-And-Clicks Partnerships
T0004388,A00320,C0176,payment,1781.54,06-26-2021,mobile,Synthesize Extensible Content
T0004389,A00320,C0176,payment,2960.94,2023-11-03,branch,Deploy Vertical Web-Readiness
T0004390,A00320,C0176,payment,418.29,2019-08-04,atm,Envisioneer World-Class Roi
T0004391,A00320,C0176,TRANSFER,3451.49,2021-06-15,atm,Unleash E-Business Channels
T0004392,A00320,C0176,transfer,4609.42,2017-10-29,online,Re-Contextualize Mission-Critical Relationships
T0004393,A00320,C0176,deposit,770.95,2024-12-20,atm,Embrace Mission-Critical Portals
T0004394,A00320,C0176,deposit,303.58,2022-08-13,branch,Revolutionize Open-Source Vortals
T0004395,A00320,C0176,transfer,1326.53,11-26-2024,online,Matrix 24/7 Roi
T0004396,A00320,C0176,transfer,5315.3,2023-04-19,atm,Maximize Killer Applications
T0004397,A00320,C0176,deposit,4457.4,06-17-2020,atm,Exploit Strategic E-Services
T0004398,A00321,C0176,TRANSFER,2394.38,2023-05-06,mobile,Streamline Efficient Content
T0004399,A00321,C0176,withdrawal,1382.16,2024-02-10,atm,E-Enable Strategic Schemas
T0004400,A00321,C0176,withdrawal,5685.63,2023-01-27,atm,Re-Contextualize Seamless Schemas
T0004401,A00321,C0176,deposit,7798.78,2023-05-28,online,Repurpose Seamless Platforms
T0004402,A00321,C0176,deposit,2194.72,2024-03-20,mobile,Productize Wireless Paradigms
T0004403,A00321,C0176,withdrawal,4319.73,2024-02-14,online,Monetize Next-Generation Infrastructures
T0004404,A00322,C0177,withdrawal,1516.5,2022-08-06,mobile,Repurpose Open-Source Niches
T0004405,A00322,C0177,withdrawal,7411.32,2020-02-28,atm,Extend Scalable Channels
T0004406,A00323,C0177,withdrawal,809.07,2024-08-23,atm,Optimize Mission-Critical Applications
T0004407,A00323,C0177,payment,1282.11,2023-11-29,branch,Implement Sticky Info-Mediaries
T0004408,A00323,C0177,fee,49.19,05-22-2022,online,Integrate Collaborative Relationships
T0004409,A00323,C0177,DEPOSIT,3303.69,2019-12-02,online,Strategize Sticky Portals
T0004410,A00323,C0177,withdrawal,2746.92,08-18-2020,mobile,Leverage Interactive Infrastructures
T0004411,A00323,C0177,withdrawal,6207.38,2024-03-19,branch,Facilitate Frictionless Roi
T0004412,A00323,C0177,fee,27.13,11-15-2022,online,Visualize Sticky Functionalities
T0004413,A00323,C0177,payment,1016.31,12-30-2020,online,Exploit Vertical Info-Mediaries
T0004414,A00323,C0177,payment,2216.29,06-06-2024,branch,Architect End-To-End Communities
T0004415,A00323,C0177,deposit,7046.75,02-16-2024,online,Extend Web-Enabled E-Markets
T0004416,A00323,C0177,WITHDRAWAL,4490.99,2021-07-13,mobile,Implement Real-Time Networks
T0004417,A00323,C0177,withdrawal,1677.65,2024-08-21,atm,Generate Dynamic Models
T0004418,A00323,C0177,transfer,5262.8,2019-12-16,online,Engage Web-Enabled Markets
T0004419,A00323,C0177,transfer,7690.25,2023-09-08,online,Brand Killer E-Business
T0004420,A00323,C0177,payment,,2023-10-07,branch,Repurpose Integrated Solutions
T0004421,A00323,C0177,WITHDRAWAL,5974.11,03-25-2023,online,Transition Distributed Convergence
T0004422,A00324,C0178,PAYMENT,248.66,2021-10-11,branch,Enable Wireless Applications
T0004423,A00324,C0178,PAYMENT,2954.43,2020-06-25,atm,Deploy Front-End Niches
T0004424,A00324,C0178,transfer,2534.89,2020-07-31,online,Incentivize 24/7 E-Markets
T0004425,A00324,C0178,TRANSFER,357.26,2021-10-20,online,Morph Rich Synergies
T0004426,A00324,C0178,PAYMENT,2394.83,2022-10-02,online,Embrace Wireless Applications
T0004427,A00324,C0178,deposit,961.9,2019-07-21,branch,Aggregate Dot-Com Channels
T0004428,A00324,C0178,deposit,6942.53,2022-06-07,mobile,Maximize Viral Experiences
T0004429,A00324,C0178,payment,2798.67,2019-11-09,mobile,Benchmark 24/7 Web Services
T0004430,A00324,C0178,withdrawal,3228.41,2021-05-19,mobile,Incentivize End-To-End Paradigms
T0004431,A00324,C0178,deposit,5262.75,2019-12-17,mobile,Enhance Interactive Paradigms
T0004432,A00324,C0178,DEPOSIT,3667.82,10-28-2021,online,Drive Intuitive Methodologies
T0004433,A00325,C0178,withdrawal,2587.62,2023-01-29,mobile,Strategize Global E-Tailers
T0004434,A00325,C0178,withdrawal,7645.9,2020-01-27,mobile,Empower One-To-One Networks
T0004435,A00325,C0178,deposit,9777.39,04-19-2023,mobile,Implement Best-Of-Breed Initiatives
T0004436,A00325,C0178,WITHDRAWAL,4686.57,03-01-2024,branch,E-Enable Value-Added E-Markets
T0004437,A00325,C0178,WITHDRAWAL,7020.22,07-26-2021,online,Transform Cross-Platform E-Tailers
T0004438,A00325,C0178,DEPOSIT,5923.67,2021-09-10,online,Grow B2B Eyeballs
T0004439,A00325,C0178,deposit,7645.47,04-07-2023,branch,Drive 24/7 Relationships
T0004440,A00325,C0178,withdrawal,3666.35,03-17-2022,branch,Harness Transparent Architectures
T0004441,A00326,C0179,WITHDRAWAL,6130.36,2024-01-10,mobile,Repurpose Efficient Systems
T0004442,A00326,C0179,deposit,13715.98,2021-12-14,atm,Repurpose 24/365 Functionalities
T0004443,A00326,C0179,WITHDRAWAL,3034.13,2019-05-06,atm,Orchestrate Best-Of-Breed Architectures
T0004444,A00326,C0179,DEPOSIT,10586.69,2020-03-26,mobile,Seize Dynamic Web Services
T0004445,A00326,C0179,deposit,1617.4,03-20-2018,mobile,Iterate Interactive Models
T0004446,A00326,C0179,TRANSFER,1653.81,2020-12-25,atm,Synthesize Efficient E-Commerce
T0004447,A00326,C0179,payment,138.13,2021-12-13,atm,Streamline Dot-Com Synergies
T0004448,A00326,C0179,DEPOSIT,10055.72,2018-10-02,online,Brand Plug-And-Play Communities
T0004449,A00326,C0179,WITHDRAWAL,1727.67,2018-11-16,atm,Streamline Leading-Edge Bandwidth
T0004450,A00326,C0179,withdrawal,1684.07,12-16-2018,branch,Mesh Distributed E-Tailers
T0004451,A00326,C0179,payment,797.26,01-25-2023,atm,Deploy One-To-One Technologies
T0004452,A00326,C0179,deposit,1785.09,2024-12-10,branch,Orchestrate Front-End Niches
T0004453,A00326,C0179,withdrawal,1707.09,2023-12-30,online,Reinvent Cutting-Edge Synergies
T0004454,A00326,C0179,withdrawal,6382.36,10-23-2023,mobile,Syndicate Innovative Applications
T0004455,A00326,C0179,WITHDRAWAL,5567.48,2022-11-29,online,Target Cross-Media Content
T0004456,A00326,C0179,DEPOSIT,7609.56,2023-09-30,atm,Visualize Magnetic Systems
T0004457,A00326,C0179,withdrawal,,2024-03-28,atm,Aggregate Efficient Info-Mediaries
T0004458,A00326,C0179,deposit,10618.33,2021-04-16,atm,Synergize Real-Time Communities
T0004459,A00326,C0179,TRANSFER,3640.32,05-22-2023,mobile,Syndicate Magnetic Systems
T0004460,A00326,C0179,withdrawal,7108.36,09-27-2018,online,Productize Global Web-Readiness
T0004461,A00326,C0179,fee,41.27,2024-07-21,online,Revolutionize Web-Enabled Experiences
T0004462,A00326,C0179,transfer,6716.37,07-17-2018,atm,Synthesize Integrated E-Services
T0004463,A00326,C0179,deposit,14209.31,2017-10-01,online,Engage B2B Initiatives
T0004464,A00326,C0179,withdrawal,4396.05,01-17-2023,mobile,Empower Out-Of-The-Box Deliverables
T0004465,A00326,C0179,transfer,7695.17,09-01-2024,branch,Morph Mission-Critical Niches
T0004466,A00327,C0179,WITHDRAWAL,6092.63,2018-11-01,mobile,Cultivate Extensible Interfaces
T0004467,A00327,C0179,payment,291.94,08-02-2016,online,Utilize Innovative Networks
T0004468,A00327,C0179,deposit,13701.51,03-20-2023,atm,Matrix Sticky Action-Items
T0004469,A00327,C0179,withdrawal,5102.59,08-05-2018,mobile,Productize Front-End Portals
T0004470,A00327,C0179,deposit,1959.36,2016-09-08,branch,Exploit Interactive Web Services
T0004471,A00327,C0179,DEPOSIT,2544.54,2020-05-04,online,Re-Contextualize Viral Functionalities
T0004472,A00327,C0179,DEPOSIT,12718.37,2019-05-15,branch,Synthesize Clicks-And-Mortar Eyeballs
T0004473,A00327,C0179,transfer,5798.81,2017-05-20,atm,Utilize World-Class Schemas
T0004474,A00327,C0179,withdrawal,,2021-06-24,atm,Deploy Cross-Platform Synergies
T0004475,A00327,C0179,deposit,10623.78,2017-03-04,mobile,Syndicate Dynamic Roi
T0004476,A00327,C0179,transfer,,02-29-2024,online,Transform Extensible E-Commerce
T0004477,A00327,C0179,deposit,4097.3,2022-10-07,branch,Morph Real-Time Applications
T0004478,A00327,C0179,transfer,494.79,2022-08-10,mobile,Aggregate Wireless Web Services
T0004479,A00327,C0179,transfer,808.35,06-10-2024,branch,E-Enable Synergistic Platforms
T0004480,A00327,C0179,transfer,4361.01,2018-01-17,mobile,Synergize Collaborative E-Business
T0004481,A00328,C0179,TRANSFER,4473.01,2023-11-21,branch,Aggregate Interactive Vortals
T0004482,A00328,C0179,fee,43.95,2021-09-03,mobile,Integrate Cross-Platform Convergence
T0004483,A00328,C0179,deposit,5629.25,2019-08-07,mobile,Syndicate Web-Enabled Users
T0004484,A00328,C0179,payment,564.71,2020-08-25,online,Facilitate Rich E-Services
T0004485,A00328,C0179,payment,,04-10-2020,branch,Brand Vertical Partnerships
T0004486,A00328,C0179,withdrawal,880.9,2019-03-28,online,Transform Global E-Services
T0004487,A00328,C0179,deposit,5769.45,09-13-2017,mobile,Deploy Revolutionary E-Tailers
T0004488,A00328,C0179,transfer,1736.6,2018-06-01,mobile,Target Transparent Users
T0004489,A00329,C0180,withdrawal,3600.23,2024-09-27,branch,Extend Intuitive Platforms
T0004490,A00329,C0180,payment,462.82,2024-09-03,online,Innovate Visionary Channels
T0004491,A00329,C0180,transfer,6239.87,2024-08-28,branch,Enhance Killer E-Tailers
T0004492,A00329,C0180,PAYMENT,1248.17,2024-11-28,branch,Disintermediate Mission-Critical Paradigms
T0004493,A00329,C0180,withdrawal,1588.82,2024-09-06,online,Morph Value-Added Applications
T0004494,A00329,C0180,withdrawal,3816.85,08-22-2024,atm,Deploy 24/7 Niches
T0004495,A00329,C0180,deposit,7449.25,2024-08-27,branch,Visualize Customized E-Tailers
T0004496,A00329,C0180,fee,30.34,11-13-2024,online,Evolve Cross-Platform Action-Items
T0004497,A00330,C0180,DEPOSIT,6949.11,2024-08-28,branch,Re-Intermediate 24/7 Infrastructures
T0004498,A00330,C0180,transfer,1389.89,01-22-2024,online,Exploit Dot-Com Metrics
T0004499,A00330,C0180,deposit,12204.3,2024-02-29,online,Incubate Web-Enabled Paradigms
T0004500,A00330,C0180,withdrawal,623.05,2024-09-21,mobile,Syndicate Efficient Users
T0004501,A00330,C0180,deposit,1843.26,2024-09-14,atm,Leverage Clicks-And-Mortar Models
T0004502,A00330,C0180,payment,2132.74,2024-06-14,atm,Transition Killer E-Markets
T0004503,A00330,C0180,PAYMENT,2996.39,2024-07-31,online,Matrix Open-Source Platforms
T0004504,A00330,C0180,deposit,12125.76,2024-10-22,online,Evolve Bleeding-Edge Networks
T0004505,A00331,C0181,withdrawal,2465.02,2020-11-05,mobile,Empower Clicks-And-Mortar E-Commerce
T0004506,A00331,C0181,fee,11.51,02-11-2021,branch,Scale Cross-Media Convergence
T0004507,A00331,C0181,deposit,11808.45,2022-07-03,branch,Engineer Customized Schemas
T0004508,A00331,C0181,withdrawal,760.89,11-04-2021,mobile,Scale Frictionless Web-Readiness
T0004509,A00331,C0181,deposit,2757.2,2020-11-24,atm,Extend Mission-Critical Functionalities
T0004510,A00331,C0181,deposit,11001.9,2021-04-10,online,Maximize Vertical Web Services
T0004511,A00331,C0181,deposit,11141.52,01-31-2024,mobile,Empower Dynamic Roi
T0004512,A00331,C0181,payment,1133.72,06-22-2023,online,Transition Granular E-Services
T0004513,A00331,C0181,TRANSFER,3376.92,2021-12-24,atm,Extend Revolutionary Roi
T0004514,A00331,C0181,deposit,13848.09,2022-08-01,mobile,Aggregate Best-Of-Breed Solutions
T0004515,A00331,C0181,deposit,7011.0,2023-02-08,atm,Enable Distributed Bandwidth
T0004516,A00331,C0181,withdrawal,7764.68,2024-11-06,branch,Streamline Customized E-Services
T0004517,A00331,C0181,payment,2483.21,2022-04-30,atm,Re-Intermediate Global Paradigms
T0004518,A00331,C0181,withdrawal,913.34,02-02-2024,online,Embrace Best-Of-Breed Relationships
T0004519,A00331,C0181,deposit,8645.84,2021-07-20,online,Whiteboard Seamless Methodologies
T0004520,A00331,C0181,fee,29.17,2022-08-09,online,Brand B2C Partnerships
T0004521,A00331,C0181,payment,1626.07,2021-10-08,mobile,E-Enable Granular Info-Mediaries
T0004522,A00331,C0181,deposit,9119.42,2024-10-02,mobile,Synergize Clicks-And-Mortar Communities
T0004523,A00331,C0181,withdrawal,,2022-03-30,mobile,Disintermediate Robust Users
T0004524,A00331,C0181,deposit,5721.57,2021-07-10,online,Reinvent Next-Generation Platforms
T0004525,A00331,C0181,WITHDRAWAL,2168.49,2020-11-12,mobile,Evolve Granular E-Tailers
T0004526,A00331,C0181,deposit,11250.56,04-07-2022,mobile,Optimize B2C E-Markets
T0004527,A00331,C0181,withdrawal,726.79,2024-07-01,online,Transform User-Centric E-Services
T0004528,A00332,C0181,DEPOSIT,12703.24,08-25-2022,branch,Scale Frictionless Niches
T0004529,A00332,C0181,withdrawal,368.02,2020-05-18,mobile,Unleash Open-Source Systems
T0004530,A00332,C0181,transfer,6117.45,2023-02-06,branch,Leverage Killer Systems
T0004531,A00332,C0181,transfer,5848.29,02-06-2022,branch,Brand Virtual E-Business
T0004532,A00332,C0181,deposit,4924.23,2024-07-28,branch,E-Enable Visionary Niches
T0004533,A00332,C0181,withdrawal,4088.69,2021-06-17,atm,Harness Back-End Metrics
T0004534,A00332,C0181,payment,126.83,06-01-2022,branch,Architect Vertical Solutions
T0004535,A00332,C0181,DEPOSIT,14483.69,07-22-2020,mobile,Strategize Distributed Architectures
T0004536,A00332,C0181,deposit,,09-07-2021,online,Revolutionize Plug-And-Play Infrastructures
T0004537,A00333,C0182,fee,13.97,2018-02-10,mobile,Cultivate One-To-One Channels
T0004538,A00333,C0182,payment,1084.25,2019-01-13,atm,Productize Scalable E-Services
T0004539,A00334,C0182,transfer,,2018-12-23,online,Extend One-To-One Schemas
T0004540,A00334,C0182,withdrawal,3027.69,2016-11-05,atm,Syndicate Impactful Experiences
T0004541,A00334,C0182,transfer,3238.38,2024-12-25,branch,Benchmark Global Markets
T0004542,A00334,C0182,deposit,122.2,2023-04-20,online,Mesh Viral Users
T0004543,A00334,C0182,deposit,6122.6,2018-01-01,online,Matrix Bleeding-Edge Channels
T0004544,A00334,C0182,withdrawal,6849.87,11-25-2016,online,Incentivize Scalable Mindshare
T0004545,A00334,C0182,withdrawal,5936.23,2020-12-14,branch,Iterate Intuitive Action-Items
T0004546,A00334,C0182,deposit,7442.36,2019-04-12,mobile,Incubate Strategic Supply-Chains
T0004547,A00335,C0183,transfer,4264.82,07-30-2024,mobile,Mesh E-Business Portals
T0004548,A00335,C0183,transfer,376.94,2024-04-27,online,Morph Open-Source Schemas
T0004549,A00335,C0183,payment,1017.15,2023-10-07,online,Enable Virtual Paradigms
T0004550,A00335,C0183,payment,2730.13,2024-11-21,mobile,Brand Holistic E-Tailers
T0004551,A00335,C0183,fee,22.48,08-05-2023,online,Enable Magnetic Functionalities
T0004552,A00335,C0183,deposit,8971.04,2022-05-22,atm,Evolve B2B E-Business
T0004553,A00336,C0183,WITHDRAWAL,7124.74,2023-07-14,branch,Grow Intuitive E-Commerce
T0004554,A00336,C0183,deposit,1487.01,2024-01-31,online,Drive Strategic Vortals
T0004555,A00336,C0183,deposit,9081.73,2023-09-22,atm,Target Frictionless Methodologies
T0004556,A00336,C0183,deposit,7543.67,10-11-2024,atm,Empower Cross-Platform Web-Readiness
T0004557,A00336,C0183,fee,13.51,2023-04-03,atm,Integrate Value-Added Web-Readiness
T0004558,A00336,C0183,deposit,5477.13,2024-09-11,atm,Revolutionize Proactive Web-Readiness
T0004559,A00336,C0183,deposit,6222.45,2024-12-20,online,Evolve World-Class Communities
T0004560,A00336,C0183,withdrawal,7548.73,02-01-2024,atm,Engineer Strategic Infrastructures
T0004561,A00336,C0183,transfer,5638.35,08-18-2023,mobile,Scale Dynamic Info-Mediaries
T0004562,A00336,C0183,withdrawal,5734.59,2024-01-17,online,Exploit Mission-Critical Systems
T0004563,A00336,C0183,withdrawal,2150.63,2022-12-30,online,Generate Out-Of-The-Box Markets
T0004564,A00336,C0183,transfer,4321.82,03-23-2023,online,Generate Proactive Eyeballs
T0004565,A00336,C0183,withdrawal,7366.79,10-06-2024,branch,Seize Turn-Key Architectures
T0004566,A00336,C0183,withdrawal,7381.09,04-09-2024,atm,Innovate One-To-One Mindshare
T0004567,A00336,C0183,deposit,13365.71,2022-11-02,branch,Visualize Distributed Technologies
T0004568,A00337,C0184,WITHDRAWAL,7100.2,2024-02-21,mobile,Morph Granular Infrastructures
T0004569,A00338,C0185,payment,1408.03,2020-07-21,atm,Incubate B2B Metrics
T0004570,A00338,C0185,withdrawal,1294.96,2017-08-04,branch,Repurpose Compelling Technologies
T0004571,A00338,C0185,fee,5.78,2020-12-29,atm,Synthesize Intuitive Eyeballs
T0004572,A00338,C0185,deposit,1465.78,03-24-2015,branch,Reinvent Front-End Mindshare
T0004573,A00338,C0185,deposit,1787.12,2020-09-18,mobile,Re-Intermediate Revolutionary Vortals
T0004574,A00338,C0185,transfer,6294.69,2014-10-29,atm,Synergize Collaborative Paradigms
T0004575,A00338,C0185,withdrawal,2309.18,2021-01-11,mobile,Deliver User-Centric Bandwidth
T0004576,A00338,C0185,payment,191.89,11-02-2015,branch,Utilize Revolutionary Metrics
T0004577,A00338,C0185,deposit,6425.73,03-08-2018,online,Streamline Clicks-And-Mortar Web Services
T0004578,A00338,C0185,DEPOSIT,8445.29,2014-06-23,branch,Morph Interactive Architectures
T0004579,A00338,C0185,deposit,1391.48,2023-07-20,branch,Seize Cross-Platform Infrastructures
T0004580,A00338,C0185,FEE,10.72,2017-10-07,mobile,Disintermediate Efficient Deliverables
T0004581,A00338,C0185,withdrawal,1018.25,2014-10-23,atm,Orchestrate Wireless Architectures
T0004582,A00338,C0185,deposit,11044.66,2021-08-30,mobile,Maximize 24/7 Action-Items
T0004583,A00338,C0185,deposit,12232.71,2020-07-24,atm,Deploy B2C Niches
T0004584,A00338,C0185,withdrawal,387.11,2020-04-08,atm,Deliver Bleeding-Edge Vortals
T0004585,A00339,C0186,fee,23.85,2014-07-12,branch,Disintermediate Scalable Relationships
T0004586,A00339,C0186,withdrawal,7731.82,2018-01-06,online,Monetize Frictionless Networks
T0004587,A00339,C0186,withdrawal,74.61,04-07-2013,mobile,Synergize Revolutionary Schemas
T0004588,A00339,C0186,fee,18.91,2015-11-21,branch,Unleash Revolutionary Functionalities
T0004589,A00339,C0186,deposit,8397.1,2017-02-09,mobile,Syndicate Scalable E-Markets
T0004590,A00339,C0186,withdrawal,3290.46,2013-02-25,branch,Architect Web-Enabled E-Markets
T0004591,A00339,C0186,payment,2273.02,2014-12-13,branch,Expedite Ubiquitous E-Business
T0004592,A00339,C0186,transfer,1482.52,2021-07-31,mobile,Seize Vertical E-Business
T0004593,A00339,C0186,WITHDRAWAL,6781.49,2011-05-18,mobile,Revolutionize Viral Channels
T0004594,A00339,C0186,payment,2351.68,03-02-2019,branch,Optimize Leading-Edge Niches
T0004595,A00339,C0186,DEPOSIT,1195.0,2014-03-17,mobile,Exploit Scalable Initiatives
T0004596,A00339,C0186,payment,1331.57,2020-06-16,atm,Cultivate Impactful Portals
T0004597,A00339,C0186,WITHDRAWAL,6642.36,2017-11-14,branch,E-Enable 24/7 Schemas
T0004598,A00340,C0186,transfer,2905.61,2012-08-15,online,Redefine Clicks-And-Mortar Portals
T0004599,A00340,C0186,FEE,9.9,07-13-2020,atm,Whiteboard Back-End Experiences
T0004600,A00340,C0186,withdrawal,7947.51,2022-07-02,branch,Reinvent Collaborative Models
T0004601,A00340,C0186,DEPOSIT,12968.21,2014-02-02,branch,Matrix Interactive Deliverables
T0004602,A00340,C0186,DEPOSIT,10904.57,03-04-2018,mobile,Aggregate Enterprise Solutions
T0004603,A00341,C0187,PAYMENT,460.94,2017-09-20,atm,Mesh Innovative Interfaces
T0004604,A00341,C0187,transfer,6750.94,2024-11-16,atm,Empower Interactive Eyeballs
T0004605,A00341,C0187,withdrawal,4607.16,11-05-2017,branch,Innovate Innovative Eyeballs
T0004606,A00341,C0187,fee,,2016-03-15,atm,Scale Wireless E-Business
T0004607,A00341,C0187,deposit,12284.49,2024-12-29,online,Innovate Distributed Communities
T0004608,A00341,C0187,transfer,4907.42,2017-02-22,branch,Mesh Extensible E-Markets
T0004609,A00341,C0187,withdrawal,4258.95,2022-02-21,mobile,Monetize Granular Web-Readiness
T0004610,A00341,C0187,deposit,10046.92,2018-10-21,branch,Incentivize Next-Generation Channels
T0004611,A00341,C0187,deposit,10173.66,06-14-2019,atm,Disintermediate User-Centric E-Tailers
T0004612,A00341,C0187,payment,1513.04,08-15-2021,branch,Transform Extensible Portals
T0004613,A00341,C0187,deposit,7776.42,2024-02-17,mobile,Evolve Plug-And-Play Paradigms
T0004614,A00341,C0187,DEPOSIT,6107.02,2022-01-11,atm,Transition Integrated Technologies
T0004615,A00341,C0187,deposit,12708.8,2024-09-09,online,Whiteboard Integrated Communities
T0004616,A00341,C0187,DEPOSIT,2456.92,2016-07-02,atm,Seize Out-Of-The-Box Technologies
T0004617,A00341,C0187,deposit,11258.79,2019-07-01,online,Cultivate Revolutionary Roi
T0004618,A00341,C0187,DEPOSIT,12954.69,2024-02-26,online,Strategize Bleeding-Edge Methodologies
T0004619,A00341,C0187,WITHDRAWAL,2501.42,2023-12-14,mobile,Disintermediate Cross-Platform Users
T0004620,A00341,C0187,payment,726.76,2016-01-22,branch,Innovate Viral Technologies
T0004621,A00341,C0187,transfer,5142.04,02-19-2017,mobile,Aggregate Vertical Web Services
T0004622,A00341,C0187,FEE,14.12,2016-08-08,online,Evolve Collaborative Architectures
T0004623,A00341,C0187,deposit,8940.38,2023-11-06,online,Monetize Transparent Niches
T0004624,A00341,C0187,DEPOSIT,4176.54,2016-11-28,online,Cultivate Distributed Mindshare
T0004625,A00341,C0187,deposit,14054.96,2018-05-13,online,Maximize Vertical E-Services
T0004626,A00341,C0187,DEPOSIT,10363.39,09-16-2018,online,Drive Sticky Relationships
T0004627,A00341,C0187,payment,2288.16,08-16-2022,mobile,Incentivize Virtual Niches
T0004628,A00342,C0188,payment,2275.43,2022-01-21,branch,Facilitate Global Bandwidth
T0004629,A00342,C0188,transfer,4942.38,2023-06-17,online,Re-Intermediate Leading-Edge Methodologies
T0004630,A00342,C0188,deposit,,2024-04-25,atm,Scale Cross-Platform Paradigms
T0004631,A00342,C0188,payment,992.68,2024-02-01,atm,Envisioneer Leading-Edge Technologies
T0004632,A00342,C0188,transfer,634.79,2021-07-10,mobile,Incentivize Best-Of-Breed E-Tailers
T0004633,A00342,C0188,deposit,7975.13,2023-05-19,online,Architect Synergistic Solutions
T0004634,A00342,C0188,withdrawal,1348.41,2021-08-06,mobile,E-Enable Dot-Com Applications
T0004635,A00342,C0188,TRANSFER,3783.96,2024-05-26,mobile,Harness 24/7 Interfaces
T0004636,A00342,C0188,TRANSFER,5726.17,2024-10-29,mobile,Drive Magnetic Eyeballs
T0004637,A00343,C0188,DEPOSIT,460.98,2023-02-22,online,Exploit Sticky Infrastructures
T0004638,A00343,C0188,withdrawal,6681.62,04-07-2024,branch,Transform Ubiquitous Deliverables
T0004639,A00343,C0188,transfer,7035.34,2021-12-14,mobile,Target 24/7 Users
T0004640,A00343,C0188,withdrawal,6203.65,2022-03-23,branch,Streamline 24/365 Action-Items
T0004641,A00343,C0188,withdrawal,1828.95,2023-07-15,mobile,Benchmark E-Business Functionalities
T0004642,A00343,C0188,withdrawal,866.22,2023-03-02,online,Innovate 24/365 Models
T0004643,A00343,C0188,payment,1645.62,11-01-2021,atm,Architect Global Interfaces
T0004644,A00343,C0188,withdrawal,,2022-10-15,online,Visualize World-Class E-Services
T0004645,A00343,C0188,deposit,3890.55,11-24-2020,atm,Integrate Transparent Paradigms
T0004646,A00343,C0188,payment,413.51,2021-11-26,mobile,Drive Intuitive Infrastructures
T0004647,A00343,C0188,deposit,12372.4,2021-11-10,mobile,Redefine Rich Vortals
T0004648,A00344,C0189,fee,32.11,2024-11-24,mobile,Synergize Mission-Critical Bandwidth
T0004649,A00344,C0189,withdrawal,3658.03,2023-07-26,mobile,Deliver Transparent Schemas
T0004650,A00344,C0189,withdrawal,3123.69,2024-03-17,mobile,Drive Value-Added Synergies
T0004651,A00344,C0189,transfer,549.02,04-19-2024,online,Redefine Viral E-Tailers
T0004652,A00344,C0189,withdrawal,7860.69,2021-11-07,atm,Transition Proactive Web-Readiness
T0004653,A00344,C0189,transfer,7022.23,2024-05-19,branch,Benchmark Sticky Supply-Chains
T0004654,A00344,C0189,withdrawal,5891.68,12-22-2020,mobile,Revolutionize Next-Generation Initiatives
T0004655,A00344,C0189,payment,1171.3,2022-02-22,online,Engage End-To-End Metrics
T0004656,A00344,C0189,PAYMENT,660.58,03-02-2023,atm,Mesh Value-Added Action-Items
T0004657,A00345,C0189,transfer,,2024-04-25,branch,Scale Enterprise Supply-Chains
T0004658,A00346,C0189,transfer,5564.81,2022-04-08,branch,Syndicate Rich Portals
T0004659,A00346,C0189,deposit,8150.35,2024-04-27,atm,Drive Front-End Metrics
T0004660,A00346,C0189,DEPOSIT,402.6,2023-11-26,atm,Embrace Next-Generation Synergies
T0004661,A00346,C0189,transfer,4813.48,09-06-2021,online,Matrix Killer Interfaces
T0004662,A00346,C0189,withdrawal,1844.49,2021-03-02,branch,Disintermediate Cross-Media Channels
T0004663,A00346,C0189,withdrawal,588.72,2021-08-24,mobile,Matrix Leading-Edge Partnerships
T0004664,A00346,C0189,transfer,5720.17,02-15-2023,mobile,Monetize Intuitive Initiatives
T0004665,A00346,C0189,deposit,10708.08,2024-12-30,branch,Cultivate Front-End Platforms
T0004666,A00346,C0189,TRANSFER,7487.03,05-18-2022,atm,Incubate Distributed E-Services
T0004667,A00346,C0189,WITHDRAWAL,743.91,2022-05-21,online,Enhance Impactful Deliverables
T0004668,A00346,C0189,deposit,1821.45,2022-11-28,atm,Syndicate Cross-Platform Web-Readiness
T0004669,A00346,C0189,withdrawal,6154.29,2023-11-17,branch,Benchmark Global E-Markets
T0004670,A00346,C0189,withdrawal,6470.91,10-31-2023,mobile,Aggregate Frictionless Communities
T0004671,A00346,C0189,WITHDRAWAL,1989.32,10-07-2021,atm,Architect B2B Partnerships
T0004672,A00346,C0189,transfer,7316.86,11-18-2022,online,Incentivize Customized Niches
T0004673,A00346,C0189,withdrawal,629.35,2021-11-06,mobile,Facilitate Cross-Platform E-Markets
T0004674,A00346,C0189,withdrawal,805.87,11-05-2023,branch,Optimize E-Business Portals
T0004675,A00347,C0190,withdrawal,805.73,2024-01-31,atm,Re-Contextualize Robust Technologies
T0004676,A00347,C0190,deposit,12818.52,2017-04-13,online,Enable Transparent Paradigms
T0004677,A00347,C0190,withdrawal,1832.12,11-19-2024,mobile,E-Enable Bricks-And-Clicks Functionalities
T0004678,A00347,C0190,deposit,11812.18,11-19-2011,mobile,Utilize Cross-Platform Action-Items
T0004679,A00347,C0190,transfer,3394.35,2019-10-03,mobile,Synthesize Impactful E-Commerce
T0004680,A00347,C0190,deposit,5403.64,12-20-2021,mobile,Brand Revolutionary Deliverables
T0004681,A00347,C0190,deposit,3093.43,2013-09-28,mobile,Scale Mission-Critical Initiatives
T0004682,A00347,C0190,WITHDRAWAL,6447.96,2014-03-17,mobile,Extend End-To-End E-Commerce
T0004683,A00347,C0190,fee,38.87,05-20-2023,mobile,Revolutionize Vertical Paradigms
T0004684,A00347,C0190,DEPOSIT,,10-31-2012,atm,Aggregate Leading-Edge Deliverables
T0004685,A00347,C0190,withdrawal,6215.01,2016-07-30,mobile,Matrix Best-Of-Breed Relationships
T0004686,A00347,C0190,PAYMENT,2523.2,2018-02-09,atm,Synergize Impactful Metrics
T0004687,A00347,C0190,transfer,3078.91,10-03-2021,branch,Evolve Proactive Architectures
T0004688,A00347,C0190,deposit,3930.42,2024-01-30,mobile,Orchestrate Ubiquitous Partnerships
T0004689,A00347,C0190,withdrawal,1197.05,04-22-2023,mobile,Harness Killer Platforms
T0004690,A00347,C0190,WITHDRAWAL,6674.57,08-19-2015,online,Reinvent Killer Portals
T0004691,A00347,C0190,withdrawal,2020.36,2021-07-10,online,Productize Cross-Platform Convergence
T0004692,A00347,C0190,transfer,3030.43,2021-06-13,branch,Streamline User-Centric Mindshare
T0004693,A00347,C0190,WITHDRAWAL,559.43,09-08-2014,branch,Engage Viral E-Commerce
T0004694,A00348,C0190,transfer,7735.82,2015-12-24,mobile,Maximize Sticky Models
T0004695,A00348,C0190,withdrawal,1124.14,2021-12-25,branch,Whiteboard Holistic E-Commerce
T0004696,A00348,C0190,payment,1299.4,2016-03-12,mobile,Engineer B2B E-Business
T0004697,A00348,C0190,deposit,13444.02,12-06-2024,online,Architect Back-End Technologies
T0004698,A00348,C0190,withdrawal,7490.29,2017-03-19,mobile,Extend Revolutionary Initiatives
T0004699,A00348,C0190,transfer,1427.39,2024-07-28,atm,Incentivize Seamless Schemas
T0004700,A00348,C0190,TRANSFER,2092.47,2019-08-15,atm,Implement Customized Solutions
T0004701,A00348,C0190,TRANSFER,7549.85,11-18-2011,branch,Facilitate Seamless Action-Items
T0004702,A00348,C0190,deposit,6300.89,2021-12-12,online,Syndicate Global E-Markets
T0004703,A00348,C0190,TRANSFER,3605.99,2018-08-26,atm,Integrate Killer E-Services
T0004704,A00348,C0190,withdrawal,5460.86,07-05-2011,atm,Visualize Out-Of-The-Box E-Business
T0004705,A00348,C0190,withdrawal,5899.23,2020-07-15,mobile,Drive 24/7 Markets
T0004706,A00348,C0190,transfer,2767.21,07-09-2022,branch,Transform Out-Of-The-Box Systems
T0004707,A00348,C0190,payment,1764.22,2021-02-04,online,Scale Vertical Metrics
T0004708,A00348,C0190,payment,1585.64,2016-09-20,branch,Transition Scalable Mindshare
T0004709,A00348,C0190,withdrawal,6885.3,05-15-2015,branch,Disintermediate Innovative Technologies
T0004710,A00348,C0190,transfer,1458.49,2021-07-10,branch,Envisioneer Viral Web-Readiness
T0004711,A00348,C0190,payment,450.2,03-31-2015,online,Unleash Customized Portals
T0004712,A00349,C0190,PAYMENT,2492.1,2013-09-12,mobile,Benchmark Frictionless Interfaces
T0004713,A00350,C0191,deposit,7402.71,2022-05-30,mobile,Engineer Next-Generation E-Business
T0004714,A00350,C0191,DEPOSIT,4453.19,2017-06-13,atm,Maximize Enterprise Web Services
T0004715,A00350,C0191,deposit,12565.39,2016-11-19,mobile,Envisioneer Ubiquitous Infrastructures
T0004716,A00350,C0191,WITHDRAWAL,278.41,2022-01-28,branch,Matrix Distributed Eyeballs
T0004717,A00350,C0191,payment,2866.51,2016-10-07,online,Incubate Bricks-And-Clicks Applications
T0004718,A00350,C0191,transfer,6455.64,2017-12-06,branch,Synergize Interactive Eyeballs
T0004719,A00350,C0191,payment,2243.16,2015-12-09,online,Facilitate Sticky Technologies
T0004720,A00350,C0191,fee,45.07,2016-09-04,branch,Utilize Extensible Networks
T0004721,A00350,C0191,withdrawal,3973.74,2023-03-20,online,Re-Intermediate Dynamic Roi
T0004722,A00350,C0191,withdrawal,221.68,2016-04-14,online,Matrix Dynamic Platforms
T0004723,A00350,C0191,withdrawal,7098.73,2020-08-28,online,Reinvent Magnetic Technologies
T0004724,A00350,C0191,PAYMENT,250.35,2018-01-10,branch,Revolutionize B2B E-Commerce
T0004725,A00350,C0191,payment,127.62,2020-08-08,atm,Strategize Leading-Edge E-Markets
T0004726,A00350,C0191,deposit,541.83,2023-04-16,branch,Re-Intermediate Vertical Schemas
T0004727,A00350,C0191,deposit,12535.2,2017-12-11,branch,Syndicate B2C Interfaces
T0004728,A00350,C0191,payment,1136.44,2018-06-14,branch,Whiteboard 24/7 Bandwidth
T0004729,A00350,C0191,payment,1327.3,2016-11-15,atm,Engineer Next-Generation Web-Readiness
T0004730,A00350,C0191,withdrawal,7831.53,2024-05-19,online,Visualize Visionary Roi
T0004731,A00350,C0191,deposit,8464.18,2021-08-29,mobile,Extend Killer Content
T0004732,A00350,C0191,PAYMENT,787.73,2024-02-01,branch,Engage Bleeding-Edge Deliverables
T0004733,A00350,C0191,TRANSFER,,2019-07-12,atm,Expedite Magnetic Vortals
T0004734,A00351,C0191,transfer,5910.52,2023-08-26,branch,Repurpose Bricks-And-Clicks Experiences
T0004735,A00351,C0191,withdrawal,1280.87,2017-03-29,mobile,Incentivize Global Web Services
T0004736,A00351,C0191,withdrawal,714.31,2017-11-01,online,Productize Vertical Technologies
T0004737,A00351,C0191,deposit,9800.65,2020-02-28,atm,Transition Clicks-And-Mortar Convergence
T0004738,A00351,C0191,withdrawal,3445.32,2024-06-22,branch,Deploy 24/7 Eyeballs
T0004739,A00351,C0191,transfer,3631.45,2020-08-22,atm,Productize User-Centric Supply-Chains
T0004740,A00351,C0191,withdrawal,1346.31,2017-09-27,atm,Utilize B2B Interfaces
T0004741,A00351,C0191,fee,31.47,2019-10-21,atm,Benchmark Synergistic Users
T0004742,A00351,C0191,transfer,4699.35,2022-10-21,online,Innovate B2B E-Commerce
T0004743,A00351,C0191,transfer,4055.21,11-21-2020,mobile,Repurpose Real-Time Infrastructures
T0004744,A00351,C0191,PAYMENT,1261.9,2019-03-12,mobile,Generate Enterprise Networks
T0004745,A00352,C0191,withdrawal,6970.88,2024-06-22,branch,Synergize Cross-Media E-Markets
T0004746,A00352,C0191,withdrawal,5327.56,07-10-2016,online,Whiteboard Intuitive E-Tailers
T0004747,A00352,C0191,FEE,43.0,2022-05-12,online,Implement Compelling E-Commerce
T0004748,A00352,C0191,deposit,1212.43,2017-11-19,atm,Transform B2B Solutions
T0004749,A00352,C0191,PAYMENT,904.89,2024-09-25,branch,Exploit Turn-Key Networks
T0004750,A00352,C0191,deposit,3922.77,2022-12-22,online,Facilitate 24/7 Portals
T0004751,A00352,C0191,deposit,13486.35,2022-08-01,atm,E-Enable Dynamic Niches
T0004752,A00352,C0191,deposit,2641.03,2018-03-08,branch,Strategize B2C Action-Items
T0004753,A00352,C0191,withdrawal,345.08,2018-10-08,atm,Benchmark Extensible Mindshare
T0004754,A00352,C0191,PAYMENT,1038.72,05-03-2023,online,Empower Revolutionary Web-Readiness
T0004755,A00352,C0191,transfer,5840.5,2017-04-18,atm,E-Enable Frictionless Info-Mediaries
T0004756,A00352,C0191,withdrawal,5748.95,03-16-2019,online,Engineer Magnetic Synergies
T0004757,A00352,C0191,payment,1746.88,07-23-2018,atm,Implement User-Centric Metrics
T0004758,A00352,C0191,payment,1875.11,2023-10-27,branch,Strategize Integrated Partnerships
T0004759,A00352,C0191,payment,890.68,03-09-2018,branch,Streamline One-To-One Architectures
T0004760,A00352,C0191,payment,1780.37,06-11-2020,branch,Deliver 24/365 Partnerships
T0004761,A00352,C0191,payment,89.69,2016-02-08,branch,Evolve Dynamic E-Business
T0004762,A00352,C0191,deposit,14490.48,2017-05-25,atm,Facilitate Proactive Markets
T0004763,A00352,C0191,deposit,2467.3,2024-06-18,online,Optimize Enterprise Deliverables
T0004764,A00353,C0192,transfer,3154.72,2023-10-03,branch,Streamline Efficient Infrastructures
T0004765,A00353,C0192,deposit,3678.77,12-23-2022,mobile,Envisioneer Intuitive Vortals
T0004766,A00353,C0192,deposit,7242.78,12-12-2023,atm,Streamline Ubiquitous E-Markets
T0004767,A00353,C0192,withdrawal,1297.22,2024-06-20,online,Revolutionize Virtual Functionalities
T0004768,A00353,C0192,deposit,,2023-11-24,atm,Mesh 24/365 Applications
T0004769,A00353,C0192,deposit,3087.08,2024-08-13,mobile,Grow Transparent Functionalities
T0004770,A00353,C0192,transfer,6378.7,2023-10-12,branch,Orchestrate Scalable Relationships
T0004771,A00353,C0192,withdrawal,626.59,2023-04-30,branch,Enhance Efficient Niches
T0004772,A00353,C0192,withdrawal,1872.31,02-06-2023,mobile,Utilize Rich Systems
T0004773,A00353,C0192,payment,2566.36,03-07-2023,atm,Grow Front-End Interfaces
T0004774,A00353,C0192,withdrawal,5348.88,2024-02-23,mobile,Leverage Leading-Edge Systems
T0004775,A00353,C0192,WITHDRAWAL,7180.45,2023-07-11,branch,Matrix Global Interfaces
T0004776,A00353,C0192,deposit,9331.12,10-14-2024,online,Engineer Transparent Web Services
T0004777,A00353,C0192,PAYMENT,693.42,2024-01-29,online,Enable Global Convergence
T0004778,A00353,C0192,TRANSFER,5285.56,06-02-2024,atm,Utilize E-Business Models
T0004779,A00353,C0192,payment,818.74,2023-09-14,branch,Drive Collaborative Architectures
T0004780,A00353,C0192,transfer,521.1,2023-04-15,branch,Re-Contextualize Scalable Communities
T0004781,A00353,C0192,withdrawal,2556.0,10-01-2023,atm,Maximize Innovative Portals
T0004782,A00353,C0192,transfer,1133.8,2023-05-29,online,Utilize Impactful Deliverables
T0004783,A00353,C0192,deposit,12627.68,08-29-2023,mobile,Innovate Back-End Partnerships
T0004784,A00353,C0192,payment,1388.38,03-06-2024,branch,Aggregate 24/365 Solutions
T0004785,A00353,C0192,WITHDRAWAL,7791.12,2023-07-21,atm,Target Bleeding-Edge Infrastructures
T0004786,A00354,C0192,deposit,1446.69,2022-12-21,branch,Re-Contextualize End-To-End Vortals
T0004787,A00354,C0192,payment,1888.56,08-03-2024,atm,Seize Frictionless Solutions
T0004788,A00354,C0192,PAYMENT,2375.74,2024-07-26,branch,Seize Wireless Platforms
T0004789,A00354,C0192,payment,32.2,08-31-2024,mobile,Target Strategic Bandwidth
T0004790,A00354,C0192,DEPOSIT,7416.0,12-26-2023,mobile,Implement Best-Of-Breed Communities
T0004791,A00354,C0192,WITHDRAWAL,7693.91,2024-12-05,branch,Innovate Sticky Infrastructures
T0004792,A00354,C0192,deposit,8864.04,09-22-2024,mobile,Expedite Granular Synergies
T0004793,A00354,C0192,deposit,13095.48,2023-08-06,online,Synergize One-To-One E-Services
T0004794,A00354,C0192,withdrawal,5736.96,2023-01-25,atm,Engineer Cutting-Edge Action-Items
T0004795,A00354,C0192,DEPOSIT,13257.14,10-26-2023,atm,Transition Turn-Key Channels
T0004796,A00354,C0192,withdrawal,6279.42,05-21-2024,branch,Target Rich Users
T0004797,A00354,C0192,TRANSFER,1390.93,12-05-2024,atm,Maximize Cross-Media Architectures
T0004798,A00354,C0192,withdrawal,6354.0,2024-07-25,branch,Embrace Dynamic E-Tailers
T0004799,A00354,C0192,payment,63.79,2023-09-27,atm,Grow Intuitive Web Services
T0004800,A00354,C0192,withdrawal,5274.53,2023-09-20,branch,Incubate Distributed Content
T0004801,A00354,C0192,WITHDRAWAL,1749.32,2023-08-15,atm,Morph Scalable Communities
T0004802,A00355,C0193,PAYMENT,1181.45,2022-04-10,branch,Cultivate World-Class Markets
T0004803,A00355,C0193,deposit,5287.93,10-16-2022,online,Orchestrate Impactful Technologies
T0004804,A00355,C0193,DEPOSIT,10953.57,2024-10-24,mobile,Deliver Revolutionary Platforms
T0004805,A00355,C0193,transfer,7911.08,2022-10-07,mobile,Brand Efficient Technologies
T0004806,A00355,C0193,withdrawal,1525.85,2022-10-15,atm,Streamline Web-Enabled Systems
T0004807,A00355,C0193,transfer,743.3,2022-11-01,branch,Architect Dot-Com Platforms
T0004808,A00355,C0193,deposit,4139.23,09-25-2022,atm,Strategize Collaborative Users
T0004809,A00355,C0193,transfer,6308.73,2022-10-21,mobile,Transform B2B Bandwidth
T0004810,A00355,C0193,deposit,10419.68,2024-01-13,online,Extend Rich Web Services
T0004811,A00355,C0193,withdrawal,,07-30-2022,atm,Deliver Frictionless Roi
T0004812,A00355,C0193,fee,21.26,02-12-2022,branch,Optimize Value-Added Communities
T0004813,A00355,C0193,deposit,12547.51,2022-11-11,online,Whiteboard E-Business Models
T0004814,A00355,C0193,transfer,4923.9,12-05-2021,online,Productize Viral Platforms
T0004815,A00355,C0193,withdrawal,1979.97,04-18-2022,branch,Whiteboard Dynamic Portals
T0004816,A00355,C0193,transfer,1093.06,2024-11-04,atm,Mesh Next-Generation Communities
T0004817,A00355,C0193,deposit,14247.08,06-03-2024,branch,Maximize Cross-Platform Models
T0004818,A00355,C0193,payment,2087.54,2023-12-19,mobile,Generate Visionary E-Services
T0004819,A00355,C0193,payment,439.26,2021-12-10,mobile,Engineer Cutting-Edge E-Services
T0004820,A00355,C0193,WITHDRAWAL,2262.27,2022-01-12,online,Cultivate Interactive Initiatives
T0004821,A00356,C0193,withdrawal,3498.69,2022-02-12,branch,Iterate Virtual Users
T0004822,A00356,C0193,DEPOSIT,10645.24,01-01-2024,atm,Innovate Turn-Key E-Markets
T0004823,A00356,C0193,deposit,4917.19,2021-11-13,mobile,Utilize Cross-Platform E-Services
T0004824,A00356,C0193,deposit,6383.71,2022-10-13,mobile,Maximize Customized Web-Readiness
T0004825,A00356,C0193,transfer,6861.97,2024-03-12,online,Synthesize Cutting-Edge Interfaces
T0004826,A00356,C0193,fee,44.87,12-18-2022,mobile,Innovate 24/7 Bandwidth
T0004827,A00356,C0193,deposit,14056.01,2022-06-14,atm,Syndicate Leading-Edge Interfaces
T0004828,A00356,C0193,TRANSFER,7720.68,2023-05-25,atm,Cultivate Rich Action-Items
T0004829,A00356,C0193,payment,2149.09,07-31-2022,mobile,Productize Wireless Deliverables
T0004830,A00356,C0193,deposit,12266.05,10-07-2023,online,Revolutionize B2B Synergies
T0004831,A00356,C0193,WITHDRAWAL,3722.1,2022-11-29,mobile,Disintermediate Clicks-And-Mortar Architectures
T0004832,A00356,C0193,withdrawal,7609.16,2024-09-28,online,Incubate B2B Infrastructures
T0004833,A00356,C0193,payment,633.2,2024-03-05,atm,Repurpose Frictionless Roi
T0004834,A00356,C0193,deposit,14621.44,2023-06-13,atm,Enhance Cross-Media Vortals
T0004835,A00356,C0193,payment,,2024-03-18,atm,Innovate Granular Infrastructures
T0004836,A00356,C0193,withdrawal,,2022-05-15,online,Strategize Bricks-And-Clicks Synergies
T0004837,A00356,C0193,TRANSFER,4525.76,07-31-2024,branch,Revolutionize Open-Source Users
T0004838,A00356,C0193,transfer,348.59,06-28-2023,branch,Grow Sticky Methodologies
T0004839,A00356,C0193,withdrawal,3573.46,2023-06-02,atm,Morph Wireless Networks
T0004840,A00356,C0193,deposit,7468.34,04-23-2023,branch,Orchestrate Intuitive Deliverables
T0004841,A00356,C0193,withdrawal,6251.62,04-26-2023,branch,Visualize Virtual Partnerships
T0004842,A00357,C0194,withdrawal,2059.12,09-28-2024,online,Maximize Global Vortals
T0004843,A00357,C0194,withdrawal,2361.51,05-11-2017,atm,Maximize Impactful Bandwidth
T0004844,A00357,C0194,deposit,12638.9,11-11-2023,branch,Engineer Revolutionary Schemas
T0004845,A00357,C0194,withdrawal,350.87,2020-03-11,mobile,Benchmark Real-Time Action-Items
T0004846,A00357,C0194,deposit,6536.41,06-11-2017,atm,Brand Front-End Users
T0004847,A00357,C0194,transfer,7834.44,03-18-2016,online,Cultivate Vertical Communities
T0004848,A00357,C0194,withdrawal,4016.86,03-08-2022,atm,Enable Robust Supply-Chains
T0004849,A00357,C0194,payment,1450.31,07-10-2022,atm,Exploit Robust Metrics
T0004850,A00357,C0194,deposit,10905.39,2017-06-17,branch,Scale Bleeding-Edge Web Services
T0004851,A00357,C0194,PAYMENT,1814.18,2019-02-08,online,E-Enable User-Centric Metrics
T0004852,A00357,C0194,payment,1436.1,01-10-2022,online,Unleash Dot-Com Mindshare
T0004853,A00357,C0194,transfer,418.29,2018-06-10,mobile,Envisioneer End-To-End Content
T0004854,A00357,C0194,transfer,3296.31,2024-12-29,online,Matrix Cross-Platform E-Business
T0004855,A00357,C0194,deposit,7602.57,10-18-2018,atm,Deliver Innovative Experiences
T0004856,A00357,C0194,deposit,815.88,2018-08-06,mobile,Evolve Front-End Convergence
T0004857,A00357,C0194,WITHDRAWAL,3621.95,2016-06-05,atm,Grow Ubiquitous Paradigms
T0004858,A00357,C0194,deposit,6240.7,03-01-2020,mobile,Scale Visionary Infrastructures
T0004859,A00357,C0194,transfer,3113.84,2016-12-23,branch,Seize Virtual Action-Items
T0004860,A00357,C0194,withdrawal,6476.9,2020-01-14,online,Productize Wireless Systems
T0004861,A00357,C0194,transfer,7060.5,2019-08-18,online,Synergize Compelling Solutions
T0004862,A00357,C0194,WITHDRAWAL,4149.88,04-30-2021,online,Incubate Viral Web-Readiness
T0004863,A00357,C0194,DEPOSIT,7156.9,03-04-2016,branch,Re-Contextualize Customized Niches
T0004864,A00357,C0194,payment,43.17,2021-12-21,atm,Synergize Intuitive E-Business
T0004865,A00357,C0194,DEPOSIT,6843.61,2019-04-04,mobile,Optimize Plug-And-Play Models
T0004866,A00358,C0194,fee,21.35,2018-08-17,mobile,Re-Intermediate Rich Architectures
T0004867,A00358,C0194,withdrawal,311.31,09-30-2015,branch,Incubate B2C E-Business
T0004868,A00358,C0194,deposit,6400.85,05-09-2020,branch,Maximize User-Centric Mindshare
T0004869,A00358,C0194,deposit,7271.55,2017-09-28,mobile,Synthesize B2C Channels
T0004870,A00358,C0194,deposit,12270.48,11-03-2022,mobile,Harness 24/365 Models
T0004871,A00358,C0194,payment,2715.24,2023-03-26,branch,Extend Robust Experiences
T0004872,A00358,C0194,transfer,3376.62,2017-06-04,mobile,Incubate Turn-Key Methodologies
T0004873,A00358,C0194,transfer,6213.29,2021-10-25,online,Mesh Clicks-And-Mortar Interfaces
T0004874,A00359,C0195,WITHDRAWAL,4066.39,06-06-2023,atm,Visualize Viral Methodologies
T0004875,A00359,C0195,WITHDRAWAL,2649.33,2020-10-21,online,Whiteboard Web-Enabled Relationships
T0004876,A00359,C0195,withdrawal,1657.86,09-14-2022,mobile,Streamline Real-Time Web-Readiness
T0004877,A00359,C0195,withdrawal,,2020-08-26,mobile,Repurpose Bricks-And-Clicks Architectures
T0004878,A00359,C0195,deposit,12665.33,2022-11-04,atm,Synergize Open-Source Methodologies
T0004879,A00359,C0195,payment,1914.03,2018-08-09,branch,Target Robust Web-Readiness
T0004880,A00359,C0195,payment,2086.46,2019-12-02,online,Innovate 24/7 Communities
T0004881,A00359,C0195,transfer,4497.05,2021-04-20,online,Empower Virtual Supply-Chains
T0004882,A00359,C0195,payment,2051.55,2024-06-21,mobile,Iterate Out-Of-The-Box Niches
T0004883,A00359,C0195,withdrawal,1663.34,2018-09-10,online,Morph Viral Deliverables
T0004884,A00359,C0195,withdrawal,1319.62,2019-02-21,online,Strategize Ubiquitous Applications
T0004885,A00359,C0195,deposit,12153.29,09-06-2023,branch,Strategize 24/365 Channels
T0004886,A00359,C0195,PAYMENT,249.48,2024-01-25,branch,Seize Distributed Roi
T0004887,A00359,C0195,deposit,2351.08,11-11-2023,atm,Whiteboard Interactive Functionalities
T0004888,A00359,C0195,TRANSFER,1882.38,2020-08-24,online,Enable Real-Time Interfaces
T0004889,A00359,C0195,transfer,7378.0,2023-06-29,mobile,E-Enable Magnetic Solutions
T0004890,A00359,C0195,transfer,1389.49,2021-10-24,atm,Incubate Sticky Supply-Chains
T0004891,A00359,C0195,deposit,10783.55,02-17-2020,branch,Strategize Frictionless Portals
T0004892,A00359,C0195,transfer,1914.49,05-03-2019,atm,Evolve World-Class Roi
T0004893,A00359,C0195,transfer,5125.07,2021-10-01,online,Incubate Cross-Platform Info-Mediaries
T0004894,A00359,C0195,deposit,11637.56,2019-08-17,mobile,Reinvent Cross-Platform Architectures
T0004895,A00359,C0195,deposit,5736.7,05-27-2023,branch,Leverage Frictionless Interfaces
T0004896,A00359,C0195,TRANSFER,6559.82,2019-01-27,mobile,Benchmark Magnetic E-Services
T0004897,A00359,C0195,deposit,3914.03,2020-06-27,branch,Facilitate Out-Of-The-Box Platforms
T0004898,A00360,C0195,WITHDRAWAL,4110.78,04-04-2021,atm,Enhance Sticky Schemas
T0004899,A00360,C0195,payment,2095.15,2021-05-28,online,Unleash Impactful Relationships
T0004900,A00360,C0195,transfer,910.94,2023-11-18,mobile,Disintermediate Proactive Experiences
T0004901,A00361,C0196,payment,1165.23,02-12-2024,mobile,Synthesize Back-End Architectures
T0004902,A00361,C0196,deposit,3365.82,2021-08-29,online,Iterate World-Class Web-Readiness
T0004903,A00361,C0196,PAYMENT,1587.83,04-29-2018,online,Re-Intermediate World-Class Models
T0004904,A00361,C0196,withdrawal,6810.29,2015-08-17,branch,Revolutionize Front-End Portals
T0004905,A00361,C0196,payment,1537.9,07-30-2024,atm,Enhance Clicks-And-Mortar Solutions
T0004906,A00361,C0196,deposit,6759.09,2014-06-28,online,Monetize 24/7 Methodologies
T0004907,A00361,C0196,withdrawal,7496.59,10-03-2015,branch,Productize Intuitive Initiatives
T0004908,A00361,C0196,transfer,359.4,2019-02-04,online,Redefine Compelling Metrics
T0004909,A00361,C0196,DEPOSIT,9455.1,10-02-2016,online,Syndicate Frictionless Markets
T0004910,A00361,C0196,transfer,6932.03,2020-04-11,online,Aggregate Open-Source Applications
T0004911,A00361,C0196,deposit,2295.83,2019-07-26,branch,Incentivize Real-Time Paradigms
T0004912,A00361,C0196,payment,1655.3,2021-03-17,atm,Evolve Bricks-And-Clicks E-Tailers
T0004913,A00361,C0196,deposit,7922.33,2023-10-24,online,Strategize Extensible Infrastructures
T0004914,A00361,C0196,payment,1378.35,2021-11-17,atm,Harness Distributed Bandwidth
T0004915,A00361,C0196,deposit,9720.35,2020-10-22,atm,Transform World-Class Vortals
T0004916,A00361,C0196,DEPOSIT,8120.56,2015-06-20,mobile,Aggregate Sticky E-Tailers
T0004917,A00361,C0196,transfer,916.42,2024-12-24,mobile,Drive Virtual Relationships
T0004918,A00361,C0196,DEPOSIT,12007.15,2024-02-06,mobile,Re-Intermediate Killer E-Markets
T0004919,A00361,C0196,deposit,8384.17,2018-11-13,branch,Syndicate Mission-Critical Action-Items
T0004920,A00361,C0196,deposit,9392.26,11-25-2023,mobile,Exploit Cutting-Edge Systems
T0004921,A00361,C0196,transfer,6439.63,2015-02-09,mobile,Iterate Turn-Key Paradigms
T0004922,A00361,C0196,TRANSFER,7061.26,2016-08-27,atm,Utilize Real-Time Eyeballs
T0004923,A00361,C0196,deposit,12055.88,06-29-2017,mobile,Scale Sticky Technologies
T0004924,A00361,C0196,transfer,5142.56,2021-07-16,atm,Revolutionize E-Business Paradigms
T0004925,A00362,C0196,payment,1458.81,2022-10-11,online,Revolutionize Synergistic Roi
T0004926,A00362,C0196,deposit,11049.98,2016-01-21,atm,Target Integrated E-Business
T0004927,A00362,C0196,transfer,5268.84,2024-03-26,atm,Mesh 24/7 Applications
T0004928,A00362,C0196,transfer,3004.0,2016-12-18,mobile,Mesh Collaborative Schemas
T0004929,A00362,C0196,deposit,1395.87,11-01-2021,branch,Streamline End-To-End Info-Mediaries
T0004930,A00362,C0196,WITHDRAWAL,2004.18,2017-08-23,branch,Implement Real-Time Relationships
T0004931,A00362,C0196,payment,1713.93,2021-04-30,mobile,Enable Web-Enabled Mindshare
T0004932,A00362,C0196,PAYMENT,2115.61,2024-05-16,branch,Mesh Cross-Media Interfaces
T0004933,A00362,C0196,withdrawal,6093.14,2021-12-26,online,Leverage Global Supply-Chains
T0004934,A00362,C0196,payment,888.0,2016-08-16,mobile,Engage Cutting-Edge E-Markets
T0004935,A00362,C0196,DEPOSIT,11484.58,2018-09-18,atm,Streamline World-Class Applications
T0004936,A00362,C0196,withdrawal,1794.0,2015-08-14,mobile,Deliver Next-Generation Systems
T0004937,A00362,C0196,WITHDRAWAL,651.69,2018-01-05,mobile,Incubate Visionary Niches
T0004938,A00362,C0196,withdrawal,7534.21,2024-01-01,online,Monetize Frictionless Channels
T0004939,A00362,C0196,payment,2482.94,2017-11-14,atm,Synthesize Cross-Platform Mindshare
T0004940,A00362,C0196,PAYMENT,1534.96,2024-07-27,branch,Facilitate Efficient Users
T0004941,A00362,C0196,withdrawal,5740.46,2016-06-23,mobile,Whiteboard Cross-Platform Applications
T0004942,A00362,C0196,DEPOSIT,5573.11,2020-09-25,mobile,Brand Bricks-And-Clicks Vortals
T0004943,A00362,C0196,deposit,3003.9,2019-10-03,branch,Generate Front-End Roi
T0004944,A00362,C0196,withdrawal,3061.65,09-25-2017,mobile,Deliver End-To-End Content
T0004945,A00362,C0196,TRANSFER,7761.84,2021-12-03,mobile,Re-Intermediate 24/7 Infrastructures
T0004946,A00362,C0196,transfer,,2018-04-30,atm,Exploit Cutting-Edge Supply-Chains
T0004947,A00362,C0196,payment,2903.69,07-03-2021,branch,Utilize Global Synergies
T0004948,A00362,C0196,TRANSFER,7611.5,2016-08-28,branch,Matrix Revolutionary Paradigms
T0004949,A00363,C0197,deposit,14420.63,12-10-2019,branch,Orchestrate Extensible Relationships
T0004950,A00363,C0197,withdrawal,3197.28,2011-07-06,mobile,Whiteboard Bleeding-Edge Applications
T0004951,A00363,C0197,TRANSFER,1431.83,2024-01-11,atm,Visualize Bleeding-Edge Partnerships
T0004952,A00363,C0197,transfer,4728.27,2019-09-20,branch,Incentivize End-To-End Experiences
T0004953,A00363,C0197,payment,1813.58,2024-06-13,branch,Matrix One-To-One Vortals
T0004954,A00363,C0197,WITHDRAWAL,4431.71,2016-02-04,mobile,Cultivate Turn-Key Partnerships
T0004955,A00363,C0197,withdrawal,3722.65,2020-03-25,mobile,Architect Clicks-And-Mortar Vortals
T0004956,A00363,C0197,transfer,2989.91,05-18-2021,mobile,Facilitate Compelling Paradigms
T0004957,A00363,C0197,withdrawal,1991.53,2011-07-17,branch,Mesh Best-Of-Breed Functionalities
T0004958,A00363,C0197,WITHDRAWAL,6938.13,05-11-2012,atm,Whiteboard Cutting-Edge Schemas
T0004959,A00363,C0197,payment,295.98,2024-11-24,branch,Extend Viral Methodologies
T0004960,A00363,C0197,withdrawal,1533.0,10-15-2024,online,Transform Front-End Content
T0004961,A00363,C0197,fee,23.11,09-25-2014,online,Envisioneer Integrated Architectures
T0004962,A00363,C0197,payment,,2011-05-13,online,Benchmark Holistic Eyeballs
T0004963,A00363,C0197,payment,448.91,2021-09-21,online,Synthesize Magnetic E-Commerce
T0004964,A00363,C0197,TRANSFER,5297.45,02-07-2018,online,Grow Visionary Technologies
T0004965,A00363,C0197,TRANSFER,4520.9,08-21-2017,branch,Visualize Transparent Eyeballs
T0004966,A00363,C0197,deposit,3101.67,2018-01-01,mobile,Extend Clicks-And-Mortar Channels
T0004967,A00363,C0197,deposit,9551.74,2018-06-21,mobile,Disintermediate Frictionless Relationships
T0004968,A00363,C0197,deposit,9212.82,03-26-2014,mobile,Envisioneer Best-Of-Breed Partnerships
T0004969,A00363,C0197,payment,1157.4,08-08-2018,branch,Mesh Killer Roi
T0004970,A00363,C0197,deposit,219.78,2014-04-20,branch,Unleash Sticky Channels
T0004971,A00363,C0197,withdrawal,1883.59,07-05-2012,branch,Aggregate Innovative Channels
T0004972,A00363,C0197,withdrawal,3886.14,12-16-2011,mobile,Aggregate B2B Experiences
T0004973,A00364,C0197,transfer,2102.93,11-11-2013,mobile,Implement Extensible E-Business
T0004974,A00364,C0197,PAYMENT,1709.47,05-16-2014,online,Evolve Leading-Edge Architectures
T0004975,A00364,C0197,withdrawal,1071.03,2019-11-13,online,Extend Value-Added Infrastructures
T0004976,A00364,C0197,withdrawal,2928.67,2013-06-23,online,Mesh Interactive E-Markets
T0004977,A00364,C0197,TRANSFER,3284.14,2021-08-17,mobile,Morph Holistic Communities
T0004978,A00364,C0197,withdrawal,3852.73,2024-05-23,atm,Architect Plug-And-Play Convergence
T0004979,A00364,C0197,withdrawal,6367.31,09-20-2011,atm,Utilize Frictionless Info-Mediaries
T0004980,A00364,C0197,deposit,10676.78,2022-07-29,atm,Strategize E-Business Web Services
T0004981,A00364,C0197,FEE,34.55,2016-08-16,mobile,Target Virtual Roi
T0004982,A00364,C0197,payment,299.83,2018-08-25,online,Productize Cross-Media Info-Mediaries
T0004983,A00364,C0197,WITHDRAWAL,1587.67,2022-09-11,branch,Target World-Class Portals
T0004984,A00364,C0197,WITHDRAWAL,7766.04,2013-03-18,online,Extend Bricks-And-Clicks Schemas
T0004985,A00364,C0197,withdrawal,6065.4,08-18-2016,branch,Whiteboard Real-Time Info-Mediaries
T0004986,A00364,C0197,deposit,5036.21,2012-07-29,online,Enable Enterprise Eyeballs
T0004987,A00364,C0197,deposit,7289.97,2024-10-25,branch,Cultivate Robust Vortals
T0004988,A00364,C0197,deposit,4509.14,2021-11-16,branch,Orchestrate E-Business Mindshare
T0004989,A00364,C0197,PAYMENT,938.42,2018-02-27,mobile,Transition Ubiquitous Architectures
T0004990,A00364,C0197,withdrawal,20.68,12-29-2017,atm,Productize Web-Enabled Platforms
T0004991,A00364,C0197,withdrawal,,2022-08-19,mobile,Strategize Scalable Schemas
T0004992,A00364,C0197,TRANSFER,2535.4,2014-06-15,online,Cultivate Viral Systems
T0004993,A00364,C0197,transfer,3774.08,2011-09-07,atm,Embrace Collaborative Roi
T0004994,A00365,C0198,transfer,588.91,2024-09-25,mobile,Optimize Ubiquitous Methodologies
T0004995,A00365,C0198,deposit,13787.83,2024-04-26,atm,Architect 24/365 Systems
T0004996,A00365,C0198,withdrawal,1926.36,2022-10-21,branch,Generate Killer Networks
T0004997,A00365,C0198,withdrawal,2789.96,2024-12-22,atm,Visualize Viral Web-Readiness
T0004998,A00365,C0198,withdrawal,7773.37,07-17-2023,online,Harness Viral Roi
T0004999,A00365,C0198,payment,1679.45,2024-04-01,atm,Orchestrate Killer E-Markets
T0005000,A00365,C0198,deposit,5227.44,2023-12-25,online,Matrix Frictionless Platforms
T0005001,A00365,C0198,transfer,781.58,08-06-2024,mobile,Drive Cutting-Edge Vortals
T0005002,A00365,C0198,deposit,12021.46,2023-04-14,mobile,Repurpose Intuitive Functionalities
T0005003,A00365,C0198,withdrawal,4826.17,2024-06-06,online,Monetize Web-Enabled Schemas
T0005004,A00366,C0198,transfer,6573.64,2023-03-12,online,Engage B2B Action-Items
T0005005,A00366,C0198,DEPOSIT,8838.09,2023-03-15,online,Productize Frictionless Vortals
T0005006,A00366,C0198,withdrawal,2507.83,2023-12-07,atm,Visualize Bricks-And-Clicks Action-Items
T0005007,A00366,C0198,FEE,16.19,2023-02-10,branch,Generate Best-Of-Breed Vortals
T0005008,A00366,C0198,deposit,8117.43,2023-07-24,branch,Engage Extensible Niches
T0005009,A00366,C0198,withdrawal,6156.18,09-16-2024,online,Deploy 24/7 Models
T0005010,A00366,C0198,withdrawal,7324.4,2023-09-24,mobile,Drive Plug-And-Play Models
T0005011,A00366,C0198,payment,1888.74,2024-12-23,online,Enhance Granular Interfaces
T0005012,A00366,C0198,withdrawal,4333.07,2024-11-28,branch,Envisioneer Interactive Web-Readiness
T0005013,A00366,C0198,withdrawal,4872.48,2024-02-28,atm,Maximize Open-Source Portals
T0005014,A00366,C0198,fee,22.2,2023-04-25,mobile,Cultivate Dot-Com Networks
T0005015,A00366,C0198,deposit,3095.67,2024-09-28,branch,Exploit Rich E-Business
T0005016,A00366,C0198,transfer,1074.57,2024-01-08,online,Unleash One-To-One Roi
T0005017,A00366,C0198,TRANSFER,3758.01,2023-08-05,atm,Productize Customized Metrics
T0005018,A00366,C0198,withdrawal,4067.69,2023-02-13,online,Transition Visionary Synergies
T0005019,A00366,C0198,withdrawal,4054.6,04-09-2024,mobile,Reinvent Virtual Systems
T0005020,A00366,C0198,transfer,347.39,03-07-2023,online,Optimize Granular Markets
T0005021,A00366,C0198,transfer,759.4,09-27-2024,atm,Facilitate Interactive Web Services
T0005022,A00366,C0198,deposit,3035.4,09-07-2023,branch,Productize Plug-And-Play Deliverables
T0005023,A00366,C0198,WITHDRAWAL,788.06,02-26-2024,atm,Redefine Rich Initiatives
T0005024,A00367,C0199,withdrawal,2756.42,01-10-2021,mobile,Architect Holistic Vortals
T0005025,A00367,C0199,DEPOSIT,1833.61,2018-11-03,mobile,Enable Interactive Channels
T0005026,A00367,C0199,DEPOSIT,6849.59,2014-02-27,branch,Orchestrate Proactive Methodologies
T0005027,A00367,C0199,deposit,3427.06,2016-09-22,mobile,Engineer Mission-Critical Channels
T0005028,A00367,C0199,WITHDRAWAL,7616.74,2013-08-04,atm,Generate Bricks-And-Clicks Interfaces
T0005029,A00367,C0199,deposit,10909.82,2019-09-06,online,Drive Scalable Schemas
T0005030,A00367,C0199,payment,2687.25,2016-07-09,online,Aggregate Virtual Paradigms
T0005031,A00367,C0199,transfer,2328.42,2023-05-22,online,Matrix Revolutionary Portals
T0005032,A00367,C0199,transfer,4621.1,01-13-2021,mobile,Engineer Holistic Metrics
T0005033,A00367,C0199,payment,2993.43,2024-05-01,branch,Exploit Plug-And-Play Deliverables
T0005034,A00367,C0199,deposit,4934.42,2022-07-28,mobile,Deliver Visionary Convergence
T0005035,A00367,C0199,withdrawal,7810.26,06-30-2013,branch,Innovate Best-Of-Breed Relationships
T0005036,A00367,C0199,deposit,8042.58,01-20-2022,online,Repurpose Synergistic Roi
T0005037,A00367,C0199,WITHDRAWAL,6507.38,05-05-2016,mobile,Incentivize Impactful Markets
T0005038,A00367,C0199,deposit,5854.51,2013-07-26,mobile,Exploit Revolutionary Solutions
T0005039,A00367,C0199,WITHDRAWAL,6504.56,2014-07-09,mobile,Utilize Efficient Content
T0005040,A00367,C0199,deposit,5967.36,09-27-2018,mobile,Incentivize Integrated Experiences
T0005041,A00367,C0199,WITHDRAWAL,1051.54,2013-08-15,online,Evolve World-Class Initiatives
T0005042,A00367,C0199,deposit,169.81,2023-01-20,online,Target Innovative Convergence
T0005043,A00367,C0199,payment,1764.06,09-05-2013,online,E-Enable Granular E-Tailers
T0005044,A00367,C0199,deposit,,2017-02-17,online,Cultivate E-Business Web-Readiness
T0005045,A00367,C0199,withdrawal,205.98,2016-08-23,atm,Revolutionize B2C Experiences
T0005046,A00367,C0199,deposit,,2021-01-13,mobile,Maximize Frictionless Applications
T0005047,A00367,C0199,WITHDRAWAL,5574.99,10-03-2021,atm,Extend Cross-Media Web Services
T0005048,A00367,C0199,PAYMENT,1727.69,2018-08-15,branch,Utilize E-Business Content
T0005049,A00368,C0199,deposit,10763.29,05-17-2014,mobile,Aggregate Compelling Niches
T0005050,A00368,C0199,deposit,14506.77,05-28-2014,atm,Visualize Dynamic Markets
T0005051,A00368,C0199,payment,1988.14,2024-06-30,atm,Re-Intermediate 24/365 Synergies
T0005052,A00368,C0199,fee,31.57,2019-07-28,branch,Maximize Next-Generation Info-Mediaries
T0005053,A00368,C0199,withdrawal,5982.39,2014-06-04,atm,Evolve Best-Of-Breed Methodologies
T0005054,A00368,C0199,payment,683.14,2019-11-03,online,Benchmark Rich Infrastructures
T0005055,A00368,C0199,withdrawal,5052.36,2016-03-24,online,Expedite One-To-One Eyeballs
T0005056,A00368,C0199,WITHDRAWAL,2816.12,2022-03-04,branch,Strategize Scalable Functionalities
T0005057,A00368,C0199,payment,2537.35,10-18-2019,atm,Orchestrate B2C Initiatives
T0005058,A00368,C0199,FEE,12.06,2022-05-15,branch,Architect Granular Initiatives
T0005059,A00368,C0199,deposit,7425.19,10-05-2021,mobile,Cultivate Ubiquitous E-Markets
T0005060,A00368,C0199,withdrawal,,2014-08-12,online,Target Global Markets
T0005061,A00368,C0199,fee,,2018-09-14,mobile,Embrace E-Business Initiatives
T0005062,A00368,C0199,WITHDRAWAL,3396.0,2016-07-27,mobile,Embrace Enterprise Interfaces
T0005063,A00368,C0199,deposit,,2013-09-03,branch,Transform End-To-End Roi
T0005064,A00368,C0199,payment,1224.25,11-23-2022,branch,Integrate 24/7 E-Business
T0005065,A00368,C0199,withdrawal,7954.56,2017-11-07,atm,Drive Robust Systems
T0005066,A00368,C0199,withdrawal,586.63,09-28-2024,branch,Enable Cross-Platform Web Services
T0005067,A00368,C0199,DEPOSIT,3494.47,2013-07-15,online,Extend Visionary Action-Items
T0005068,A00368,C0199,withdrawal,769.24,12-06-2022,mobile,Aggregate Killer Paradigms
T0005069,A00369,C0200,WITHDRAWAL,4585.21,2023-07-02,atm,Envisioneer Dynamic E-Commerce
T0005070,A00369,C0200,deposit,4568.22,2022-11-21,branch,Synergize Cross-Platform E-Tailers
T0005071,A00369,C0200,transfer,2474.57,2023-03-20,atm,Incubate Value-Added Web Services
T0005072,A00369,C0200,TRANSFER,7749.66,2022-09-07,atm,Reinvent Ubiquitous Experiences
T0005073,A00369,C0200,deposit,12184.17,2023-02-15,mobile,Matrix Seamless Deliverables
T0005074,A00369,C0200,DEPOSIT,10854.09,02-29-2024,online,Transform B2C Technologies
T0005075,A00369,C0200,PAYMENT,249.06,2024-02-18,mobile,Reinvent Mission-Critical Infrastructures
T0005076,A00369,C0200,fee,47.15,2023-09-30,mobile,Envisioneer Vertical Schemas
T0005077,A00369,C0200,deposit,,02-26-2024,online,Innovate Impactful Functionalities
T0005078,A00370,C0200,DEPOSIT,,2022-11-23,mobile,Mesh Global Supply-Chains
T0005079,A00370,C0200,transfer,4485.34,12-23-2022,mobile,Cultivate Value-Added Networks
T0005080,A00370,C0200,FEE,21.84,2023-10-09,mobile,Repurpose World-Class Channels
T0005081,A00370,C0200,transfer,7765.14,2022-05-17,mobile,Orchestrate Front-End Architectures
T0005082,A00370,C0200,withdrawal,5853.67,2024-08-11,atm,Enable Vertical Applications
T0005083,A00370,C0200,payment,2419.07,12-03-2022,online,Aggregate Bricks-And-Clicks Convergence
T0005084,A00370,C0200,deposit,431.72,2023-10-26,atm,Drive Enterprise Partnerships
T0005085,A00370,C0200,withdrawal,1751.77,2023-06-13,branch,Exploit Clicks-And-Mortar E-Tailers
T0005086,A00370,C0200,transfer,5594.85,2024-03-03,branch,Unleash Cross-Media Channels
T0005087,A00370,C0200,transfer,1698.46,06-10-2024,mobile,Revolutionize Rich Web-Readiness
T0005088,A00370,C0200,DEPOSIT,2831.35,2023-01-18,branch,Revolutionize Mission-Critical E-Services
T0005089,A00370,C0200,DEPOSIT,2499.79,2023-02-20,mobile,Target 24/7 Eyeballs
T0005090,A00370,C0200,payment,2892.81,2024-11-09,mobile,Empower Dynamic E-Commerce
T0005091,A00370,C0200,payment,1961.7,2023-12-20,atm,Re-Contextualize Synergistic Schemas
T0005092,A00370,C0200,withdrawal,7349.2,2022-09-13,branch,Harness Bricks-And-Clicks Architectures
T0005093,A00370,C0200,transfer,6942.38,2022-11-12,branch,Monetize End-To-End E-Tailers
T0005094,A00370,C0200,deposit,10305.86,2022-05-14,online,Iterate Proactive Portals
T0005095,A00370,C0200,DEPOSIT,10346.66,2023-11-07,online,Optimize B2C Web-Readiness
T0005096,A00370,C0200,WITHDRAWAL,,2022-06-02,branch,Orchestrate Compelling Markets
T0005097,A00370,C0200,deposit,2117.59,09-07-2023,atm,Brand 24/7 Relationships
T0005098,A00370,C0200,transfer,4845.11,2023-08-16,branch,Re-Intermediate Granular Info-Mediaries
T0005099,A00370,C0200,transfer,6401.57,2024-09-23,mobile,Enhance Rich Niches
T0005100,A00370,C0200,payment,2587.43,03-02-2023,atm,Streamline Frictionless Metrics
T0005101,A00370,C0200,deposit,,2024-08-06,mobile,Re-Intermediate Leading-Edge Systems
T0005102,A00370,C0200,payment,1333.27,2022-05-25,mobile,Drive Strategic E-Commerce
